family,policy,param,n,err_rel_tol_mean,err_lo,err_hi,success_rate,cost_frac_fine,wall_mean,false_safe_rate
id,uniform_coarse,0.0,720,16.48356441498859,14.933356033779603,18.268660577449975,0.20277777777777778,0.020976697395613777,0.5290220236584092,1.0
id,uniform_medium,1.0,720,2.732706702609333,1.9597768704147729,3.8324838744245584,0.44305555555555554,0.06138876398493412,0.2735849508319714,1.0
id,uniform_fine,2.0,720,0.00030220365038740205,0.00020049432005471427,0.00043601364235310014,1.0,1.0,5.978854948180586,0.0
id,random,0.0,720,2.732706702609333,1.9597768704147729,3.8324838744245584,0.44305555555555554,0.06138876398493412,0.2735849508319714,1.0
id,random,1.0,720,2.2645563399161968,1.4878398891449651,3.354006788243488,0.5583333333333333,0.2220039167529092,1.3154760739430458,0.0
id,random,2.0,720,1.7640447567599922,1.0438846416200853,2.894861921602436,0.6902777777777778,0.4101260586170511,2.395983461040239,0.0
id,random,3.0,720,0.5446806344845123,0.4114823008866648,0.6628583756081531,0.8430555555555556,0.6856668661022284,4.209359966129123,0.0
id,random,4.0,720,0.00030220365038740205,0.00020049432005471427,0.00043601364235310014,1.0,1.0,5.978854948180586,0.0
id,share,0.0,720,2.732706702609333,1.9597768704147729,3.8324838744245584,0.44305555555555554,0.06138876398493412,0.2735849508319714,1.0
id,share,1.0,720,1.133601642752685,0.9824058817239366,1.3228068290922936,0.6541666666666667,0.1904433504622461,1.2472338322028615,0.0
id,share,2.0,720,0.5165286630740898,0.4182250501610833,0.628749898494695,0.8236111111111111,0.4015846588461852,1.6782890976888818,0.0
id,share,3.0,720,0.4480865172212282,0.3614453030154314,0.5598658724031179,0.8472222222222222,0.47517973929972784,1.9590183907541763,0.0
id,share,4.0,720,0.00030220365038740205,0.00020049432005471427,0.00043601364235310014,1.0,1.0613887639849342,6.252439899012557,0.0
id,discrepancy,0.01,720,0.040832613153782685,0.009130391521266107,0.11985713909025987,0.9958333333333333,1.0243582925315522,6.584623710191711,0.0
id,discrepancy,0.020000000000000004,720,0.07067680036284571,0.015741769376566874,0.15412457700587678,0.9930555555555556,1.0089925012556622,6.512419031659874,0.0
id,discrepancy,0.030000000000000006,720,0.07446398812894886,0.019713770802128414,0.15838780596223095,0.9930555555555556,0.9772300647282748,6.444557418029358,0.0
id,discrepancy,0.04000000000000001,720,0.07446404275153827,0.019713803787065887,0.15838785965278415,0.9930555555555556,0.9322848404045636,6.365168613365419,0.0
id,discrepancy,0.05000000000000001,720,0.10368323419451582,0.03249800560369793,0.19374573713031976,0.9902777777777778,0.9166111118720086,6.281249620712682,0.0
id,discrepancy,0.06000000000000001,720,0.143834520960126,0.058362770405477965,0.2582240574629731,0.9833333333333333,0.8975110137217698,6.110203546026559,0.0
id,discrepancy,0.07,720,0.17386512040182492,0.0812151027319628,0.30313010921443434,0.9777777777777777,0.8794639997420759,5.9981348924849,0.012468827930174564
id,discrepancy,0.08,720,0.1738655170403321,0.08121570904302847,0.30313047743022287,0.9777777777777777,0.8694336256818427,5.975688296855722,0.012468827930174564
id,discrepancy,0.09000000000000001,720,0.17446709733439164,0.08189226609373566,0.3038522085740122,0.9777777777777777,0.8548161652006023,5.916576329562607,0.012468827930174564
id,discrepancy,0.1,720,0.18122920972814427,0.08938143645311997,0.3100692333016849,0.975,0.850128227210684,5.8848260279237214,0.012468827930174564
id,discrepancy,0.15,720,0.30164878061117484,0.20573139584136713,0.4379557729048985,0.925,0.8112679624965935,5.7650468725848745,0.017456359102244388
id,discrepancy,0.19999999999999998,720,0.3292088474245673,0.2308716186732658,0.46998814749448964,0.9138888888888889,0.7872947774302677,5.718907037550151,0.017456359102244388
id,discrepancy,0.25,720,0.34077275525780376,0.24192870944320144,0.4784708026653114,0.9111111111111111,0.7783156101842512,5.666744685783487,0.017456359102244388
id,discrepancy,0.3,720,0.3540323884607319,0.257280784316347,0.4928374227389354,0.9055555555555556,0.7683591047555778,5.654671052389009,0.017456359102244388
id,discrepancy,0.35,720,0.392914909432587,0.28761241195782344,0.5331187251772379,0.8888888888888888,0.7515987068599694,5.622276406898694,0.022443890274314215
id,discrepancy,0.39999999999999997,720,0.42429577870967944,0.3163394808990367,0.5701864766401518,0.8805555555555555,0.7367625367729491,5.606707181779135,0.022443890274314215
id,discrepancy,0.44999999999999996,720,0.4592574951097411,0.34626561934686007,0.608533255443116,0.8763888888888889,0.7274873679978908,5.5977046978874565,0.022443890274314215
id,discrepancy,0.5,720,0.49081836881914204,0.3744829184947268,0.6410534966760987,0.8680555555555556,0.7213840869069477,5.566387859341573,0.022443890274314215
id,discrepancy,0.5499999999999999,720,0.5102885021083314,0.3943170357251453,0.6580831498718243,0.8625,0.7137129952563621,5.524983223713783,0.02743142144638404
id,discrepancy,0.6,720,0.5248088478485342,0.4071376019707871,0.6758899745786325,0.8541666666666666,0.7063397316697967,5.514808817392941,0.04239401496259352
id,discrepancy,0.6499999999999999,720,0.5295841374433279,0.41177183889022595,0.6800055269134233,0.8527777777777777,0.701451199564874,5.508487016005453,0.04488778054862843
id,discrepancy,0.7,720,0.529584175956982,0.41177186581847425,0.6800055720905783,0.8527777777777777,0.6962930708005182,5.470407378269353,0.04488778054862843
id,discrepancy,0.75,720,0.5567520039738678,0.43904639001305035,0.7089665163066705,0.8444444444444444,0.6828323074839352,5.409152664041565,0.05236907730673317
id,discrepancy,0.7999999999999999,720,0.6264695071109714,0.49611667978861884,0.77811800655644,0.8291666666666667,0.6667498133006137,5.3235170165221515,0.07481296758104738
id,discrepancy,0.85,720,0.6696723303346072,0.5489476544780261,0.8281760841437472,0.8194444444444444,0.6522992925802671,5.264165304724914,0.09725685785536159
id,discrepancy,0.8999999999999999,720,0.6944364763214019,0.5726005998295757,0.8483804194353187,0.8138888888888889,0.6450353023572701,5.219960371802714,0.10723192019950124
id,discrepancy,0.95,720,0.7153275530731467,0.5912499834366717,0.8749502156440588,0.8097222222222222,0.6381585932171198,5.21276295651521,0.12468827930174564
id,sensitivity,0.01,720,0.594330719708687,0.47095728061118464,0.7324380357416764,0.8305555555555556,0.6307545708735991,4.636353639676776,0.2942643391521197
id,sensitivity,0.020000000000000004,720,0.705378524306673,0.5638861809512821,0.8650502037654503,0.8194444444444444,0.6222672978194901,4.474226805700411,0.2942643391521197
id,sensitivity,0.030000000000000006,720,0.7977718651957334,0.6567314726129612,0.9482463656946803,0.8097222222222222,0.6153573943517265,4.37509615468653,0.2942643391521197
id,sensitivity,0.04000000000000001,720,0.8307058046848934,0.6816058093064045,0.9819260838969065,0.8055555555555556,0.6094631752257065,4.29636638339069,0.2942643391521197
id,sensitivity,0.05000000000000001,720,0.8596933617661834,0.72085293370682,1.014928824453519,0.8027777777777778,0.6051306000484601,4.237013378600412,0.2942643391521197
id,sensitivity,0.06000000000000001,720,0.8728469162134492,0.7253807741499902,1.0298812855313906,0.8,0.5947935113960654,4.070437233205995,0.2942643391521197
id,sensitivity,0.07,720,0.9279469676543111,0.7752841025843974,1.0896162706616128,0.7930555555555555,0.5884292714829502,3.954992904678213,0.2942643391521197
id,sensitivity,0.08,720,0.9456833186288883,0.7889302633854259,1.117823969689963,0.7916666666666666,0.5822801608476936,3.86072958895322,0.2942643391521197
id,sensitivity,0.09000000000000001,720,0.963668921063257,0.7997191370409789,1.1408466409402032,0.7902777777777777,0.5810203751228302,3.843436821744864,0.2942643391521197
id,sensitivity,0.1,720,0.9640422886264008,0.7998296867587696,1.1412471759942797,0.7902777777777777,0.5761639512211916,3.7584530990990412,0.2942643391521197
id,sensitivity,0.15,720,1.0359373201819164,0.8595066681288728,1.2268701861651272,0.7847222222222222,0.5664967759154507,3.6057340989490565,0.2942643391521197
id,sensitivity,0.19999999999999998,720,1.0906489694545372,0.9028832815097484,1.3207831528022294,0.7805555555555556,0.5561258307817906,3.496642062164301,0.2942643391521197
id,sensitivity,0.25,720,1.098985527567376,0.9076412762575282,1.3292091169469136,0.7777777777777778,0.5494789974413475,3.422185511608753,0.2942643391521197
id,sensitivity,0.3,720,1.1130065646485283,0.9282102401194228,1.3382485405014448,0.7763888888888889,0.5469596919577258,3.394164746240681,0.2942643391521197
id,sensitivity,0.35,720,1.1137412632188477,0.9290323224031669,1.3390968892905446,0.7763888888888889,0.5449670546038665,3.3807561913934783,0.2942643391521197
id,sensitivity,0.39999999999999997,720,1.1140936565815502,0.9295470816409153,1.3392692962415962,0.7763888888888889,0.5435913040902496,3.369059215678226,0.2942643391521197
id,sensitivity,0.44999999999999996,720,1.1378936315496775,0.9461976348371588,1.3617949611043227,0.775,0.5414915863124722,3.3453718636907324,0.2942643391521197
id,sensitivity,0.5,720,1.158726969066431,0.9635830427879238,1.406191685499537,0.7736111111111111,0.5403964468820738,3.331042255078228,0.2942643391521197
id,sensitivity,0.5499999999999999,720,1.1590205205463222,0.9639380854477799,1.4065893358890562,0.7736111111111111,0.5387977761008358,3.3145135325657367,0.2942643391521197
id,sensitivity,0.6,720,1.1595821354759368,0.9647664674689611,1.4071228700721898,0.7736111111111111,0.5383109064386702,3.309367605071293,0.2942643391521197
id,sensitivity,0.6499999999999999,720,1.1595822093977335,0.9647665412920969,1.4071229447856246,0.7736111111111111,0.5370620812311127,3.3001350966685146,0.2942643391521197
id,sensitivity,0.7,720,1.159582207325544,0.9647665402041974,1.4071229447856246,0.7736111111111111,0.5368308571091579,3.2967417614587955,0.2942643391521197
id,sensitivity,0.75,720,1.159582207220595,0.9647665398052402,1.407122944927113,0.7736111111111111,0.5365309203829582,3.292798542024083,0.2942643391521197
id,sensitivity,0.7999999999999999,720,1.1595822079172782,0.9647665412334405,1.4071229452928717,0.7736111111111111,0.5362456875907095,3.2890374488338034,0.2942643391521197
id,sensitivity,0.85,720,1.159582205944727,0.964766540709582,1.4071229441690298,0.7736111111111111,0.5359964411004946,3.2850223804935266,0.2942643391521197
id,sensitivity,0.8999999999999999,720,1.1850451690351747,0.9867987576102969,1.4311214088737583,0.7722222222222223,0.535465512447134,3.276375253276865,0.2942643391521197
id,sensitivity,0.95,720,1.1896017813949231,0.9912125243816684,1.4352438162441887,0.7694444444444445,0.5348789673765582,3.2691775217685364,0.2942643391521197
id,novelty,0.5,720,1.0449574400508792,0.8848446443904331,1.2156670788226407,0.7,0.5241702868009243,3.8202163515624408,0.44139650872817954
id,novelty,0.75,720,2.1804497745335283,1.446366600599593,3.3304965707743954,0.5819444444444445,0.3099504471268458,2.3916938026917354,0.6633416458852868
id,novelty,0.9,720,2.411779011776738,1.6476831244723238,3.5526618658006135,0.5180555555555556,0.20762545271973465,1.6614343950417303,0.8054862842892768
id,novelty,0.95,720,2.5964640200938303,1.8089031410204297,3.6915432655743707,0.4791666666666667,0.1461901228948224,1.1282294610000008,0.885286783042394
id,novelty,0.99,720,2.66927273650656,1.897224778749606,3.7872867995741517,0.46111111111111114,0.09465493515457955,0.6909563252972475,0.9501246882793017
id,uncertainty,0.01,720,0.0003001546238309679,0.00019931002631642545,0.0004300895593600595,1.0,0.9618578313027639,5.91625476823618,0.0
id,uncertainty,0.020000000000000004,720,0.00031243418997922744,0.00021027217487559952,0.00044116334691819003,1.0,0.8947543410535184,5.624428901609786,0.0
id,uncertainty,0.030000000000000006,720,0.0003920766542583489,0.00022709562197510618,0.0006078833294639396,1.0,0.853722529467996,5.381911852066747,0.0
id,uncertainty,0.04000000000000001,720,0.0003974577844021015,0.0002311426688416491,0.0006118137353831759,1.0,0.8202382499597475,5.198415593772309,0.0
id,uncertainty,0.05000000000000001,720,0.002435061701642846,0.0003278375788015314,0.006312227594348379,0.9986111111111111,0.788370632884563,4.950819613873632,0.0
id,uncertainty,0.06000000000000001,720,0.0025147534005381523,0.0003796470965694232,0.006427899434165295,0.9986111111111111,0.7653330910215026,4.754319453252841,0.0
id,uncertainty,0.07,720,0.004481607924468472,0.0006025022736285338,0.010218807952671714,0.9972222222222222,0.746758122010263,4.620234612791738,0.0
id,uncertainty,0.08,720,0.00449380673790227,0.0006104348982568559,0.010230220743117758,0.9972222222222222,0.7268349234527988,4.481826304440356,0.0
id,uncertainty,0.09000000000000001,720,0.0239797746621599,0.0035310145101397536,0.05795658385692944,0.9944444444444445,0.7087091620403574,4.2844448822973344,0.0
id,uncertainty,0.1,720,0.02537054479798929,0.00456450834326894,0.05897653264388609,0.9944444444444445,0.6937857464725583,4.149522017632039,0.0
id,uncertainty,0.15,720,0.0424316609144719,0.014460678538204192,0.08315115806708481,0.9875,0.6413248875324966,3.6435797481042704,0.0
id,uncertainty,0.19999999999999998,720,0.05849762638679747,0.026740484614101483,0.10314790155522724,0.9791666666666666,0.5939304273851737,3.1149562108848636,0.0
id,uncertainty,0.25,720,0.07895264089909258,0.03986832216486784,0.12689883587409445,0.9708333333333333,0.5584378720991535,2.8297927022140357,0.0
id,uncertainty,0.3,720,0.08682480856979516,0.04806809955529599,0.1339506551886473,0.9680555555555556,0.539200929328661,2.667824605008501,0.0
id,uncertainty,0.35,720,0.10281526629078264,0.057256980131444424,0.1590969356815723,0.9652777777777778,0.5153267167805657,2.480207250672407,0.0
id,uncertainty,0.39999999999999997,720,0.12480388409409836,0.07666495919857687,0.18622458499377398,0.9569444444444445,0.4935226883577362,2.297859337776577,0.0
id,uncertainty,0.44999999999999996,720,0.13174684173862267,0.08594320968189596,0.19351391861368997,0.9527777777777777,0.4819494190616884,2.169627018383512,0.0
id,uncertainty,0.5,720,0.13423480192642942,0.08846167131940938,0.19587998454875927,0.9513888888888888,0.4696763114519271,2.0997654777085244,0.0
id,uncertainty,0.5499999999999999,720,0.13590160822068126,0.09071171630139549,0.19805144438809508,0.9513888888888888,0.4581973840245469,2.0135350432140817,0.0
id,uncertainty,0.6,720,0.14264041708985364,0.09778501395987162,0.20503064272831392,0.9486111111111111,0.44643778694660924,1.9291355637418797,0.0
id,uncertainty,0.6499999999999999,720,0.14955890915911885,0.10571008637800895,0.2140167829474941,0.9458333333333333,0.43813942495415764,1.8955671397502,0.0
id,uncertainty,0.7,720,0.15488063059497773,0.11027790319487171,0.221645974110222,0.9430555555555555,0.4281495462758776,1.847468615369654,0.0
id,uncertainty,0.75,720,0.16184857798105337,0.11725374039375068,0.22902507135262468,0.9402777777777778,0.422680025858004,1.8168355745988114,0.0
id,uncertainty,0.7999999999999999,720,0.16583397650787987,0.12118455349331421,0.23303202273664794,0.9388888888888889,0.41809740207059903,1.8052567760307636,0.0
id,uncertainty,0.85,720,0.16808252801466067,0.12266807406254598,0.2350277470833013,0.9388888888888889,0.4113327955342844,1.7614625666154855,0.0
id,uncertainty,0.8999999999999999,720,0.17412557233968037,0.12903198064973284,0.24283797659707917,0.9375,0.408482041015084,1.7441263520710386,0.0
id,uncertainty,0.95,720,0.1792219099861321,0.13353592559143343,0.24938409578599033,0.9347222222222222,0.40408302827937653,1.723999596547416,0.0
id,uncertainty_per_cost,0.0,720,0.00030220365038740205,0.00020049432005471427,0.00043601364235310014,1.0,1.0613887639849342,6.252439899012557,0.0
id,uncertainty_per_cost,1e-08,720,0.0003877645388179265,0.00022723833548895234,0.0005975731325521952,1.0,1.044431107928924,5.954622842632004,0.0
id,uncertainty_per_cost,1.333521432163324e-08,720,0.00039705234274774713,0.0002339669351145866,0.0006068803571464075,1.0,1.0350110192004558,5.775014853384801,0.0
id,uncertainty_per_cost,1.7782794100389228e-08,720,0.0005160543910573995,0.00031280677411326963,0.0007925197893148857,1.0,1.022034991592917,5.546366120057024,0.0
id,uncertainty_per_cost,2.371373705661655e-08,720,0.0009342034939066412,0.00035731106041392383,0.0018279300706934374,1.0,1.0030364380150025,5.2879969434639555,0.0
id,uncertainty_per_cost,3.162277660168379e-08,720,0.001312917920645018,0.000634666019466968,0.0022901180261144763,1.0,0.9726938242948046,4.830112726133403,0.0
id,uncertainty_per_cost,4.2169650342858225e-08,720,0.0013200316375346478,0.0006442321992808068,0.00229632123027828,1.0,0.9532187338060674,4.572978263002844,0.0
id,uncertainty_per_cost,5.6234132519034905e-08,720,0.0017166908891001191,0.0008444716877221738,0.002885554832413484,1.0,0.9115290790626803,4.142562627979214,0.0
id,uncertainty_per_cost,7.498942093324559e-08,720,0.005525089405568799,0.0011291460048282918,0.013286096394383268,0.9986111111111111,0.8722223571173514,3.670203422944481,0.0
id,uncertainty_per_cost,1e-07,720,0.009141437074727551,0.002528493696100168,0.0180797007323738,0.9972222222222222,0.8444600479956651,3.4154191287264135,0.0
id,uncertainty_per_cost,1.333521432163324e-07,720,0.01565486623614325,0.006238858263269869,0.028307016807680052,0.9930555555555556,0.8092847351596907,3.1651744749125252,0.0
id,uncertainty_per_cost,1.7782794100389227e-07,720,0.027080030959936035,0.01385378742859021,0.0441349270404387,0.9916666666666667,0.7567739587038127,2.87652279514726,0.0
id,uncertainty_per_cost,2.3713737056616554e-07,720,0.05097246383556089,0.02772721050988048,0.07982743003324441,0.9833333333333333,0.7076558314815765,2.637279977283389,0.004987531172069825
id,uncertainty_per_cost,3.162277660168379e-07,720,0.0913307987824451,0.052551940031929444,0.13772922727072037,0.9736111111111111,0.6589333128599053,2.340284449001476,0.007481296758104738
id,uncertainty_per_cost,4.2169650342858225e-07,720,0.10536503767367636,0.06467576202525437,0.15619704290651587,0.9680555555555556,0.6008470442769154,2.081133768795972,0.012468827930174564
id,uncertainty_per_cost,5.62341325190349e-07,720,0.13212549307169172,0.09307426163560757,0.18412376785819123,0.9583333333333334,0.5506603206476962,1.7903884887236876,0.012468827930174564
id,uncertainty_per_cost,7.498942093324558e-07,720,0.1784769894756441,0.13303791261901463,0.2409525783739992,0.9430555555555555,0.5053812886271742,1.6070520401361592,0.02493765586034913
id,uncertainty_per_cost,1e-06,720,0.23333279613686103,0.18141909984030175,0.2970454350613934,0.9208333333333333,0.4642168183816892,1.3986268818903984,0.04738154613466334
id,uncertainty_per_cost,1.333521432163324e-06,720,0.2808523151363124,0.2265434841071557,0.3492643049532836,0.9013888888888889,0.40904931890276597,1.2340080355222907,0.08229426433915212
id,uncertainty_per_cost,1.7782794100389227e-06,720,0.3532531755596296,0.2940141359600277,0.41548376627355754,0.8708333333333333,0.3587152381494636,1.0574953500931163,0.1396508728179551
id,uncertainty_per_cost,2.3713737056616552e-06,720,0.44845835031180525,0.3805204337409489,0.5208680725175229,0.8333333333333334,0.30520407719538245,0.9135328048472982,0.19201995012468828
id,uncertainty_per_cost,3.162277660168379e-06,720,0.6041330622067397,0.5054384544804332,0.7105426354515032,0.7847222222222222,0.26049381842521213,0.7846257305751048,0.26683291770573564
id,uncertainty_per_cost,4.216965034285822e-06,720,0.7876205283288252,0.6714711858497616,0.8971533513173374,0.7375,0.2274949250911108,0.6906824252029158,0.3491271820448878
id,uncertainty_per_cost,5.623413251903491e-06,720,1.1325903726912274,0.9848374841533877,1.2712687031205843,0.6763888888888889,0.1817235651857536,0.5431046301487338,0.4837905236907731
id,uncertainty_per_cost,7.498942093324558e-06,720,1.2635543019760822,1.1093789661765252,1.41646896895456,0.6416666666666667,0.15837788309494974,0.4998948186098106,0.5561097256857855
id,uncertainty_per_cost,9.999999999999999e-06,720,1.4825333139824182,1.3250739832329284,1.6442563611170773,0.5847222222222223,0.12725673269712298,0.43233376433199233,0.6658354114713217
id,uncertainty_per_cost,1.333521432163324e-05,720,1.6545977118346458,1.4863960322944734,1.8436371738113808,0.5444444444444444,0.10891344190414741,0.3847244474778209,0.7680798004987531
id,uncertainty_per_cost,1.778279410038923e-05,720,1.8090361612199837,1.6351349862412077,2.042255209510745,0.5125,0.09386627290890992,0.3468835392861264,0.8428927680798005
id,uncertainty_per_cost,2.3713737056616554e-05,720,1.9114883849877167,1.7096911753532686,2.165997992315431,0.4930555555555556,0.0863465886555619,0.3295476349847326,0.8753117206982544
id,uncertainty_per_cost,3.1622776601683795e-05,720,1.973268357709769,1.7707932782916296,2.2391087831462775,0.4708333333333333,0.07909709332151434,0.3167107427611326,0.9276807980049875
id,uncertainty_per_cost,4.216965034285822e-05,720,1.9955839008690917,1.791562495764701,2.258927292754058,0.4625,0.0746675849128333,0.3056816978541974,0.9476309226932669
id,uncertainty_per_cost,5.623413251903491e-05,720,2.020272101182708,1.8126403862041476,2.283293500027671,0.4583333333333333,0.07153372809230849,0.29801282435698034,0.9600997506234414
id,uncertainty_per_cost,7.498942093324559e-05,720,2.053149380510169,1.8390215045410805,2.318134104687801,0.45416666666666666,0.06796296591823345,0.29270808336392395,0.970074812967581
id,uncertainty_per_cost,0.0001,720,2.10123996745511,1.8825083627051042,2.378928800671034,0.4486111111111111,0.06488398177929774,0.2829486183861415,0.9775561097256857
id,uncertainty_per_cost,0.0001333521432163324,720,2.1041193712491477,1.8838760795072722,2.381952174654774,0.44722222222222224,0.06470373173229643,0.2828053578597519,0.9800498753117207
id,uncertainty_per_cost,0.00017782794100389227,720,2.6908941991744184,1.91796436770316,3.796254370480737,0.44583333333333336,0.06428860301635964,0.27946044175558504,0.9825436408977556
id,uncertainty_per_cost,0.0002371373705661655,720,2.693129192788722,1.9201993613174637,3.7986011137757565,0.4444444444444444,0.06297996804361528,0.2766575114805821,0.9875311720698254
id,uncertainty_per_cost,0.00031622776601683794,720,2.732706700194537,1.9597768687232782,3.8324838707427773,0.44305555555555554,0.062071709962212326,0.27537242133058093,0.9900249376558603
id,uncertainty_per_cost,0.00042169650342858224,720,2.7327067013407818,1.9597768698122109,3.8324838730925794,0.44305555555555554,0.06191039289324794,0.27519668705002814,0.9925187032418953
id,uncertainty_per_cost,0.0005623413251903491,720,2.7327067013407818,1.9597768698122109,3.8324838730925794,0.44305555555555554,0.06191039289324794,0.27519668705002814,0.9925187032418953
id,uncertainty_per_cost,0.0007498942093324559,720,2.7327067013407818,1.9597768698122109,3.8324838730925794,0.44305555555555554,0.06191039289324794,0.27519668705002814,0.9925187032418953
id,uncertainty_per_cost,0.001,720,2.7327067013407818,1.9597768698122109,3.8324838730925794,0.44305555555555554,0.06159067453638873,0.27376671406530273,0.9925187032418953
id,uncertainty_per_cost,0.001333521432163324,720,2.7327067013407818,1.9597768698122109,3.8324838730925794,0.44305555555555554,0.06159067453638873,0.27376671406530273,0.9925187032418953
id,uncertainty_per_cost,0.0017782794100389228,720,2.7327067013407818,1.9597768698122109,3.8324838730925794,0.44305555555555554,0.06159067453638873,0.27376671406530273,0.9925187032418953
id,uncertainty_per_cost,0.0023713737056616554,720,2.7327067013407818,1.9597768698122109,3.8324838730925794,0.44305555555555554,0.06159067453638873,0.27376671406530273,0.9925187032418953
id,uncertainty_per_cost,0.0031622776601683794,720,2.7327067013407818,1.9597768698122109,3.8324838730925794,0.44305555555555554,0.06159067453638873,0.27376671406530273,0.9925187032418953
id,uncertainty_per_cost,0.004216965034285822,720,2.7327067013407818,1.9597768698122109,3.8324838730925794,0.44305555555555554,0.06159067453638873,0.27376671406530273,0.9925187032418953
id,uncertainty_per_cost,0.005623413251903491,720,2.732706702609333,1.9597768704147729,3.8324838744245584,0.44305555555555554,0.06138876398493412,0.2735849508319714,1.0
id,uncertainty_per_cost,0.007498942093324558,720,2.732706702609333,1.9597768704147729,3.8324838744245584,0.44305555555555554,0.06138876398493412,0.2735849508319714,1.0
id,uncertainty_per_cost,0.01,720,2.732706702609333,1.9597768704147729,3.8324838744245584,0.44305555555555554,0.06138876398493412,0.2735849508319714,1.0
id,fullstate_voc,0.0,720,0.4423778065886548,0.314386569521572,0.5958533545051121,0.8861111111111111,0.6439463292790031,5.269853704569474,0.0
id,fullstate_voc,1e-08,720,0.44237799017128165,0.3143867543817261,0.5958536189378898,0.8861111111111111,0.6334956651455879,5.239874080972246,0.0
id,fullstate_voc,1.333521432163324e-08,720,0.4423785442210649,0.3143872058612163,0.5958544223181813,0.8861111111111111,0.6282167410985106,5.227840438083361,0.0
id,fullstate_voc,1.7782794100389228e-08,720,0.442378543957216,0.31438720559771083,0.595854422193576,0.8861111111111111,0.6278958040346706,5.224281156729184,0.0
id,fullstate_voc,2.371373705661655e-08,720,0.44237904248980237,0.3143876794149706,0.5958544231909249,0.8861111111111111,0.6267854214224355,5.214422378222262,0.0
id,fullstate_voc,3.162277660168379e-08,720,0.4428520346343601,0.31486215783334465,0.5960824223550443,0.8861111111111111,0.6177601063734918,5.077330497597293,0.0
id,fullstate_voc,4.2169650342858225e-08,720,0.45220575972444693,0.32196886435804883,0.6024476856654062,0.8833333333333333,0.6072885093896095,5.025737402644472,0.0
id,fullstate_voc,5.6234132519034905e-08,720,0.452205790683854,0.3219689034203018,0.602447671167146,0.8833333333333333,0.6016149003664893,4.96660857487363,0.0
id,fullstate_voc,7.498942093324559e-08,720,0.4522053269008773,0.3219684784149629,0.6024472109080038,0.8833333333333333,0.5881842384501047,4.845866466123617,0.0
id,fullstate_voc,1e-07,720,0.4594243562368784,0.3251632105169692,0.6108870300411129,0.8805555555555555,0.5785068501896015,4.816217394701395,0.0
id,fullstate_voc,1.333521432163324e-07,720,0.46444068346673617,0.33097222429072093,0.6159405465222504,0.8777777777777778,0.5651552603071586,4.642124326293086,0.0
id,fullstate_voc,1.7782794100389227e-07,720,0.46616667933716277,0.33269454567089984,0.6167604354424223,0.8763888888888889,0.5514841662360165,4.491869932899999,0.0
id,fullstate_voc,2.3713737056616554e-07,720,0.47826864142869613,0.3434234942372835,0.6324019088163665,0.8708333333333333,0.5389152427318785,4.360584102394488,0.0
id,fullstate_voc,3.162277660168379e-07,720,0.4943654527722159,0.3645346674268862,0.6494116022139909,0.8638888888888889,0.5260450433364278,4.198686769458366,0.0
id,fullstate_voc,4.2169650342858225e-07,720,0.5056095166887608,0.37727740624270245,0.6625559450547959,0.8611111111111112,0.5073365761001066,3.79768023930559,0.0
id,fullstate_voc,5.62341325190349e-07,720,0.5110085845924497,0.3826509381553823,0.6676754253119069,0.8597222222222223,0.48802506868565954,3.4654701557403564,0.0
id,fullstate_voc,7.498942093324558e-07,720,0.5251759548766172,0.39620150905045654,0.6816502958932719,0.8513888888888889,0.45827453891641406,3.0555196868834478,0.0
id,fullstate_voc,1e-06,720,0.5443870649683034,0.41114592314540854,0.7019722163427957,0.8444444444444444,0.43676025123824613,2.8976788511251166,0.0
id,fullstate_voc,1.333521432163324e-06,720,0.5725291368818942,0.43829109318042603,0.7391957620543544,0.8361111111111111,0.4051125908942107,2.4262633129404296,0.0
id,fullstate_voc,1.7782794100389227e-06,720,0.6063353950064521,0.46277367356228105,0.7790245519666029,0.825,0.36552889447136294,1.924982586475163,0.0
id,fullstate_voc,2.3713737056616552e-06,720,0.6255065895629469,0.48917580781553316,0.7902924980052791,0.8222222222222222,0.35417570705686285,1.715684992279325,0.0
id,fullstate_voc,3.162277660168379e-06,720,0.635357901392458,0.4959297531188778,0.8028454724177011,0.8194444444444444,0.35190239300156995,1.71026117855572,0.0
id,fullstate_voc,4.216965034285822e-06,720,0.6489130210951722,0.5071506452876126,0.8197059228646743,0.8138888888888889,0.34168311105864585,1.556483170472393,0.0
id,fullstate_voc,5.623413251903491e-06,720,0.6591548308662907,0.519851643284737,0.8320794861046648,0.8111111111111111,0.336870736554173,1.54654828607936,0.0
id,fullstate_voc,7.498942093324558e-06,720,0.6591548308662907,0.519851643284737,0.8320794861046648,0.8111111111111111,0.336870736554173,1.54654828607936,0.0
id,fullstate_voc,9.999999999999999e-06,720,0.6593158140598022,0.519919643235709,0.8321218467298606,0.8111111111111111,0.33538293907046823,1.5427051033571388,0.0
id,fullstate_voc,1.333521432163324e-05,720,0.6938362579587031,0.5539414473502573,0.8610954337237968,0.7958333333333333,0.3209288909280788,1.5002320756487937,0.0
id,fullstate_voc,1.778279410038923e-05,720,0.9384018605069067,0.7647060210205039,1.1257599338213722,0.75,0.269250444067222,1.3306504356529079,0.022443890274314215
id,fullstate_voc,2.3713737056616554e-05,720,1.0306701217386225,0.8474562627374882,1.2274293203940365,0.7236111111111111,0.24147107360076775,1.2659360401626347,0.02743142144638404
id,fullstate_voc,3.1622776601683795e-05,720,1.0579321878318728,0.8772502351866843,1.2544934944316894,0.7125,0.2213910819259937,1.229413995077938,0.02743142144638404
id,fullstate_voc,4.216965034285822e-05,720,1.1980043058296581,0.9861307342731994,1.4030558879791475,0.6861111111111111,0.20209922685635948,1.1036031228821483,0.06982543640897755
id,fullstate_voc,5.623413251903491e-05,720,1.916369907567817,1.1604804170897045,3.0629607957192033,0.6680555555555555,0.187853810036798,0.9426445191210152,0.11221945137157108
id,fullstate_voc,7.498942093324559e-05,720,2.1047812025404213,1.3384752960434652,3.2363040697828263,0.6402777777777777,0.17188064726377356,0.6713195761681972,0.18204488778054864
id,fullstate_voc,0.0001,720,2.3058521861147456,1.5388560866957055,3.409585600645889,0.6125,0.15417250949598743,0.4532936588584107,0.24688279301745636
id,fullstate_voc,0.0001333521432163324,720,2.3587237030761874,1.5940562532304938,3.4387600466196235,0.6041666666666666,0.1475636457719132,0.39160870294173644,0.26932668329177056
id,fullstate_voc,0.00017782794100389227,720,2.4025488871488703,1.6355405249509802,3.4782949432301735,0.5916666666666667,0.13198472077857615,0.3591545501417083,0.30673316708229426
id,fullstate_voc,0.0002371373705661655,720,2.4883418603408907,1.7197971172366122,3.571868280359444,0.5458333333333333,0.12169513858599762,0.34641308131948184,0.3192019950124688
id,fullstate_voc,0.00031622776601683794,720,2.5047872183639313,1.7317729360718543,3.5921333466990855,0.5388888888888889,0.1190027096930815,0.3430901431194646,0.32169576059850374
id,fullstate_voc,0.00042169650342858224,720,2.553955211197418,1.7760548552432875,3.650447224032663,0.5194444444444445,0.11068166918974233,0.333298023456958,0.3765586034912718
id,fullstate_voc,0.0005623413251903491,720,2.660268360572882,1.8820855795758171,3.745210408545201,0.475,0.09473472877078871,0.31477529272917004,0.5037406483790524
id,fullstate_voc,0.0007498942093324559,720,2.718868863538807,1.9488003046660838,3.8142317981059644,0.4486111111111111,0.08489629524594448,0.3006922183555566,0.6234413965087282
id,fullstate_voc,0.001,720,2.732706789738365,1.9597769556278528,3.832483972567058,0.44305555555555554,0.07944036848910713,0.2921682724930532,0.71571072319202
id,fullstate_voc,0.001333521432163324,720,2.7327067147716675,1.9597768728246527,3.8324838907693617,0.44305555555555554,0.07221335371439158,0.28441179033612674,0.830423940149626
id,fullstate_voc,0.0017782794100389228,720,2.7327066999011214,1.9597768554707184,3.8324838727635364,0.44305555555555554,0.06498362017748412,0.27705712226947476,0.9451371571072319
id,fullstate_voc,0.0023713737056616554,720,2.732706702609333,1.9597768704147729,3.8324838744245584,0.44305555555555554,0.06138876398493412,0.2735849508319714,1.0
id,fullstate_voc,0.0031622776601683794,720,2.732706702609333,1.9597768704147729,3.8324838744245584,0.44305555555555554,0.06138876398493412,0.2735849508319714,1.0
id,fullstate_voc,0.004216965034285822,720,2.732706702609333,1.9597768704147729,3.8324838744245584,0.44305555555555554,0.06138876398493412,0.2735849508319714,1.0
id,fullstate_voc,0.005623413251903491,720,2.732706702609333,1.9597768704147729,3.8324838744245584,0.44305555555555554,0.06138876398493412,0.2735849508319714,1.0
id,fullstate_voc,0.007498942093324558,720,2.732706702609333,1.9597768704147729,3.8324838744245584,0.44305555555555554,0.06138876398493412,0.2735849508319714,1.0
id,fullstate_voc,0.01,720,2.732706702609333,1.9597768704147729,3.8324838744245584,0.44305555555555554,0.06138876398493412,0.2735849508319714,1.0
id,voc,0.0,720,0.0003830854787124625,0.0002548007137614989,0.0005353442157632154,1.0,0.7425240611879597,4.775840831594445,0.0
id,hybrid,0.0,720,0.586827942953606,0.48050484645900693,0.7060864927841619,0.7888888888888889,0.352692235222818,1.6425646147014756,0.09476309226932668
id,voc,1e-08,720,0.00038859890922605337,0.00026234049283818694,0.0005412347724552827,1.0,0.724165438029034,4.482467332273619,0.0
id,hybrid,1e-08,720,0.5868268487186676,0.480503190773279,0.7060848253148205,0.7888888888888889,0.35112216669986085,1.6353013267750964,0.10224438902743142
id,voc,1.333521432163324e-08,720,0.0004432602183785329,0.000312008492916479,0.0006133858789151723,1.0,0.716814820288167,4.348020870961116,0.0
id,hybrid,1.333521432163324e-08,720,0.5868300279682526,0.4805065286039174,0.7060881609148459,0.7888888888888889,0.3501784534792745,1.6328311390931605,0.10473815461346633
id,voc,1.7782794100389228e-08,720,0.0005227772535716941,0.0003495481336156938,0.000748123716202408,1.0,0.7043925988649179,4.142763279197233,0.0
id,hybrid,1.7782794100389228e-08,720,0.5868297151318869,0.4805063805107009,0.7060881614956553,0.7888888888888889,0.3492879263566984,1.6291040621556578,0.10473815461346633
id,voc,2.371373705661655e-08,720,0.000949609267044667,0.00040188594017166995,0.0018150877665483699,1.0,0.6885482228429828,3.9055010025014125,0.0
id,hybrid,2.371373705661655e-08,720,0.5868297029426496,0.4805063692681573,0.706088158486356,0.7888888888888889,0.3473972085817243,1.624480426250097,0.11471321695760599
id,voc,3.162277660168379e-08,720,0.0013657354946661092,0.0005340093466635414,0.002358389083710373,1.0,0.6727770618874509,3.665886465800031,0.0
id,hybrid,3.162277660168379e-08,720,0.5868295918082818,0.4805062547221029,0.70608810668908,0.7888888888888889,0.34588079667995986,1.6214017620153804,0.12219451371571072
id,voc,4.2169650342858225e-08,720,0.0014374605497866832,0.0005926492325155544,0.0024980491244889842,1.0,0.6597260213355053,3.506553538645873,0.0
id,hybrid,4.2169650342858225e-08,720,0.5868269477904741,0.48050460929312455,0.7060864894421165,0.7888888888888889,0.3451281084895702,1.61441211658344,0.12718204488778054
id,voc,5.6234132519034905e-08,720,0.0025734407518923285,0.0008226099872176598,0.005166230052548514,1.0,0.6476678197200273,3.3603546665917294,0.0
id,hybrid,5.6234132519034905e-08,720,0.5868261138987044,0.4805038736500101,0.7060844246761315,0.7888888888888889,0.344176730011354,1.6109560548153947,0.12718204488778054
id,voc,7.498942093324559e-08,720,0.0026477619085571655,0.0008943029096606788,0.005174905416340427,1.0,0.6261600018417705,3.1130072725098064,0.0
id,hybrid,7.498942093324559e-08,720,0.5868261221703629,0.48050388424306373,0.70608443410087,0.7888888888888889,0.3421130336406056,1.604049667148734,0.13466334164588528
id,voc,1e-07,720,0.0029954779345673253,0.0011735803639682668,0.005445423707422124,1.0,0.6123105504563635,2.962586636545949,0.0
id,hybrid,1e-07,720,0.5868235489304579,0.4805011843778349,0.7060820004000397,0.7888888888888889,0.3394142177516494,1.596191202508463,0.15211970074812967
id,voc,1.333521432163324e-07,720,0.004303415451455564,0.0017674861596834093,0.007886314950896464,1.0,0.5911552119443331,2.8201208672876166,0.0
id,hybrid,1.333521432163324e-07,720,0.5868235898230277,0.4805012296591926,0.706082076169946,0.7888888888888889,0.3358484466102044,1.585734640452953,0.16209476309226933
id,voc,1.7782794100389227e-07,720,0.008596858563784693,0.0032566484322902327,0.01851355166879256,0.9986111111111111,0.5656318779702011,2.6242515820945753,0.0
id,hybrid,1.7782794100389227e-07,720,0.5868235095098852,0.48050133818959745,0.7060821986558822,0.7888888888888889,0.3325996815027752,1.5704702884251875,0.16957605985037408
id,voc,2.3713737056616554e-07,720,0.010289334802800225,0.004299860004967876,0.019747470865222685,0.9986111111111111,0.5405757392873486,2.4699358825306565,0.0
id,hybrid,2.3713737056616554e-07,720,0.5868227566528587,0.48049959039592166,0.7060808652210793,0.7888888888888889,0.3291007148926331,1.5569346032320937,0.17206982543640897
id,voc,3.162277660168379e-07,720,0.01587216885241176,0.00808130233980689,0.02726297705203836,0.9944444444444445,0.5194848971431032,2.3514610871709416,0.0
id,hybrid,3.162277660168379e-07,720,0.5868222162987726,0.4804986288594334,0.7060799284095757,0.7888888888888889,0.3249045168450372,1.5338997708723632,0.18703241895261846
id,voc,4.2169650342858225e-07,720,0.020315350914333483,0.009334375691650703,0.033128932810074105,0.9930555555555556,0.49762937302245497,2.2485314064028796,0.0
id,hybrid,4.2169650342858225e-07,720,0.5868221907944374,0.480498630365326,0.7060799351632238,0.7888888888888889,0.319423129456685,1.5225808008348698,0.19451371571072318
id,voc,5.62341325190349e-07,720,0.050496636360207965,0.023754846890599247,0.0851322134669199,0.9861111111111112,0.4749874590551408,2.026727443720948,0.0
id,hybrid,5.62341325190349e-07,720,0.5868227723175445,0.48049894055824616,0.7060808324443945,0.7888888888888889,0.3129791386893584,1.505447498133516,0.1970074812967581
id,voc,7.498942093324558e-07,720,0.061369777410233646,0.0325249552612696,0.10000936952616919,0.9805555555555555,0.45559319597864156,1.904013925908435,0.0
id,hybrid,7.498942093324558e-07,720,0.5868223438696777,0.4804984858743003,0.7060806150034481,0.7888888888888889,0.304536566333472,1.489231071551578,0.20199501246882792
id,voc,1e-06,720,0.09869266901919488,0.0527073997677671,0.15484464314725224,0.9708333333333333,0.4294947439024002,1.7288797229668034,0.0
id,hybrid,1e-06,720,0.586822098139631,0.4804986538971745,0.7060796461585664,0.7888888888888889,0.2966938543655877,1.466019742557142,0.2194513715710723
id,voc,1.333521432163324e-06,720,0.10627785183164523,0.0620444095499511,0.16435200937415037,0.9680555555555556,0.4092592710858884,1.6465881912265155,0.0
id,hybrid,1.333521432163324e-06,720,0.5871335152181215,0.48065273846494333,0.706085547066143,0.7888888888888889,0.28530573272835863,1.436974376583516,0.2344139650872818
id,voc,1.7782794100389227e-06,720,0.11203658178273303,0.06606943533563284,0.17506676028031962,0.9666666666666667,0.3899081474332968,1.586518085816821,0.0
id,hybrid,1.7782794100389227e-06,720,0.5876548796283427,0.48094612651295443,0.707097054999268,0.7888888888888889,0.27423618479858447,1.4082853085723854,0.2518703241895262
id,voc,2.3713737056616552e-06,720,0.1145260851585215,0.06944308227312161,0.17654925390547202,0.9666666666666667,0.38040308649851845,1.5486466938848833,0.0
id,hybrid,2.3713737056616552e-06,720,0.5901444874474957,0.48250142308174665,0.7097596635568334,0.7888888888888889,0.26843102647590117,1.3756599908820994,0.26433915211970077
id,voc,3.162277660168379e-06,720,0.11666146079180126,0.07156998742959665,0.17928826484394247,0.9666666666666667,0.36764074713554085,1.4988441915765431,0.0
id,hybrid,3.162277660168379e-06,720,0.5922797782067002,0.4850368267009002,0.7116106373139303,0.7888888888888889,0.25802406173606934,1.3288647917806884,0.2892768079800499
id,voc,4.216965034285822e-06,720,0.12413565810761461,0.07787898913087056,0.1869274432889155,0.9666666666666667,0.35859943340307265,1.425634446494592,0.0
id,hybrid,4.216965034285822e-06,720,0.5997540178207893,0.49129026627122285,0.7204964147026656,0.7888888888888889,0.2497830183722304,1.256817474732073,0.29925187032418954
id,voc,5.623413251903491e-06,720,0.13382785034045297,0.08410771601462631,0.19477401475257142,0.9625,0.3534878422483887,1.3828081347667902,0.007481296758104738
id,hybrid,5.623413251903491e-06,720,0.6094462553233425,0.5015655296640652,0.7309320957650489,0.7847222222222222,0.2446975775848488,1.2143119706015113,0.3092269326683292
id,voc,7.498942093324558e-06,720,0.17481321882947923,0.1262257423166594,0.23533298674583966,0.9486111111111111,0.3432870896603221,1.240400116915407,0.032418952618453865
id,hybrid,7.498942093324558e-06,720,0.650431586102102,0.5411566644195602,0.7670681214213428,0.7708333333333334,0.2345619202973329,1.0722386506320718,0.341645885286783
id,voc,9.999999999999999e-06,720,0.21635936198031763,0.1695050497910054,0.27445831245741886,0.9333333333333333,0.3314534398738231,1.1115334015153924,0.05486284289276808
id,hybrid,9.999999999999999e-06,720,0.6874641728311573,0.5794858749132917,0.8011489030059677,0.7583333333333333,0.22474780849098722,0.9474592379001124,0.36658354114713215
id,voc,1.333521432163324e-05,720,0.30602198561818644,0.2413204045286884,0.3796895553445973,0.8972222222222223,0.30972980296660046,0.9850300104792798,0.12219451371571072
id,hybrid,1.333521432163324e-05,720,0.7547994571311184,0.6382655995753859,0.8673521552599678,0.7333333333333333,0.2129686262077576,0.8441050902862217,0.4139650872817955
id,voc,1.778279410038923e-05,720,0.3886252471416303,0.32367344129508907,0.4655711993672005,0.8638888888888889,0.28089682535737515,0.8713712693889799,0.17955112219451372
id,hybrid,1.778279410038923e-05,720,0.8146725473923355,0.7019345230416754,0.9287408969433655,0.7125,0.19428511896033795,0.7489821817834278,0.456359102244389
id,voc,2.3713737056616554e-05,720,0.505358148009978,0.4344717903324736,0.5894193121062367,0.8152777777777778,0.24749293670871625,0.7696308620500734,0.26932668329177056
id,hybrid,2.3713737056616554e-05,720,0.8895619745401433,0.7679460166752649,0.9968332096772178,0.6847222222222222,0.17680889629214294,0.6737268297486986,0.5062344139650873
id,voc,3.1622776601683795e-05,720,0.6337986268917987,0.5539242311043534,0.7325703333975798,0.7694444444444445,0.20936926005781434,0.6743082335514676,0.3516209476309227
id,hybrid,3.1622776601683795e-05,720,0.978986046117261,0.8565907627706313,1.0952237855439988,0.6527777777777778,0.1536209484342358,0.5972202384847959,0.5685785536159601
id,voc,4.216965034285822e-05,720,0.7846849306562995,0.6900659257380467,0.8823866306951759,0.7166666666666667,0.17328141216532447,0.6054091770820176,0.4538653366583541
id,hybrid,4.216965034285822e-05,720,1.0755290750725663,0.9537076016527355,1.1929718119510941,0.6236111111111111,0.13419825681643113,0.550479441115355,0.6259351620947631
id,voc,5.623413251903491e-05,720,0.9763187399381826,0.8666846792172161,1.0988502777127414,0.6819444444444445,0.14782813318118984,0.5303460700333896,0.5261845386533666
id,hybrid,5.623413251903491e-05,720,1.2130542601271805,1.0709246312491962,1.3582040199799905,0.6013888888888889,0.11970610451105862,0.49056452204174295,0.6758104738154613
id,voc,7.498942093324559e-05,720,1.298885958591648,1.1464485355113196,1.4951866073523488,0.6486111111111111,0.12519895388796312,0.42288219256809295,0.6034912718204489
id,hybrid,7.498942093324559e-05,720,1.4929293703112272,1.3120073873298448,1.7101963343082436,0.5791666666666667,0.10344812746682228,0.39328514340005416,0.7331670822942643
id,voc,0.0001,720,1.5429069860956406,1.3627500898332134,1.7685429468425093,0.6222222222222222,0.10913958312408467,0.3583263390791924,0.6633416458852868
id,hybrid,0.0001,720,1.7072108327337239,1.5053062048875132,1.9338954954154852,0.5611111111111111,0.09173616126470281,0.33612614691254145,0.7780548628428927
id,voc,0.0001333521432163324,720,1.7173282099648364,1.5385495263733118,1.9783522660283277,0.6013888888888889,0.09625500329936239,0.3236105842777811,0.7107231920199502
id,hybrid,0.0001333521432163324,720,1.8440794782013212,1.6300385746200612,2.1129683950519804,0.5513888888888889,0.08397506383464913,0.30884491649309087,0.8054862842892768
id,voc,0.00017782794100389227,720,1.807475900448181,1.605307620141131,2.0713233490735634,0.5736111111111111,0.08594056724068201,0.305897184327806,0.7630922693266833
id,hybrid,0.00017782794100389227,720,1.8767579763025,1.661959932463519,2.1484735875582213,0.5444444444444444,0.07992879769616329,0.29859311413337714,0.8179551122194514
id,voc,0.0002371373705661655,720,1.889282565414099,1.7003576678625518,2.1708969825124815,0.5305555555555556,0.07730063557761456,0.29589593748197934,0.8403990024937655
id,hybrid,0.0002371373705661655,720,1.921410357674177,1.7086864253232532,2.1913081657502644,0.5277777777777778,0.07598256856965567,0.29423340669726106,0.8478802992518704
id,voc,0.00031622776601683794,720,1.9758234988552852,1.7530949603643893,2.2409647474257692,0.5,0.07180592806721342,0.28985689640280726,0.8952618453865336
id,hybrid,0.00031622776601683794,720,1.9758234988552852,1.7530949603643893,2.2409647474257692,0.5,0.07172526953273124,0.28976902926253084,0.8977556109725686
id,voc,0.00042169650342858224,720,2.0496764655922624,1.8400051381100928,2.313399969217211,0.46944444444444444,0.06703013921624139,0.283602726966693,0.9501246882793017
id,hybrid,0.00042169650342858224,720,2.0496764655922624,1.8400051381100928,2.313399969217211,0.46944444444444444,0.06703013921624139,0.283602726966693,0.9501246882793017
id,voc,0.0005623413251903491,720,2.096486495324415,1.8755438711405599,2.37248209682658,0.45,0.06358130551599965,0.2799032025847535,0.9800498753117207
id,hybrid,0.0005623413251903491,720,2.096486495324415,1.8755438711405599,2.37248209682658,0.45,0.06358130551599965,0.2799032025847535,0.9800498753117207
id,voc,0.0007498942093324559,720,2.6898618585420753,1.9153800427018801,3.7968857637834206,0.44583333333333336,0.06299890102165222,0.2766250377264189,0.9875311720698254
id,hybrid,0.0007498942093324559,720,2.6898618585420753,1.9153800427018801,3.7968857637834206,0.44583333333333336,0.06299890102165222,0.2766250377264189,0.9875311720698254
id,voc,0.001,720,2.7327067013407818,1.9597768698122109,3.8324838730925794,0.44305555555555554,0.06191039289324794,0.27519668705002814,0.9925187032418953
id,hybrid,0.001,720,2.7327067013407818,1.9597768698122109,3.8324838730925794,0.44305555555555554,0.06191039289324794,0.27519668705002814,0.9925187032418953
id,voc,0.001333521432163324,720,2.7327067013407818,1.9597768698122109,3.8324838730925794,0.44305555555555554,0.06191039289324794,0.27519668705002814,0.9925187032418953
id,hybrid,0.001333521432163324,720,2.7327067013407818,1.9597768698122109,3.8324838730925794,0.44305555555555554,0.06191039289324794,0.27519668705002814,0.9925187032418953
id,voc,0.0017782794100389228,720,2.7327067013407818,1.9597768698122109,3.8324838730925794,0.44305555555555554,0.06191039289324794,0.27519668705002814,0.9925187032418953
id,hybrid,0.0017782794100389228,720,2.7327067013407818,1.9597768698122109,3.8324838730925794,0.44305555555555554,0.06191039289324794,0.27519668705002814,0.9925187032418953
id,voc,0.0023713737056616554,720,2.7327067013407818,1.9597768698122109,3.8324838730925794,0.44305555555555554,0.06159067453638873,0.27376671406530273,0.9925187032418953
id,hybrid,0.0023713737056616554,720,2.7327067013407818,1.9597768698122109,3.8324838730925794,0.44305555555555554,0.06159067453638873,0.27376671406530273,0.9925187032418953
id,voc,0.0031622776601683794,720,2.7327067013407818,1.9597768698122109,3.8324838730925794,0.44305555555555554,0.06159067453638873,0.27376671406530273,0.9925187032418953
id,hybrid,0.0031622776601683794,720,2.7327067013407818,1.9597768698122109,3.8324838730925794,0.44305555555555554,0.06159067453638873,0.27376671406530273,0.9925187032418953
id,voc,0.004216965034285822,720,2.7327067013407818,1.9597768698122109,3.8324838730925794,0.44305555555555554,0.06159067453638873,0.27376671406530273,0.9925187032418953
id,hybrid,0.004216965034285822,720,2.7327067013407818,1.9597768698122109,3.8324838730925794,0.44305555555555554,0.06159067453638873,0.27376671406530273,0.9925187032418953
id,voc,0.005623413251903491,720,2.732706702609333,1.9597768704147729,3.8324838744245584,0.44305555555555554,0.06138876398493412,0.2735849508319714,1.0
id,hybrid,0.005623413251903491,720,2.732706702609333,1.9597768704147729,3.8324838744245584,0.44305555555555554,0.06138876398493412,0.2735849508319714,1.0
id,voc,0.007498942093324558,720,2.732706702609333,1.9597768704147729,3.8324838744245584,0.44305555555555554,0.06138876398493412,0.2735849508319714,1.0
id,hybrid,0.007498942093324558,720,2.732706702609333,1.9597768704147729,3.8324838744245584,0.44305555555555554,0.06138876398493412,0.2735849508319714,1.0
id,voc,0.01,720,2.732706702609333,1.9597768704147729,3.8324838744245584,0.44305555555555554,0.06138876398493412,0.2735849508319714,1.0
id,hybrid,0.01,720,2.732706702609333,1.9597768704147729,3.8324838744245584,0.44305555555555554,0.06138876398493412,0.2735849508319714,1.0
id,hardlabel,0.01,720,0.011113320917601923,0.006246359719413225,0.01756403383264777,0.9986111111111111,0.49429382384535375,2.5816487480348718,0.0024937655860349127
id,hardlabel,0.020000000000000004,720,0.015781678076450846,0.010753819839519486,0.02197771769556487,0.9986111111111111,0.4386873501483721,2.285580073195999,0.0024937655860349127
id,hardlabel,0.030000000000000006,720,0.024807257622887015,0.01749883015064387,0.033325272762104695,0.9986111111111111,0.41428571024274824,2.1726175707348525,0.0024937655860349127
id,hardlabel,0.04000000000000001,720,0.03407438626263432,0.022901675235158972,0.04479491134066051,0.9958333333333333,0.39788779351285797,2.120201838640403,0.007481296758104738
id,hardlabel,0.05000000000000001,720,0.043519081229447025,0.0323608588763837,0.056320719963762866,0.9944444444444445,0.3918170231877995,2.0980022842987283,0.00997506234413965
id,hardlabel,0.06000000000000001,720,0.0501625960495076,0.038521640508980874,0.06286798815870402,0.9944444444444445,0.383409861719997,2.0193015567181596,0.00997506234413965
id,hardlabel,0.07,720,0.05874047404925185,0.04590704897288515,0.07358383623432095,0.9930555555555556,0.37714308405244523,1.9820360791890026,0.012468827930174564
id,hardlabel,0.08,720,0.060326592519551595,0.047515968020171544,0.07626445844686895,0.9930555555555556,0.37223414895474083,1.9597596167584572,0.012468827930174564
id,hardlabel,0.09000000000000001,720,0.06436865940017537,0.05109889629927702,0.07995892275141932,0.9930555555555556,0.37046785263274906,1.9493144488278984,0.012468827930174564
id,hardlabel,0.1,720,0.06681389131525421,0.05293237545546781,0.0833337883070239,0.9930555555555556,0.36854118666951197,1.9365399978876212,0.012468827930174564
id,hardlabel,0.15,720,0.10648040185005442,0.0703793909964686,0.16201459361912696,0.9888888888888889,0.3564909000864692,1.8456631588543182,0.0199501246882793
id,hardlabel,0.19999999999999998,720,0.12329174058355293,0.08641986016803034,0.18156351006535484,0.9847222222222223,0.3489607637939281,1.798857490690418,0.02743142144638404
id,hardlabel,0.25,720,0.1557503071286221,0.11412120678459774,0.21386096396193885,0.975,0.3370483343167732,1.761197758754305,0.04488778054862843
id,hardlabel,0.3,720,0.1931986416509096,0.14761891772468913,0.25010456358858446,0.9652777777777778,0.3261109175546814,1.7226752143598636,0.06234413965087282
id,hardlabel,0.35,720,0.22095479283928346,0.17484931386322403,0.27536727244796283,0.95,0.3171560626845396,1.6740520277543258,0.08977556109725686
id,hardlabel,0.39999999999999997,720,0.2702499588067846,0.20466718949751816,0.3489107784870171,0.9388888888888889,0.30634152077433213,1.6105163840182033,0.10723192019950124
id,hardlabel,0.44999999999999996,720,0.3240832250446979,0.2566992897972316,0.4082467306612246,0.9194444444444444,0.2924520544257007,1.5218840650417962,0.1371571072319202
id,hardlabel,0.5,720,0.37209338434782724,0.28349926593219116,0.47369060222214504,0.9097222222222222,0.2806073649612673,1.466915825404299,0.15211970074812967
id,hardlabel,0.5499999999999999,720,0.4189905804557788,0.32574951833351584,0.521771124668227,0.8944444444444445,0.26263185024330654,1.427487844829294,0.17955112219451372
id,hardlabel,0.6,720,0.4969623729836728,0.38010713534977064,0.6435231723739865,0.8777777777777778,0.2510605370021109,1.3978683092098487,0.20947630922693267
id,hardlabel,0.6499999999999999,720,0.5410319313210755,0.41940889832186695,0.6760455939985797,0.8597222222222223,0.23817819079351793,1.348832016690388,0.24189526184538654
id,hardlabel,0.7,720,0.5912781779665051,0.4629658525480487,0.7294174769672909,0.8361111111111111,0.22569173195065947,1.2916083552681559,0.28428927680798005
id,hardlabel,0.75,720,0.7380169874676148,0.5979180723393274,0.8941284154197562,0.7833333333333333,0.1874890989929741,1.147343157645946,0.3740648379052369
id,hardlabel,0.7999999999999999,720,0.8379290565249944,0.6950460281003332,0.9744036508370998,0.7430555555555556,0.16784730378360777,1.082711569512594,0.4463840399002494
id,hardlabel,0.85,720,1.0606535613946104,0.9096747604294143,1.2310328223715115,0.6652777777777777,0.13360555829414786,0.9567420788709114,0.5810473815461347
id,hardlabel,0.8999999999999999,720,1.2821685848678315,1.1281082656015262,1.4469916298333076,0.5986111111111111,0.10854148968151964,0.8530828438903326,0.7007481296758105
id,hardlabel,0.95,720,2.2086419939468716,1.4548282491243645,3.3390668273058566,0.4875,0.08042777115861913,0.5837117685778139,0.8778054862842892
id,voc_seq,0.0,720,0.0003425999134822242,0.0002295360444342321,0.0004816763116129054,1.0,1.5806948101879104,9.246752817993128,0.0
id,voc_seq,1e-08,720,0.0003715861077746668,0.000261129495935176,0.0005242691511165921,1.0,1.5103359883937733,8.268221556363965,0.0
id,voc_seq,1.333521432163324e-08,720,0.0004430017529407516,0.00029849323122948564,0.0006531208585559217,1.0,1.5026787072554748,8.154937481230636,0.0
id,voc_seq,1.7782794100389228e-08,720,0.0004475010418729528,0.00030062762855870387,0.00065739388322198,1.0,1.4866654634699554,7.98165135027509,0.0
id,voc_seq,2.371373705661655e-08,720,0.00048160971265694884,0.00032603793366892895,0.0006956359941362233,1.0,1.4628230086755885,7.61638844839871,0.0
id,voc_seq,3.162277660168379e-08,720,0.0005682470139595538,0.00035297716593647136,0.0008786859837331797,1.0,1.427497188386271,7.0549140464237,0.0
id,voc_seq,4.2169650342858225e-08,720,0.0010157204967298223,0.0004216718111923958,0.001978860451339044,1.0,1.394524766262651,6.586225096254288,0.0
id,voc_seq,5.6234132519034905e-08,720,0.0012441605112544555,0.0005512486386705338,0.0022929649364070537,1.0,1.3605159650297827,6.220650359127906,0.0
id,voc_seq,7.498942093324559e-08,720,0.0012802222107024842,0.0006196189767183004,0.002347717015479549,1.0,1.3064495930899875,5.819609745901507,0.0
id,voc_seq,1e-07,720,0.0013499829871155469,0.0006528978219666313,0.0024829622432792652,1.0,1.2458781918746582,5.310178897440402,0.0
id,voc_seq,1.333521432163324e-07,720,0.001766662008380265,0.0008775905311865397,0.0032129807130268314,1.0,1.1853277392518762,4.9379148906806725,0.0
id,voc_seq,1.7782794100389227e-07,720,0.002114185175456757,0.0011760147586875624,0.0035606531458023363,1.0,1.1049437285380888,4.4429911892696,0.0
id,voc_seq,2.3713737056616554e-07,720,0.0021142048171451755,0.0011759611342318742,0.0035607424186030615,1.0,1.0414924671225392,4.149011800179303,0.0
id,voc_seq,3.162277660168379e-07,720,0.0023322531904308897,0.0013228094019419614,0.00377010256391122,1.0,0.9632553131041599,3.7641707188084284,0.0
id,voc_seq,4.2169650342858225e-07,720,0.002401681907865903,0.0013639851323492696,0.0038396540816917884,1.0,0.8910338804535264,3.5287648765112207,0.0
id,voc_seq,5.62341325190349e-07,720,0.005449301793516673,0.0025023082063509615,0.009736374025502993,1.0,0.8328855459242366,3.280472574918147,0.0
id,voc_seq,7.498942093324558e-07,720,0.013108798705413061,0.005019554381007791,0.025436055007686663,0.9972222222222222,0.7489394511849649,3.0052826121653804,0.0
id,voc_seq,1e-06,720,0.02872880114733644,0.014067373329652196,0.04945625993038733,0.9902777777777778,0.6742085468463087,2.667563441187627,0.0
id,voc_seq,1.333521432163324e-06,720,0.03565036012565725,0.01987361639184837,0.05853818390004848,0.9875,0.6002948939202571,2.357890545707076,0.0
id,voc_seq,1.7782794100389227e-06,720,0.06137202954400795,0.03406545989078017,0.08987097119680246,0.9763888888888889,0.5255385641907665,2.063587753336252,0.0
id,voc_seq,2.3713737056616552e-06,720,0.09018119926421739,0.051895131463444,0.14133136143116332,0.9722222222222222,0.47474439863632883,1.8283126629320778,0.0
id,voc_seq,3.162277660168379e-06,720,0.09914971323033733,0.05906087591714773,0.1516200330894706,0.9694444444444444,0.42482983841257765,1.6632261908431853,0.0
id,voc_seq,4.216965034285822e-06,720,0.10734433772317507,0.0661153940965679,0.157848109411143,0.9694444444444444,0.4003243087896428,1.5549983334612383,0.0
id,voc_seq,5.623413251903491e-06,720,0.12059638919285535,0.07915490443696648,0.171802485399595,0.9638888888888889,0.3820545623198307,1.4675742088695591,0.007481296758104738
id,voc_seq,7.498942093324558e-06,720,0.17481446921862845,0.12622764916011192,0.23533489359057083,0.9486111111111111,0.36466895403880417,1.2756668584223412,0.032418952618453865
id,voc_seq,9.999999999999999e-06,720,0.216359359355502,0.1695050471674684,0.2744583110795253,0.9333333333333333,0.34806136513328495,1.140726425251493,0.05486284289276808
id,voc_seq,1.333521432163324e-05,720,0.3060219856462987,0.24132040454076306,0.37968955538888166,0.8972222222222223,0.319544881728311,1.0020795453389988,0.12219451371571072
id,voc_seq,1.778279410038923e-05,720,0.3925157904427683,0.3254106976496797,0.46743950302020504,0.8625,0.2849931607671309,0.877292198184811,0.17955112219451372
id,voc_seq,2.3713737056616554e-05,720,0.5053581480380902,0.4344717903913899,0.5894193121344835,0.8152777777777778,0.2512526813028159,0.7767269637681339,0.26932668329177056
id,voc_seq,3.1622776601683795e-05,720,0.6337986268917987,0.5539242311043534,0.7325703333975798,0.7694444444444445,0.2110787578405152,0.678193895440356,0.3516209476309227
id,voc_seq,4.216965034285822e-05,720,0.7846849306562995,0.6900659257380467,0.8823866306951759,0.7166666666666667,0.17493845799720448,0.6092537208722963,0.4538653366583541
id,voc_seq,5.623413251903491e-05,720,0.9763187399381826,0.8666846792172161,1.0988502777127414,0.6819444444444445,0.1489487198987631,0.5330185840167209,0.5261845386533666
id,voc_seq,7.498942093324559e-05,720,1.298885958591648,1.1464485355113196,1.4951866073523488,0.6486111111111111,0.12540086443941773,0.4230639558014243,0.6034912718204489
id,voc_seq,0.0001,720,1.5429069860956406,1.3627500898332134,1.7685429468425093,0.6222222222222222,0.1093414936755393,0.3585081023125238,0.6633416458852868
id,voc_seq,0.0001333521432163324,720,1.7173282099648364,1.5385495263733118,1.9783522660283277,0.6013888888888889,0.09645691385081703,0.32379234751111247,0.7107231920199502
id,voc_seq,0.00017782794100389227,720,1.807475900448181,1.605307620141131,2.0713233490735634,0.5736111111111111,0.08614247779213663,0.3060789475611374,0.7630922693266833
id,voc_seq,0.0002371373705661655,720,1.889282565414099,1.7003576678625518,2.1708969825124815,0.5305555555555556,0.07750254612906919,0.29607770071531075,0.8403990024937655
id,voc_seq,0.00031622776601683794,720,1.9758234988552852,1.7530949603643893,2.2409647474257692,0.5,0.07200783861866805,0.2900386596361386,0.8952618453865336
id,voc_seq,0.00042169650342858224,720,2.0496764655922624,1.8400051381100928,2.313399969217211,0.46944444444444444,0.06716474625054447,0.2837239024555806,0.9501246882793017
id,voc_seq,0.0005623413251903491,720,2.096486495324415,1.8755438711405599,2.37248209682658,0.45,0.06358130551599965,0.2799032025847535,0.9800498753117207
id,voc_seq,0.0007498942093324559,720,2.6898618585420753,1.9153800427018801,3.7968857637834206,0.44583333333333336,0.06299890102165222,0.2766250377264189,0.9875311720698254
id,voc_seq,0.001,720,2.7327067013407818,1.9597768698122109,3.8324838730925794,0.44305555555555554,0.06191039289324794,0.27519668705002814,0.9925187032418953
id,voc_seq,0.001333521432163324,720,2.7327067013407818,1.9597768698122109,3.8324838730925794,0.44305555555555554,0.06191039289324794,0.27519668705002814,0.9925187032418953
id,voc_seq,0.0017782794100389228,720,2.7327067013407818,1.9597768698122109,3.8324838730925794,0.44305555555555554,0.06191039289324794,0.27519668705002814,0.9925187032418953
id,voc_seq,0.0023713737056616554,720,2.7327067013407818,1.9597768698122109,3.8324838730925794,0.44305555555555554,0.06159067453638873,0.27376671406530273,0.9925187032418953
id,voc_seq,0.0031622776601683794,720,2.7327067013407818,1.9597768698122109,3.8324838730925794,0.44305555555555554,0.06159067453638873,0.27376671406530273,0.9925187032418953
id,voc_seq,0.004216965034285822,720,2.7327067013407818,1.9597768698122109,3.8324838730925794,0.44305555555555554,0.06159067453638873,0.27376671406530273,0.9925187032418953
id,voc_seq,0.005623413251903491,720,2.732706702609333,1.9597768704147729,3.8324838744245584,0.44305555555555554,0.06138876398493412,0.2735849508319714,1.0
id,voc_seq,0.007498942093324558,720,2.732706702609333,1.9597768704147729,3.8324838744245584,0.44305555555555554,0.06138876398493412,0.2735849508319714,1.0
id,voc_seq,0.01,720,2.732706702609333,1.9597768704147729,3.8324838744245584,0.44305555555555554,0.06138876398493412,0.2735849508319714,1.0
id,hybrid_seq,0.0,720,0.586823979767522,0.4805003819728469,0.7060809825195086,0.7888888888888889,0.6017310307519529,2.8928832785334633,0.09476309226932668
id,hybrid_seq,1e-08,720,0.5868236458676875,0.4805002059663353,0.706080823537754,0.7888888888888889,0.5975434309107138,2.8449470725195725,0.10224438902743142
id,hybrid_seq,1.333521432163324e-08,720,0.586823801319659,0.4805002061297615,0.7060808979021246,0.7888888888888889,0.5947929363242234,2.8124796854820793,0.10473815461346633
id,hybrid_seq,1.7782794100389228e-08,720,0.5868237988281109,0.48050020482169875,0.7060808930436057,0.7888888888888889,0.5929408266147419,2.7900388759015238,0.10473815461346633
id,hybrid_seq,2.371373705661655e-08,720,0.5868222729924865,0.48049860601281463,0.7060792969219739,0.7888888888888889,0.5894320448223851,2.767952984443188,0.11471321695760599
id,hybrid_seq,3.162277660168379e-08,720,0.5868221340317981,0.48049844521878043,0.7060792816140521,0.7888888888888889,0.5851546178644204,2.721270582834859,0.12219451371571072
id,hybrid_seq,4.2169650342858225e-08,720,0.5868232689626932,0.4805001760775884,0.7060809557266404,0.7888888888888889,0.5801466063071208,2.692794537327912,0.12718204488778054
id,hybrid_seq,5.6234132519034905e-08,720,0.5868264441960006,0.48050350922829377,0.706084289747747,0.7888888888888889,0.5705920380528821,2.640811235304308,0.12718204488778054
id,hybrid_seq,7.498942093324559e-08,720,0.5868264518321897,0.4805035184374239,0.7060842962484777,0.7888888888888889,0.5566547676665945,2.561037685104298,0.13466334164588528
id,hybrid_seq,1e-07,720,0.5868260694143295,0.48050301715615396,0.7060836198381515,0.7888888888888889,0.5420710564776452,2.4946365670765114,0.15211970074812967
id,hybrid_seq,1.333521432163324e-07,720,0.5868262838660837,0.48050319399179686,0.70608386401587,0.7888888888888889,0.5271282418286608,2.395396800461236,0.16209476309226933
id,hybrid_seq,1.7782794100389227e-07,720,0.5868254686443916,0.480502805040199,0.7060836940618389,0.7888888888888889,0.5065917579211524,2.270662450597365,0.16957605985037408
id,hybrid_seq,2.3713737056616554e-07,720,0.5868268522902886,0.4805033627804477,0.7060852585233317,0.7888888888888889,0.4920349466439271,2.1644544187154175,0.17206982543640897
id,hybrid_seq,3.162277660168379e-07,720,0.5868284524341203,0.4805041747938561,0.7060860151760783,0.7888888888888889,0.4725891474361041,2.0047649155459366,0.18703241895261846
id,hybrid_seq,4.2169650342858225e-07,720,0.586827650166946,0.4805031333312457,0.7060843990619105,0.7888888888888889,0.4496269558674238,1.9272010246334503,0.19451371571072318
id,hybrid_seq,5.62341325190349e-07,720,0.5868276697692516,0.48050315375936725,0.7060844592058161,0.7888888888888889,0.43051352388999425,1.8681310602487278,0.1970074812967581
id,hybrid_seq,7.498942093324558e-07,720,0.5868254045458383,0.4804997211703879,0.7060811155076,0.7888888888888889,0.3988795741148982,1.7902935486376665,0.20199501246882792
id,hybrid_seq,1e-06,720,0.5868259840947752,0.4805003150723108,0.7060816848649892,0.7888888888888889,0.37214170467123686,1.695420068401543,0.2194513715710723
id,hybrid_seq,1.333521432163324e-06,720,0.587137068177175,0.48065442207758635,0.7060873424156708,0.7888888888888889,0.34142148053333565,1.5928701521973634,0.2344139650872818
id,hybrid_seq,1.7782794100389227e-06,720,0.5876546660093932,0.48094572516677253,0.7070968530801457,0.7888888888888889,0.3054543825408586,1.5037271638751413,0.2518703241895262
id,hybrid_seq,2.3713737056616552e-06,720,0.5901443305235279,0.48250109112266826,0.7097595072005155,0.7888888888888889,0.2920703392963037,1.4437289195751368,0.26433915211970077
id,hybrid_seq,3.162277660168379e-06,720,0.5922796274094398,0.48503664287607623,0.7116104896622868,0.7888888888888889,0.2742259982294101,1.384396716539014,0.2892768079800499
id,hybrid_seq,4.216965034285822e-06,720,0.599753920515605,0.4912899732338751,0.7204963828059663,0.7888888888888889,0.2614950407294555,1.3039507837126216,0.29925187032418954
id,hybrid_seq,5.623413251903491e-06,720,0.6094462553206507,0.5015655296640652,0.7309320957623571,0.7847222222222222,0.25283463646013743,1.243089256666786,0.3092269326683292
id,hybrid_seq,7.498942093324558e-06,720,0.6504328364912513,0.5411585087446992,0.7670681214185163,0.7708333333333334,0.24012702431770971,1.0867993470154034,0.341645885286783
id,hybrid_seq,9.999999999999999e-06,720,0.6874641715134987,0.5794858742201078,0.8011489023129184,0.7583333333333333,0.22925528658498903,0.960771664065386,0.36658354114713215
id,hybrid_seq,1.333521432163324e-05,720,0.7547994571592306,0.6382655995739727,0.8673521552571414,0.7333333333333333,0.21566133149136435,0.8515515240862239,0.4139650872817955
id,hybrid_seq,1.778279410038923e-05,720,0.8146725474204478,0.701934523040262,0.9287408969582589,0.7125,0.19609727070220176,0.7527657486181548,0.456359102244389
id,hybrid_seq,2.3713737056616554e-05,720,0.8895619745682555,0.7679460166979936,0.9968332097068703,0.6847222222222222,0.1782633725253245,0.677213318320926,0.5062344139650873
id,hybrid_seq,3.1622776601683795e-05,720,0.978986046117261,0.8565907627706313,1.0952237855439988,0.6527777777777778,0.15516912914797226,0.6009301660931315,0.5685785536159601
id,hybrid_seq,4.216965034285822e-05,720,1.0755290750725663,0.9537076016527355,1.1929718119510941,0.6236111111111111,0.135774644113829,0.5542361177653573,0.6259351620947631
id,hybrid_seq,5.623413251903491e-05,720,1.2130542601271805,1.0709246312491962,1.3582040199799905,0.6013888888888889,0.12082669122863186,0.4932370360250742,0.6758104738154613
id,hybrid_seq,7.498942093324559e-05,720,1.4929293703112272,1.3120073873298448,1.7101963343082436,0.5791666666666667,0.10365003801827691,0.3934669066333855,0.7331670822942643
id,hybrid_seq,0.0001,720,1.7072108327337239,1.5053062048875132,1.9338954954154852,0.5611111111111111,0.09193807181615744,0.3363079101458728,0.7780548628428927
id,hybrid_seq,0.0001333521432163324,720,1.8440794782013212,1.6300385746200612,2.1129683950519804,0.5513888888888889,0.08417697438610376,0.3090266797264222,0.8054862842892768
id,hybrid_seq,0.00017782794100389227,720,1.8767579763025,1.661959932463519,2.1484735875582213,0.5444444444444444,0.08013070824761791,0.2987748773667085,0.8179551122194514
id,hybrid_seq,0.0002371373705661655,720,1.921410357674177,1.7086864253232532,2.1913081657502644,0.5277777777777778,0.07618447912111029,0.2944151699305924,0.8478802992518704
id,hybrid_seq,0.00031622776601683794,720,1.9758234988552852,1.7530949603643893,2.2409647474257692,0.5,0.07192718008418586,0.2899507924958622,0.8977556109725686
id,hybrid_seq,0.00042169650342858224,720,2.0496764655922624,1.8400051381100928,2.313399969217211,0.46944444444444444,0.06716474625054447,0.2837239024555806,0.9501246882793017
id,hybrid_seq,0.0005623413251903491,720,2.096486495324415,1.8755438711405599,2.37248209682658,0.45,0.06358130551599965,0.2799032025847535,0.9800498753117207
id,hybrid_seq,0.0007498942093324559,720,2.6898618585420753,1.9153800427018801,3.7968857637834206,0.44583333333333336,0.06299890102165222,0.2766250377264189,0.9875311720698254
id,hybrid_seq,0.001,720,2.7327067013407818,1.9597768698122109,3.8324838730925794,0.44305555555555554,0.06191039289324794,0.27519668705002814,0.9925187032418953
id,hybrid_seq,0.001333521432163324,720,2.7327067013407818,1.9597768698122109,3.8324838730925794,0.44305555555555554,0.06191039289324794,0.27519668705002814,0.9925187032418953
id,hybrid_seq,0.0017782794100389228,720,2.7327067013407818,1.9597768698122109,3.8324838730925794,0.44305555555555554,0.06191039289324794,0.27519668705002814,0.9925187032418953
id,hybrid_seq,0.0023713737056616554,720,2.7327067013407818,1.9597768698122109,3.8324838730925794,0.44305555555555554,0.06159067453638873,0.27376671406530273,0.9925187032418953
id,hybrid_seq,0.0031622776601683794,720,2.7327067013407818,1.9597768698122109,3.8324838730925794,0.44305555555555554,0.06159067453638873,0.27376671406530273,0.9925187032418953
id,hybrid_seq,0.004216965034285822,720,2.7327067013407818,1.9597768698122109,3.8324838730925794,0.44305555555555554,0.06159067453638873,0.27376671406530273,0.9925187032418953
id,hybrid_seq,0.005623413251903491,720,2.732706702609333,1.9597768704147729,3.8324838744245584,0.44305555555555554,0.06138876398493412,0.2735849508319714,1.0
id,hybrid_seq,0.007498942093324558,720,2.732706702609333,1.9597768704147729,3.8324838744245584,0.44305555555555554,0.06138876398493412,0.2735849508319714,1.0
id,hybrid_seq,0.01,720,2.732706702609333,1.9597768704147729,3.8324838744245584,0.44305555555555554,0.06138876398493412,0.2735849508319714,1.0
id,oracle,0.0,720,0.1939221965928217,0.17138108764427376,0.21643482172746825,1.0,0.24705512896323145,1.3094348336861912,0.0
id,oracle_voc,0.0,720,0.035058072612419104,0.012130573137985866,0.0614193725034148,0.9888888888888889,0.5101669719539401,2.691144856020896,0.0
id,oracle_voc,1e-08,720,0.03916113727477699,0.016872444717330706,0.06447535077064825,0.9875,0.3435059749144878,2.0708594339070716,0.0
id,oracle_voc,1.333521432163324e-08,720,0.03917853394941722,0.016893482945283925,0.0644893315656328,0.9875,0.3384722337921366,1.9789549019751373,0.0
id,oracle_voc,1.7782794100389228e-08,720,0.03918179160029385,0.01689681044815879,0.06449439772253245,0.9875,0.3376009589446965,1.9625449558598576,0.0
id,oracle_voc,2.371373705661655e-08,720,0.042929239321478546,0.020692800487150192,0.07054169365730424,0.9861111111111112,0.3352280040142246,1.9324488602473644,0.0
id,oracle_voc,3.162277660168379e-08,720,0.04293457283755369,0.020694744675280288,0.07054923781041833,0.9861111111111112,0.33288109526885923,1.9009273028320826,0.0
id,oracle_voc,4.2169650342858225e-08,720,0.04651368830303035,0.022777487969922794,0.0760211916609087,0.9833333333333333,0.33037502230485966,1.8425429067445798,0.0
id,oracle_voc,5.6234132519034905e-08,720,0.050271166884972254,0.026340955244954497,0.08071385045081211,0.9833333333333333,0.32560397068901586,1.7750169425681885,0.0
id,oracle_voc,7.498942093324559e-08,720,0.06314566230345384,0.03837104703655813,0.09803344873975252,0.9791666666666666,0.3215345222559432,1.7045778126917968,0.0
id,oracle_voc,1e-07,720,0.06949979405719278,0.043589303812536576,0.1080844762907967,0.9763888888888889,0.3157771154676368,1.581195776334865,0.0
id,oracle_voc,1.333521432163324e-07,720,0.07189349009986543,0.04560441860102572,0.10884903948326052,0.975,0.31021764272434205,1.4773196675445939,0.0
id,oracle_voc,1.7782794100389227e-07,720,0.07189349009986543,0.04560441860102572,0.10884903948326052,0.975,0.31021764272434205,1.4773196675445939,0.0
id,oracle_voc,2.3713737056616554e-07,720,0.07749102157533282,0.04936823744322873,0.11475392850893332,0.9736111111111111,0.30745476705462693,1.4243240255612566,0.0
id,oracle_voc,3.162277660168379e-07,720,0.09246268031222,0.05766688598588573,0.14466418665540057,0.9708333333333333,0.3051178680005812,1.3913235251668032,0.0
id,oracle_voc,4.2169650342858225e-07,720,0.09287934697888664,0.0581569152926305,0.1449818949887339,0.9708333333333333,0.302745524889346,1.3564236360376325,0.0
id,oracle_voc,5.62341325190349e-07,720,0.09287934697888664,0.0581569152926305,0.1449818949887339,0.9708333333333333,0.30197257663565125,1.3474565414612445,0.0
id,oracle_voc,7.498942093324558e-07,720,0.09697986829329332,0.061539963992140234,0.1504289270787834,0.9680555555555556,0.29909494747098975,1.2925975595973493,0.0
id,oracle_voc,1e-06,720,0.09715437267478795,0.06171963204344902,0.15059345854573472,0.9680555555555556,0.29732495166555845,1.2753768349931862,0.0
id,oracle_voc,1.333521432163324e-06,720,0.09749410202612294,0.06192741695033956,0.15105747164021746,0.9680555555555556,0.29644799913592174,1.2703497048570778,0.0
id,oracle_voc,1.7782794100389227e-06,720,0.11409514692251034,0.06777578422090716,0.17771284417385372,0.9666666666666667,0.2944931167043767,1.2217928172737327,0.0
id,oracle_voc,2.3713737056616552e-06,720,0.11665780630749525,0.07110594685071761,0.18006859804596315,0.9666666666666667,0.29323865354211215,1.1979862103112282,0.0
id,oracle_voc,3.162277660168379e-06,720,0.1185772559571025,0.07323735112943981,0.1817261199438267,0.9666666666666667,0.29082536555665733,1.1841571863987257,0.0
id,oracle_voc,4.216965034285822e-06,720,0.12990963968925112,0.08472463223525588,0.19293093275463055,0.9666666666666667,0.2833515230579096,1.1230604394320431,0.0
id,oracle_voc,5.623413251903491e-06,720,0.14343968052520073,0.09540069866034363,0.2044113098790422,0.9666666666666667,0.27847612237836694,1.0695831203362054,0.0
id,oracle_voc,7.498942093324558e-06,720,0.1750148672471175,0.12451822410542492,0.2324529741330829,0.9625,0.270364094563343,0.9805922792792343,0.007481296758104738
id,oracle_voc,9.999999999999999e-06,720,0.2144294798079982,0.1642514047167644,0.275012658684705,0.9430555555555555,0.2602773648779049,0.8949645014959009,0.04239401496259352
id,oracle_voc,1.333521432163324e-05,720,0.2507196678369827,0.1997866204381992,0.3112705671854558,0.925,0.24621335684661172,0.8369983214292359,0.07481296758104738
id,oracle_voc,1.778279410038923e-05,720,0.33267919435432425,0.2770128351443129,0.39025120098315486,0.8847222222222222,0.22829360227297407,0.7352813893194858,0.14713216957605985
id,oracle_voc,2.3713737056616554e-05,720,0.4480528650294527,0.3830684590014452,0.518384380250736,0.8361111111111111,0.20233906253274986,0.6359446669125444,0.23940149625935161
id,oracle_voc,3.1622776601683795e-05,720,0.5206218289311084,0.44971466963155604,0.5959341270152367,0.8055555555555556,0.18490964898452947,0.5881905908153082,0.29925187032418954
id,oracle_voc,4.216965034285822e-05,720,0.6307384484703966,0.5448220522972544,0.713030098713059,0.7625,0.16165137222110124,0.5350551578583539,0.38154613466334164
id,oracle_voc,5.623413251903491e-05,720,0.7858013664452648,0.6742399865422369,0.8913352610536786,0.7236111111111111,0.1421832942499207,0.47994201059027547,0.46384039900249374
id,oracle_voc,7.498942093324559e-05,720,0.952081840425863,0.8150577538116561,1.0781367213194792,0.6944444444444444,0.12698789856712728,0.4310263526291793,0.5261845386533666
id,oracle_voc,0.0001,720,1.2443540286777877,1.0889810569971472,1.4191499541028456,0.6569444444444444,0.10698559959039512,0.36870868203473545,0.6059850374064838
id,oracle_voc,0.0001333521432163324,720,1.5298253399354158,1.3620751053910767,1.7502668495456764,0.6263888888888889,0.09174925533786756,0.32174075766527294,0.6683291770573566
id,oracle_voc,0.00017782794100389227,720,1.7198063040129585,1.525358696478049,1.9444958882773142,0.5861111111111111,0.0812343696873081,0.2999325384569551,0.743142144638404
id,oracle_voc,0.0002371373705661655,720,1.7887415995846232,1.6020562646453878,2.031715910287023,0.5472222222222223,0.07641901660250265,0.293522145844463,0.8129675810473815
id,oracle_voc,0.00031622776601683794,720,1.8937267214391176,1.6858210326761913,2.1506007189527256,0.5152777777777777,0.07053093585929388,0.2866182634916893,0.8703241895261845
id,oracle_voc,0.00042169650342858224,720,1.9927808929334787,1.7920020754210166,2.2629306006957735,0.4777777777777778,0.0662708520724425,0.28168016425141407,0.9376558603491272
id,oracle_voc,0.0005623413251903491,720,2.1305196442310033,1.8767280255610186,2.4143785484143243,0.45,0.06208087356699837,0.2766649717541946,0.9875311720698254
id,oracle_voc,0.0007498942093324559,720,2.1459318746840625,1.8963451321994054,2.42383900849108,0.4444444444444444,0.06162450950227686,0.2762341708430843,0.9975062344139651
id,oracle_voc,0.001,720,2.1459318746840625,1.8963451321994054,2.42383900849108,0.4444444444444444,0.06162450950227686,0.2762341708430843,0.9975062344139651
id,oracle_voc,0.001333521432163324,720,2.1459318746840625,1.8963451321994054,2.42383900849108,0.4444444444444444,0.06162450950227686,0.2762341708430843,0.9975062344139651
id,oracle_voc,0.0017782794100389228,720,2.1459318746840625,1.8963451321994054,2.42383900849108,0.4444444444444444,0.06162450950227686,0.2762341708430843,0.9975062344139651
id,oracle_voc,0.0023713737056616554,720,2.1459318746840625,1.8963451321994054,2.42383900849108,0.4444444444444444,0.06162450950227686,0.2762341708430843,0.9975062344139651
id,oracle_voc,0.0031622776601683794,720,2.1459318746840625,1.8963451321994054,2.42383900849108,0.4444444444444444,0.06162450950227686,0.2762341708430843,0.9975062344139651
id,oracle_voc,0.004216965034285822,720,2.732706702609333,1.9597768704147729,3.8324838744245584,0.44305555555555554,0.06138876398493412,0.2735849508319714,1.0
id,oracle_voc,0.005623413251903491,720,2.732706702609333,1.9597768704147729,3.8324838744245584,0.44305555555555554,0.06138876398493412,0.2735849508319714,1.0
id,oracle_voc,0.007498942093324558,720,2.732706702609333,1.9597768704147729,3.8324838744245584,0.44305555555555554,0.06138876398493412,0.2735849508319714,1.0
id,oracle_voc,0.01,720,2.732706702609333,1.9597768704147729,3.8324838744245584,0.44305555555555554,0.06138876398493412,0.2735849508319714,1.0
block,uniform_coarse,0.0,360,14.470340357752187,11.97560776247856,17.720195165119986,0.17777777777777778,0.022164000419599386,0.6401518105441634,1.0
block,uniform_medium,1.0,360,4.989651025914796,3.2807126520413,8.002266507911337,0.36944444444444446,0.06057242566600668,0.32221213162779855,1.0
block,uniform_fine,2.0,360,0.0002625590379732254,0.00014515777103149766,0.0004013959571511526,1.0,1.0,7.093509880963979,0.0
block,random,0.0,360,4.989651025914796,3.2807126520413,8.002266507911337,0.36944444444444446,0.06057242566600668,0.32221213162779855,1.0
block,random,1.0,360,4.013250669704141,2.359147049645214,6.842023675712276,0.5055555555555555,0.22583715609860558,1.6198503771500328,0.0
block,random,2.0,360,3.1922352965620715,1.5414340972504272,6.081698742047396,0.6305555555555555,0.43802315797483465,3.1515123214165315,0.0
block,random,3.0,360,2.3273445668598547,0.739930030872453,5.265359488586235,0.8083333333333333,0.6743756851343072,4.91751839662219,0.0
block,random,4.0,360,0.0002625590379732254,0.00014515777103149766,0.0004013959571511526,1.0,1.0,7.093509880963979,0.0
block,share,0.0,360,4.989651025914796,3.2807126520413,8.002266507911337,0.36944444444444446,0.06057242566600668,0.32221213162779855,1.0
block,share,1.0,360,3.982153112016451,2.2360769894415475,7.000644387083594,0.6055555555555555,0.19022422145320453,1.4634955217277719,0.0
block,share,2.0,360,1.845528396700827,1.476168113257727,2.2350813724078136,0.7194444444444444,0.30673763902517337,1.8107074538973695,0.0
block,share,3.0,360,1.5778236885046921,1.2313652548436016,1.9480766968195657,0.7805555555555556,0.40357197037946313,2.1686052905054263,0.0
block,share,4.0,360,0.0002625590379732254,0.00014515777103149766,0.0004013959571511526,1.0,1.0605724256660065,7.415722012591777,0.0
block,discrepancy,0.01,360,0.003260421962235436,0.0011448736888959375,0.005947534340750251,1.0,1.0612711111772641,7.998250838358157,0.0
block,discrepancy,0.020000000000000004,360,1.6022296600799446,0.06107059736942652,4.6414134787377455,0.9861111111111112,1.0260116593055881,7.763239796480462,0.0
block,discrepancy,0.030000000000000006,360,1.6022296852754847,0.06107061457276967,4.641413507489217,0.9861111111111112,0.9983917145381134,7.708145762791436,0.0
block,discrepancy,0.04000000000000001,360,1.6064808770348646,0.06630889104601059,4.648927711508558,0.9833333333333333,0.9603360761361754,7.638876729533018,0.0
block,discrepancy,0.05000000000000001,360,1.6064808911643897,0.06630890876546153,4.648927724330512,0.9833333333333333,0.9575932502905674,7.637575230824637,0.0
block,discrepancy,0.06000000000000001,360,1.6064806804564695,0.06630879505361606,4.648927707406856,0.9833333333333333,0.947373536188653,7.589175689296846,0.022026431718061675
block,discrepancy,0.07,360,1.6064800601661502,0.06630692882305608,4.648926799091114,0.9833333333333333,0.9435793405488967,7.574009248680199,0.022026431718061675
block,discrepancy,0.08,360,1.6064821708596122,0.06630749356577491,4.648928878561591,0.9833333333333333,0.9223656181645635,7.531707121174683,0.022026431718061675
block,discrepancy,0.09000000000000001,360,1.6064823437860638,0.06630754912957335,4.648929131596795,0.9833333333333333,0.9061613086025447,7.483486434091356,0.02643171806167401
block,discrepancy,0.1,360,1.6064855225752106,0.06630969118991016,4.648930678698589,0.9833333333333333,0.9009017456782455,7.401511360924724,0.02643171806167401
block,discrepancy,0.15,360,1.7939149333524547,0.25496263110104805,4.830871114735796,0.9083333333333333,0.8559087581063006,7.159305471858039,0.02643171806167401
block,discrepancy,0.19999999999999998,360,1.8209855114338078,0.2743463548037466,4.87195654254121,0.8944444444444445,0.8343461559360716,7.1372562595524265,0.02643171806167401
block,discrepancy,0.25,360,1.8209854413710111,0.274346288336559,4.871956472044003,0.8944444444444445,0.8284502910162664,7.11988750216354,0.02643171806167401
block,discrepancy,0.3,360,1.8452699713610023,0.3042654681539119,4.88481792052276,0.8861111111111111,0.8206293675622226,7.104525906257984,0.02643171806167401
block,discrepancy,0.35,360,1.8452699935768389,0.3042654659516392,4.884817978232712,0.8861111111111111,0.8119059074396855,7.097922629699719,0.02643171806167401
block,discrepancy,0.39999999999999997,360,1.8660756965510583,0.3211214763712909,4.906557167478666,0.8805555555555555,0.7967605464170772,7.085672821116391,0.02643171806167401
block,discrepancy,0.44999999999999996,360,1.8748701076856102,0.3307218500841782,4.914639455513002,0.8777777777777778,0.7858099575615547,7.076813249533017,0.02643171806167401
block,discrepancy,0.5,360,1.9256969232121157,0.376111362703242,4.968876715062291,0.8694444444444445,0.7720318104171371,6.862736697444042,0.02643171806167401
block,discrepancy,0.5499999999999999,360,1.9819153382755332,0.4130496085568226,5.015966362843191,0.8638888888888889,0.7677929616549383,6.855979983677379,0.03524229074889868
block,discrepancy,0.6,360,1.9819153382755332,0.4130496085568226,5.015966362843191,0.8638888888888889,0.7677929616549383,6.855979983677379,0.03524229074889868
block,discrepancy,0.6499999999999999,360,2.0933666833199487,0.5311939597671751,5.106814847519775,0.8527777777777777,0.7548035963163263,6.837341725277434,0.05286343612334802
block,discrepancy,0.7,360,2.093366679596419,0.5311939584363597,5.106814848217229,0.8527777777777777,0.7533923883631737,6.823507184346959,0.05286343612334802
block,discrepancy,0.75,360,2.2167694224273666,0.6320942837060337,5.1861970350223565,0.8388888888888889,0.740848811230593,6.787008998566388,0.07488986784140969
block,discrepancy,0.7999999999999999,360,2.5081237849191953,0.8977955275866273,5.430021226535921,0.8055555555555556,0.7176383394522732,6.756372309524755,0.1277533039647577
block,discrepancy,0.85,360,2.7271706593749565,1.1136543818174605,5.655474747585503,0.7694444444444445,0.6937679072115721,6.562154267149749,0.16299559471365638
block,discrepancy,0.8999999999999999,360,2.727170663696514,1.1136543754657973,5.655474734203352,0.7694444444444445,0.6873985155440989,6.554210976258108,0.17180616740088106
block,discrepancy,0.95,360,2.86513916641392,1.2027645421801858,5.877195182229148,0.7472222222222222,0.6716157990384141,6.224859545841445,0.17180616740088106
block,sensitivity,0.01,360,0.4731026416839017,0.3600446094936311,0.5903479660795762,0.8416666666666667,0.6227959258620943,5.319878048641203,0.24669603524229075
block,sensitivity,0.020000000000000004,360,0.6017650913143565,0.4439353996551413,0.7729058805079161,0.8277777777777777,0.6113860451663368,5.107961451774534,0.24669603524229075
block,sensitivity,0.030000000000000006,360,0.6428443577058799,0.48511026261238316,0.8303894570918233,0.8222222222222222,0.5937383047957533,4.778110498413409,0.24669603524229075
block,sensitivity,0.04000000000000001,360,0.8518112920839864,0.6469695936178277,1.1026635015993185,0.8,0.5800173793424851,4.4989585591967325,0.24669603524229075
block,sensitivity,0.05000000000000001,360,0.8953897105519584,0.6825728816775191,1.1482148422995624,0.7944444444444444,0.575251119076116,4.415028643349514,0.24669603524229075
block,sensitivity,0.06000000000000001,360,0.9251615585233899,0.7082730416675292,1.1787250872718864,0.7916666666666666,0.5705986362974154,4.341131748291193,0.24669603524229075
block,sensitivity,0.07,360,0.9263107799883995,0.7082730882748783,1.1804201344696155,0.7916666666666666,0.5676955966970941,4.307234825238427,0.24669603524229075
block,sensitivity,0.08,360,0.9525405369498626,0.7286152289787445,1.2105245054624456,0.7861111111111111,0.5630568690480037,4.249299951843993,0.24669603524229075
block,sensitivity,0.09000000000000001,360,0.9813179513596462,0.7394609107984845,1.2538436980914227,0.7833333333333333,0.5616753878655025,4.224134333494011,0.24669603524229075
block,sensitivity,0.1,360,0.9813179207883606,0.7394608571963651,1.2538436446825543,0.7833333333333333,0.560238295793849,4.2038086146384455,0.24669603524229075
block,sensitivity,0.15,360,1.015286631158806,0.7698339316477283,1.2682433463795357,0.7777777777777778,0.5546359076024754,4.133253711632885,0.24669603524229075
block,sensitivity,0.19999999999999998,360,1.0162896567653465,0.7718399935130729,1.268769932356821,0.7777777777777778,0.5516482127456077,4.112413055782882,0.24669603524229075
block,sensitivity,0.25,360,1.065237991593763,0.8131103985956848,1.3098791722920555,0.775,0.5475797641743687,4.059432587307916,0.24669603524229075
block,sensitivity,0.3,360,1.0652379915942183,0.8131103985956848,1.3098791722925105,0.775,0.5462695165931155,4.047275868913443,0.24669603524229075
block,sensitivity,0.35,360,1.0655318735123078,0.8132646866022113,1.3100187662123166,0.775,0.5447683065043599,4.036326200868997,0.24669603524229075
block,sensitivity,0.39999999999999997,360,1.065531873512308,0.8132646866022115,1.3100187662123177,0.775,0.5440038306613311,4.027206031385665,0.24669603524229075
block,sensitivity,0.44999999999999996,360,1.0655318707122385,0.8132646851319684,1.310018764752298,0.775,0.543149695301718,4.019872764935655,0.24669603524229075
block,sensitivity,0.5,360,1.0655318506232554,0.8132646552991797,1.3100187428338703,0.775,0.5420540992648287,4.007140069552305,0.24669603524229075
block,sensitivity,0.5499999999999999,360,1.0663304497507102,0.8143972720879511,1.3111814487655946,0.775,0.5405821121408513,3.9961938440189644,0.24669603524229075
block,sensitivity,0.6,360,1.0667141523018524,0.8149632322552359,1.311728225895662,0.775,0.5395484490474568,3.9835288842856245,0.24669603524229075
block,sensitivity,0.6499999999999999,360,1.0667141404350522,0.8149632086854072,1.3117282245647828,0.775,0.5385983906530114,3.9709528330134063,0.24669603524229075
block,sensitivity,0.7,360,1.066843063244023,0.8152146081629003,1.3119860701827244,0.775,0.5379551878046093,3.965916495852283,0.24669603524229075
block,sensitivity,0.75,360,1.0668430636138746,0.8152146089210959,1.3119860703768964,0.775,0.5374701097838029,3.958449723305057,0.24669603524229075
block,sensitivity,0.7999999999999999,360,1.0668430635219033,0.8152146086040121,1.3119860696723118,0.775,0.5370029800526632,3.951780685071723,0.24669603524229075
block,sensitivity,0.85,360,1.0668430700322484,0.8152146250426333,1.3119860761826567,0.775,0.5365280613691977,3.944590580838384,0.24669603524229075
block,sensitivity,0.8999999999999999,360,1.2340569108197545,0.9044419754026757,1.5857074807223817,0.7694444444444445,0.5350616312026343,3.9262203577883863,0.24669603524229075
block,sensitivity,0.95,360,1.2555444160989948,0.9236950784585791,1.6014097940051188,0.7666666666666667,0.5344322023850279,3.919111803468948,0.24669603524229075
block,novelty,0.5,360,4.328860945383283,2.642262946437041,7.297545464665903,0.4388888888888889,0.26348328496664203,2.46222621186391,0.5947136563876652
block,novelty,0.75,360,4.9106278539584745,3.1727368695772595,7.876485078363394,0.37777777777777777,0.09829332231375601,0.9285927756694542,0.9515418502202643
block,novelty,0.9,360,4.987464763511973,3.27870183828268,8.000179679583944,0.36944444444444446,0.08269809792355455,0.7518640329305829,0.973568281938326
block,novelty,0.95,360,4.989651025914796,3.2807126520413,8.002266507911337,0.36944444444444446,0.06179173458162591,0.3472164938527991,1.0
block,novelty,0.99,360,4.989651025914796,3.2807126520413,8.002266507911337,0.36944444444444446,0.06057242566600668,0.32221213162779855,1.0
block,uncertainty,0.01,360,0.004969707777416026,0.0001688626630962239,0.014369917611900927,0.9972222222222222,0.9628769106233327,6.9721708588417135,0.0
block,uncertainty,0.020000000000000004,360,0.004968961099979204,0.00016770593936879906,0.014367616663093911,0.9972222222222222,0.9086789015097748,6.684482420883351,0.0
block,uncertainty,0.030000000000000006,360,0.004969878443291175,0.00016729003135808467,0.014367577338522505,0.9972222222222222,0.8558317931414261,6.300476994452705,0.0
block,uncertainty,0.04000000000000001,360,0.004969752699155576,0.00016736018589524074,0.014367518027024713,0.9972222222222222,0.813955848109572,5.9940034770415975,0.0
block,uncertainty,0.05000000000000001,360,0.0051087971211527,0.0002138661171712051,0.014483468096239936,0.9972222222222222,0.7755418041784822,5.550481494688797,0.0
block,uncertainty,0.06000000000000001,360,0.005211840440011281,0.0002716747130861472,0.014617845216680345,0.9972222222222222,0.7472687134698242,5.304026095313788,0.0
block,uncertainty,0.07,360,0.009466300163746827,0.0004216623733491401,0.019091604362940662,0.9944444444444445,0.7204583048583384,5.069092346708254,0.0
block,uncertainty,0.08,360,0.011384703284122635,0.0005988803782301252,0.02263373743971081,0.9944444444444445,0.6930041590483521,4.813661142069335,0.0
block,uncertainty,0.09000000000000001,360,0.011610733113352274,0.0009610433769811602,0.022749045632753567,0.9944444444444445,0.6802721590184597,4.677737777280436,0.0
block,uncertainty,0.1,360,0.01683930342086275,0.0022078511250151764,0.03519117159496311,0.9916666666666667,0.6648368734928192,4.504327045338747,0.0
block,uncertainty,0.15,360,0.05913834760528641,0.019307666866701267,0.10976191156614351,0.9833333333333333,0.5960841908621533,3.8185085818193936,0.0
block,uncertainty,0.19999999999999998,360,0.06977878557705693,0.02863744560067469,0.11737498033778236,0.9777777777777777,0.5516330214102783,3.5017781793360174,0.0
block,uncertainty,0.25,360,0.09205840840184756,0.050284548869019355,0.1509442683684394,0.9694444444444444,0.5093517302931277,3.0394306975887755,0.0
block,uncertainty,0.3,360,0.0966368985387757,0.053259738047066726,0.15472784595392375,0.9694444444444444,0.48585147536513656,2.8351179262693624,0.0
block,uncertainty,0.35,360,0.11171847804040133,0.07006777017944626,0.16876690948382822,0.9611111111111111,0.4688561490386486,2.660442441066577,0.0
block,uncertainty,0.39999999999999997,360,0.11181953295672385,0.07021223113328064,0.16889246534937674,0.9611111111111111,0.45097762228824395,2.415895777027668,0.0
block,uncertainty,0.44999999999999996,360,0.1192427660589855,0.0749938398924414,0.1772081591564679,0.9583333333333334,0.4303180028132039,2.276580770560991,0.0
block,uncertainty,0.5,360,0.12485862946455312,0.08160867544094216,0.18462473804596435,0.9583333333333334,0.42219659467016474,2.192748372672122,0.0
block,uncertainty,0.5499999999999999,360,0.1739765091157302,0.0851971966928878,0.3065506161925596,0.9555555555555556,0.4165070119988479,2.1816806277415606,0.0
block,uncertainty,0.6,360,0.17397651592486993,0.08519720384248453,0.30655062266124233,0.9555555555555556,0.41074984012228916,2.1405448524832433,0.0
block,uncertainty,0.6499999999999999,360,0.18236852087752248,0.09708101505617425,0.30816183159176597,0.95,0.40454287567725344,2.0853557233749194,0.0
block,uncertainty,0.7,360,0.18236852950144838,0.09708102845200237,0.30816184496732596,0.95,0.4021545341057674,2.0819375931749162,0.0
block,uncertainty,0.75,360,0.18236852809758097,0.09708101567592782,0.30816185560250275,0.95,0.3979026396352367,2.0447861426193614,0.0
block,uncertainty,0.7999999999999999,360,0.19326129390986335,0.1030897216715087,0.316760005752899,0.9444444444444444,0.3955326386256167,2.0316414113999297,0.0
block,uncertainty,0.85,360,0.19820557881156106,0.10680277637262385,0.32500984621015233,0.9416666666666667,0.39137945827372184,1.9811594567693849,0.0
block,uncertainty,0.8999999999999999,360,0.20542780617322454,0.11304226271361897,0.3365630483526079,0.9388888888888889,0.38706022933725154,1.9399806840360523,0.0
block,uncertainty,0.95,360,0.2302727882456675,0.1208582835871268,0.36292195789582793,0.9361111111111111,0.38358203807195507,1.9085289833332757,0.0
block,uncertainty_per_cost,0.0,360,0.0002625590379732254,0.00014515777103149766,0.0004013959571511526,1.0,1.0605724256660065,7.415722012591777,0.0
block,uncertainty_per_cost,1e-08,360,0.0004129912786142064,0.00022434056571196784,0.000625592660115667,1.0,1.0376703782112546,6.980694663461185,0.0
block,uncertainty_per_cost,1.333521432163324e-08,360,0.0006673171915574923,0.0003426383127520794,0.0010572063672145192,1.0,1.012760661322066,6.488123541261161,0.0
block,uncertainty_per_cost,1.7782794100389228e-08,360,0.0007717450254300157,0.0004066626640393874,0.0011659045794096103,1.0,0.9971323519678792,6.2104965909722525,0.0
block,uncertainty_per_cost,2.371373705661655e-08,360,0.0008461485678873564,0.0004888748388286765,0.0012421717637199664,1.0,0.968046526441138,5.867725048602814,0.0
block,uncertainty_per_cost,3.162277660168379e-08,360,0.0014144862147745614,0.0008855746599267505,0.002052421076679042,1.0,0.9033804202252147,5.010941949972271,0.0
block,uncertainty_per_cost,4.2169650342858225e-08,360,0.005671634705061688,0.001048906250044091,0.01433839226896318,0.9972222222222222,0.8677284272867689,4.501150757775051,0.0
block,uncertainty_per_cost,5.6234132519034905e-08,360,0.01033515513168201,0.0012242161693846974,0.020598924092502517,0.9944444444444445,0.8387136539681085,4.009726313852924,0.0
block,uncertainty_per_cost,7.498942093324559e-08,360,0.010844859820189907,0.0016633083751899835,0.02102806822958031,0.9944444444444445,0.8056212085630481,3.5380885259751773,0.0
block,uncertainty_per_cost,1e-07,360,0.02044351711346984,0.006446311921987681,0.03577076796817501,0.9888888888888889,0.7671270819456566,3.2225273092057147,0.0
block,uncertainty_per_cost,1.333521432163324e-07,360,0.03187598299581528,0.012900998059880481,0.05269247840578069,0.9833333333333333,0.7298186339167146,2.9783774758528327,0.0
block,uncertainty_per_cost,1.7782794100389227e-07,360,0.06676963482756572,0.030270477848372758,0.11695403601032213,0.9694444444444444,0.6670090902492323,2.6552125287944364,0.004405286343612335
block,uncertainty_per_cost,2.3713737056616554e-07,360,0.10055802431414824,0.061519079172848816,0.15399266228731698,0.9611111111111111,0.6055027094853909,2.2713047422332946,0.01762114537444934
block,uncertainty_per_cost,3.162277660168379e-07,360,0.1371517160769254,0.08857697017520354,0.19938145765569007,0.95,0.5576504682361703,1.9892034130416403,0.02643171806167401
block,uncertainty_per_cost,4.2169650342858225e-07,360,0.1513759010960878,0.10285566091796568,0.21299376813632753,0.95,0.5151405866089426,1.8631971984805205,0.02643171806167401
block,uncertainty_per_cost,5.62341325190349e-07,360,0.18125386035921348,0.12515810759422674,0.24414129759151784,0.9416666666666667,0.4710981665726924,1.6706800841610756,0.03524229074889868
block,uncertainty_per_cost,7.498942093324558e-07,360,0.21556819987241352,0.15772708976452413,0.2786843804272993,0.9277777777777778,0.42599979610984867,1.5303899230055422,0.05286343612334802
block,uncertainty_per_cost,1e-06,360,0.34795316014551086,0.25669410851563834,0.44316670099103134,0.8861111111111111,0.3866591229269237,1.3600070200778342,0.09691629955947137
block,uncertainty_per_cost,1.333521432163324e-06,360,0.53453599812641,0.37619106735695096,0.7019560590818881,0.8444444444444444,0.3322400102964326,1.1927936222750355,0.15418502202643172
block,uncertainty_per_cost,1.7782794100389227e-06,360,0.6952276559673691,0.5083030433343759,0.8846052227025056,0.8027777777777778,0.28566077394039396,1.0560751362778724,0.19383259911894274
block,uncertainty_per_cost,2.3713737056616552e-06,360,0.9606980072026362,0.7067934517015234,1.215758931705669,0.7666666666666667,0.25665428066938534,0.9470858859028137,0.24669603524229075
block,uncertainty_per_cost,3.162277660168379e-06,360,1.667517112937486,1.360769240673908,1.9808648915398885,0.6722222222222223,0.20391451530867585,0.7349551935417064,0.3920704845814978
block,uncertainty_per_cost,4.216965034285822e-06,360,2.1566143336928683,1.7601713997842487,2.5345096088213936,0.6194444444444445,0.17174744948918022,0.6327376340388986,0.47577092511013214
block,uncertainty_per_cost,5.623413251903491e-06,360,2.3959740355244676,2.0212615231933864,2.763445111493064,0.5833333333333334,0.1520518267746671,0.5299572998416705,0.5638766519823789
block,uncertainty_per_cost,7.498942093324558e-06,360,2.9478885442675296,2.530533474054192,3.3892969063434912,0.5111111111111111,0.10990964233874795,0.44542330842499117,0.6916299559471366
block,uncertainty_per_cost,9.999999999999999e-06,360,3.2077874616568476,2.776211593945513,3.6474335411574814,0.4527777777777778,0.08756044970881799,0.39885152259442597,0.788546255506608
block,uncertainty_per_cost,1.333521432163324e-05,360,3.3100692571472563,2.8622214104541817,3.74920578440246,0.4222222222222222,0.07478185443433218,0.37913655584720296,0.8678414096916299
block,uncertainty_per_cost,1.778279410038923e-05,360,3.3740955650342426,2.9207521116895614,3.7688510748556574,0.41388888888888886,0.07029499964765541,0.3598038067555434,0.8986784140969163
block,uncertainty_per_cost,2.3713737056616554e-05,360,3.4858463633194887,3.0627084894569765,3.9229185722625854,0.3888888888888889,0.06540031356490453,0.34787049467777253,0.947136563876652
block,uncertainty_per_cost,3.1622776601683795e-05,360,3.513851569002241,3.085340803451863,3.934067198514962,0.37777777777777777,0.06247104791182463,0.3375053298805647,0.9779735682819384
block,uncertainty_per_cost,4.216965034285822e-05,360,3.518625139248793,3.0928657268592104,3.9408322275734524,0.375,0.061607917267600946,0.33648085269724104,0.986784140969163
block,uncertainty_per_cost,5.623413251903491e-05,360,3.518625139248793,3.0928657268592104,3.9408322275734524,0.375,0.061607917267600946,0.33648085269724104,0.986784140969163
block,uncertainty_per_cost,7.498942093324559e-05,360,3.518625139248793,3.0928657268592104,3.9408322275734524,0.375,0.061607917267600946,0.33648085269724104,0.986784140969163
block,uncertainty_per_cost,0.0001,360,3.518625139248793,3.0928657268592104,3.9408322275734524,0.375,0.06144246563635127,0.33628697233334603,0.9911894273127754
block,uncertainty_per_cost,0.0001333521432163324,360,3.518625139248793,3.0928657268592104,3.9408322275734524,0.375,0.06144246563635127,0.33628697233334603,0.9911894273127754
block,uncertainty_per_cost,0.00017782794100389227,360,3.6289565814703515,3.1633394900418073,4.11326235935799,0.37222222222222223,0.061007445651178965,0.3292495519805723,0.9955947136563876
block,uncertainty_per_cost,0.0002371373705661655,360,3.6289565814703515,3.1633394900418073,4.11326235935799,0.37222222222222223,0.061007445651178965,0.3292495519805723,0.9955947136563876
block,uncertainty_per_cost,0.00031622776601683794,360,3.6289565814703515,3.1633394900418073,4.11326235935799,0.37222222222222223,0.061007445651178965,0.3292495519805723,0.9955947136563876
block,uncertainty_per_cost,0.00042169650342858224,360,3.6289565814703515,3.1633394900418073,4.11326235935799,0.37222222222222223,0.061007445651178965,0.3292495519805723,0.9955947136563876
block,uncertainty_per_cost,0.0005623413251903491,360,3.6289565814703515,3.1633394900418073,4.11326235935799,0.37222222222222223,0.061007445651178965,0.3292495519805723,0.9955947136563876
block,uncertainty_per_cost,0.0007498942093324559,360,3.6289565814703515,3.1633394900418073,4.11326235935799,0.37222222222222223,0.061007445651178965,0.3292495519805723,0.9955947136563876
block,uncertainty_per_cost,0.001,360,4.989651025914796,3.2807126520413,8.002266507911337,0.36944444444444446,0.06057242566600668,0.32221213162779855,1.0
block,uncertainty_per_cost,0.001333521432163324,360,4.989651025914796,3.2807126520413,8.002266507911337,0.36944444444444446,0.06057242566600668,0.32221213162779855,1.0
block,uncertainty_per_cost,0.0017782794100389228,360,4.989651025914796,3.2807126520413,8.002266507911337,0.36944444444444446,0.06057242566600668,0.32221213162779855,1.0
block,uncertainty_per_cost,0.0023713737056616554,360,4.989651025914796,3.2807126520413,8.002266507911337,0.36944444444444446,0.06057242566600668,0.32221213162779855,1.0
block,uncertainty_per_cost,0.0031622776601683794,360,4.989651025914796,3.2807126520413,8.002266507911337,0.36944444444444446,0.06057242566600668,0.32221213162779855,1.0
block,uncertainty_per_cost,0.004216965034285822,360,4.989651025914796,3.2807126520413,8.002266507911337,0.36944444444444446,0.06057242566600668,0.32221213162779855,1.0
block,uncertainty_per_cost,0.005623413251903491,360,4.989651025914796,3.2807126520413,8.002266507911337,0.36944444444444446,0.06057242566600668,0.32221213162779855,1.0
block,uncertainty_per_cost,0.007498942093324558,360,4.989651025914796,3.2807126520413,8.002266507911337,0.36944444444444446,0.06057242566600668,0.32221213162779855,1.0
block,uncertainty_per_cost,0.01,360,4.989651025914796,3.2807126520413,8.002266507911337,0.36944444444444446,0.06057242566600668,0.32221213162779855,1.0
block,fullstate_voc,0.0,360,1.8229051409111694,1.4028134186651988,2.2038586669274434,0.7583333333333333,0.49445225471498494,5.595170584302812,0.0
block,fullstate_voc,1e-08,360,1.8229051416991335,1.402813420347763,2.2038586671629323,0.7583333333333333,0.48531029890326444,5.572508301511142,0.0
block,fullstate_voc,1.333521432163324e-08,360,1.8229050828347788,1.4028133011148414,2.2038586661275503,0.7583333333333333,0.4829005494516302,5.538204357705591,0.0
block,fullstate_voc,1.7782794100389228e-08,360,1.8813002171712725,1.459329167720693,2.2705963570696066,0.7527777777777778,0.47443848817583667,5.48563347800285,0.0
block,fullstate_voc,2.371373705661655e-08,360,1.8812933575938733,1.4593264572665592,2.2705875315815933,0.7527777777777778,0.4638702399889735,5.454290989155642,0.0
block,fullstate_voc,3.162277660168379e-08,360,1.8812933575938733,1.4593264572665592,2.2705875315815933,0.7527777777777778,0.4638702399889735,5.454290989155642,0.0
block,fullstate_voc,4.2169650342858225e-08,360,1.8812929031408376,1.4593263337740345,2.2705869052083654,0.7527777777777778,0.45967849887477935,5.397289411225089,0.0
block,fullstate_voc,5.6234132519034905e-08,360,1.952899880097043,1.5041956718235383,2.3673969412782876,0.7444444444444445,0.45408541683074893,5.377217686625146,0.0
block,fullstate_voc,7.498942093324559e-08,360,2.0885360204684296,1.668796809088337,2.5344712468170565,0.7277777777777777,0.44055904602791146,5.3273525657834195,0.0
block,fullstate_voc,1e-07,360,2.08853957802989,1.6687941638471553,2.53447530503221,0.7277777777777777,0.43263273033844085,5.218313269533367,0.0
block,fullstate_voc,1.333521432163324e-07,360,2.148313307835596,1.741266225459308,2.5906401263269028,0.7194444444444444,0.4273054438682972,5.212122731400026,0.0
block,fullstate_voc,1.7782794100389227e-07,360,2.152519271191929,1.743521415804658,2.5926560894486177,0.7166666666666667,0.4056715050794815,4.854728152524876,0.0
block,fullstate_voc,2.3713737056616554e-07,360,2.15361038414647,1.7463066900594493,2.593808202339403,0.7166666666666667,0.39670833759846164,4.70255453398319,0.0
block,fullstate_voc,3.162277660168379e-07,360,2.1606776982841294,1.7576401764498777,2.5938310856484494,0.7138888888888889,0.3843564498036756,4.49557012523326,0.0
block,fullstate_voc,4.2169650342858225e-07,360,2.1703132904311353,1.7606716170339296,2.5994511724995166,0.7083333333333334,0.3637044768312018,4.060881900594409,0.0
block,fullstate_voc,5.62341325190349e-07,360,2.1919157664652817,1.7714063569378145,2.626533435839274,0.7055555555555556,0.3388785737144518,3.5372646170249937,0.0
block,fullstate_voc,7.498942093324558e-07,360,2.2151438676744095,1.7922205145094896,2.647574628489391,0.6944444444444444,0.287027382869652,2.4886106539861026,0.0
block,fullstate_voc,1e-06,360,2.222778648443512,1.7937693632571294,2.657240668593887,0.6916666666666667,0.26002792116105433,1.9493701742361231,0.0
block,fullstate_voc,1.333521432163324e-06,360,2.226311560058154,1.7938222481826172,2.6607883796957994,0.6888888888888889,0.25166259419349146,1.7781631402361098,0.0
block,fullstate_voc,1.7782794100389227e-06,360,2.2290655238243,1.7979915032348366,2.6621103280592884,0.6888888888888889,0.24397771700083143,1.625163589638871,0.0
block,fullstate_voc,2.3713737056616552e-06,360,2.2290655238243,1.7979915032348366,2.6621103280592884,0.6888888888888889,0.24397771700083143,1.625163589638871,0.0
block,fullstate_voc,3.162277660168379e-06,360,2.2290655238243,1.7979915032348366,2.6621103280592884,0.6888888888888889,0.24397771700083143,1.625163589638871,0.0
block,fullstate_voc,4.216965034285822e-06,360,2.2331933162284305,1.8069863952324092,2.6656347926858084,0.6888888888888889,0.23930201663187675,1.610942063116646,0.0
block,fullstate_voc,5.623413251903491e-06,360,2.2331933162284305,1.8069863952324092,2.6656347926858084,0.6888888888888889,0.23930201663187675,1.610942063116646,0.0
block,fullstate_voc,7.498942093324558e-06,360,2.2331933162284305,1.8069863952324092,2.6656347926858084,0.6888888888888889,0.23930201663187675,1.610942063116646,0.0
block,fullstate_voc,9.999999999999999e-06,360,2.2337474259255035,1.8072084662674297,2.666397994329363,0.6888888888888889,0.23641108741144456,1.6027181259638887,0.0
block,fullstate_voc,1.333521432163324e-05,360,2.2337474259255035,1.8072084662674297,2.666397994329363,0.6888888888888889,0.23641108741144456,1.6027181259638887,0.0
block,fullstate_voc,1.778279410038923e-05,360,2.2351341608159245,1.8080686086784294,2.6689198691074494,0.6888888888888889,0.23371934744581924,1.5947714094083596,0.0
block,fullstate_voc,2.3713737056616554e-05,360,2.236190772482597,1.8089025175809499,2.670063244337675,0.6888888888888889,0.2299768853530797,1.5836952146222252,0.0
block,fullstate_voc,3.1622776601683795e-05,360,2.2361907710756586,1.8089025149473597,2.670063242708407,0.6888888888888889,0.2265866559956147,1.574695682738871,0.0
block,fullstate_voc,4.216965034285822e-05,360,2.340204628173883,1.883166307752024,2.7786289351801283,0.6694444444444444,0.21387489031308074,1.3780169210027553,0.03524229074889868
block,fullstate_voc,5.623413251903491e-05,360,2.5358323875576056,2.0814302037084005,2.9693478738589585,0.625,0.1947101993550622,1.0792023137388849,0.1145374449339207
block,fullstate_voc,7.498942093324559e-05,360,2.934516695450729,2.4748361634868297,3.3628943226275196,0.5527777777777778,0.1604758519169854,0.5749888895639035,0.2555066079295154
block,fullstate_voc,0.0001,360,4.641501348513672,2.9096361435421336,7.6829000040828035,0.5277777777777778,0.15153436125502945,0.4420991537222613,0.30837004405286345
block,fullstate_voc,0.0001333521432163324,360,4.641501376341888,2.9096361655344287,7.682900030069127,0.5277777777777778,0.14297693914927023,0.42733068288898723,0.30837004405286345
block,fullstate_voc,0.00017782794100389227,360,4.641501412162629,2.909636194300695,7.682900047728288,0.5277777777777778,0.1345265389480573,0.4147090428945881,0.31718061674008813
block,fullstate_voc,0.0002371373705661655,360,4.738060241628142,3.0058445854134046,7.766040803348204,0.475,0.12198577825704529,0.39936442287779655,0.3303964757709251
block,fullstate_voc,0.00031622776601683794,360,4.748150698578199,3.012568817185412,7.774312128296111,0.4666666666666667,0.12111587944152714,0.3982737009194857,0.3303964757709251
block,fullstate_voc,0.00042169650342858224,360,4.791646757378827,3.05564064855657,7.7999351612483325,0.4527777777777778,0.11649492321357871,0.3926257256277697,0.3524229074889868
block,fullstate_voc,0.0005623413251903491,360,4.909607683657964,3.215493827281868,7.9164105144530446,0.4027777777777778,0.0943276614037639,0.366202119727849,0.5374449339207048
block,fullstate_voc,0.0007498942093324559,360,4.948989327113042,3.2466530654300305,7.961779368753639,0.3861111111111111,0.08443061598577378,0.35031583834173335,0.6475770925110133
block,fullstate_voc,0.001,360,4.989650975132056,3.280712621775193,8.002266446308694,0.36944444444444446,0.07546856658901809,0.33829075641114187,0.7797356828193832
block,fullstate_voc,0.001333521432163324,360,4.989651019053883,3.280712641517459,8.002266509147994,0.36944444444444446,0.06808934312877452,0.3298189149694331,0.8942731277533039
block,fullstate_voc,0.0017782794100389228,360,4.989651033340653,3.2807126558587156,8.002266517784964,0.36944444444444446,0.06304129813908539,0.3246597706444441,0.960352422907489
block,fullstate_voc,0.0023713737056616554,360,4.989651025914796,3.2807126520413,8.002266507911337,0.36944444444444446,0.06057242566600668,0.32221213162779855,1.0
block,fullstate_voc,0.0031622776601683794,360,4.989651025914796,3.2807126520413,8.002266507911337,0.36944444444444446,0.06057242566600668,0.32221213162779855,1.0
block,fullstate_voc,0.004216965034285822,360,4.989651025914796,3.2807126520413,8.002266507911337,0.36944444444444446,0.06057242566600668,0.32221213162779855,1.0
block,fullstate_voc,0.005623413251903491,360,4.989651025914796,3.2807126520413,8.002266507911337,0.36944444444444446,0.06057242566600668,0.32221213162779855,1.0
block,fullstate_voc,0.007498942093324558,360,4.989651025914796,3.2807126520413,8.002266507911337,0.36944444444444446,0.06057242566600668,0.32221213162779855,1.0
block,fullstate_voc,0.01,360,4.989651025914796,3.2807126520413,8.002266507911337,0.36944444444444446,0.06057242566600668,0.32221213162779855,1.0
block,voc,0.0,360,0.003327585348716887,0.00032969888794915817,0.009033914897911187,1.0,0.7752578069860312,5.849785546688792,0.0
block,hybrid,0.0,360,2.1249923387456646,1.7008078030241292,2.5120300801621673,0.6638888888888889,0.2513871882121243,1.74089786030553,0.22466960352422907
block,voc,1e-08,360,0.003925707686060403,0.0007620770122906724,0.009643310193054446,1.0,0.7324204365508812,5.102120513119392,0.0
block,hybrid,1e-08,360,2.1249956417843516,1.7008127570796012,2.5120318016399232,0.6638888888888889,0.24970493701383048,1.7308047461721798,0.23788546255506607
block,voc,1.333521432163324e-08,360,0.00397494421979586,0.0008343696860337703,0.009772365354671846,1.0,0.7123150777372812,4.748767297958299,0.0
block,hybrid,1.333521432163324e-08,360,2.1249956434052613,1.7008127587815562,2.5120318064216063,0.6638888888888889,0.2490277783883593,1.7284132960832923,0.23788546255506607
block,voc,1.7782794100389228e-08,360,0.004111353598171715,0.0009418724526154223,0.00983446452210244,1.0,0.6914632432913584,4.3340795636583005,0.0
block,hybrid,1.7782794100389228e-08,360,2.124996292412808,1.7008137809684432,2.5120321471505687,0.6638888888888889,0.24848876054261204,1.7254033476444015,0.23788546255506607
block,voc,2.371373705661655e-08,360,0.00414977534818352,0.0009840104020261808,0.00987539928557336,1.0,0.6721299502528506,4.083268499674977,0.0
block,hybrid,2.371373705661655e-08,360,2.124996296000255,1.7008137809684432,2.5120321524420524,0.6638888888888889,0.24816772708711485,1.722769397716618,0.23788546255506607
block,voc,3.162277660168379e-08,360,0.008504936306163644,0.0011909215384166704,0.018489479816748314,0.9972222222222222,0.6488749022272509,3.702962949483329,0.0
block,hybrid,3.162277660168379e-08,360,2.1249962960872386,1.7008137810923944,2.5120321527030023,0.6638888888888889,0.24755411937899222,1.7212591664693921,0.2422907488986784
block,voc,4.2169650342858225e-08,360,0.012138788285530054,0.003796686073339001,0.02374807100388543,0.9972222222222222,0.6211665475916598,3.3531749469138656,0.0
block,hybrid,4.2169650342858225e-08,360,2.124995923192429,1.7008130364314167,2.5120317516312904,0.6638888888888889,0.24650386018419945,1.7177610365804967,0.24669603524229075
block,voc,5.6234132519034905e-08,360,0.012139874178755875,0.0037982908427302477,0.023748663132178528,0.9972222222222222,0.5981622926548664,3.168184283905541,0.0
block,hybrid,5.6234132519034905e-08,360,2.1249915459590687,1.7008106383038708,2.512030778500846,0.6638888888888889,0.24554533586495464,1.7073652586860286,0.24669603524229075
block,voc,7.498942093324559e-08,360,0.012278872065317402,0.004128331045145237,0.02395286339288707,0.9972222222222222,0.5810069386549066,3.0083958271860665,0.0
block,hybrid,7.498942093324559e-08,360,2.1249920565871143,1.7008088891625466,2.512032015062319,0.6638888888888889,0.24418728375476628,1.6977168684832376,0.24669603524229075
block,voc,1e-07,360,0.02849557490433561,0.007422294880786718,0.06012356226325224,0.9944444444444445,0.5585148845723716,2.7559392329110475,0.0
block,hybrid,1e-07,360,2.124993349038813,1.7008093142842888,2.5120336120898514,0.6638888888888889,0.24237854936815748,1.6786846410721106,0.24669603524229075
block,voc,1.333521432163324e-07,360,0.0375693525384389,0.01402984458803578,0.07157179278408275,0.9888888888888889,0.534641815017422,2.585941334116554,0.0
block,hybrid,1.333521432163324e-07,360,2.1249933304197626,1.7008093117478373,2.5120335891418137,0.6638888888888889,0.23948112614726555,1.6626173356748646,0.2511013215859031
block,voc,1.7782794100389227e-07,360,0.044600240896151826,0.019492397374343905,0.08272570327919015,0.9861111111111112,0.5126782565803885,2.460023630391586,0.0
block,hybrid,1.7782794100389227e-07,360,2.12499188767719,1.7008093136905629,2.5120328316265743,0.6638888888888889,0.237761723242753,1.6454534257360036,0.2511013215859031
block,voc,2.3713737056616554e-07,360,0.04927698146649134,0.02060365004488387,0.08668240623604527,0.9833333333333333,0.5012520083803907,2.395724223172187,0.0
block,hybrid,2.3713737056616554e-07,360,2.1249906717318683,1.7008087396443796,2.5120310343790186,0.6638888888888889,0.23540478143069962,1.6270212115359957,0.2555066079295154
block,voc,3.162277660168379e-07,360,0.04927510750084852,0.02060371232736623,0.08667952027887897,0.9833333333333333,0.47947281535536396,2.3574285632943934,0.0
block,hybrid,3.162277660168379e-07,360,2.124989655005266,1.7008101549642711,2.512030486632895,0.6638888888888889,0.2316321623388346,1.6144281188554488,0.2907488986784141
block,voc,4.2169650342858225e-07,360,0.06805506628841669,0.03261618595454828,0.10900590056279562,0.975,0.45299019915947275,2.154859073441599,0.0
block,hybrid,4.2169650342858225e-07,360,2.1249911787288984,1.7008101534887918,2.5120318507657005,0.6638888888888889,0.22950794902387803,1.6082776963915624,0.29515418502202645
block,voc,5.62341325190349e-07,360,0.09125897439061197,0.048125239727392466,0.1472961026062027,0.9722222222222222,0.43554305249723807,2.0250155498943667,0.0
block,hybrid,5.62341325190349e-07,360,2.1249869272874333,1.7008061202207985,2.5120318648955666,0.6638888888888889,0.2257014977445087,1.599632090469327,0.3039647577092511
block,voc,7.498942093324558e-07,360,0.09849769409690272,0.05425391665423073,0.1553110898682299,0.9666666666666667,0.4203527263234517,1.942774090438747,0.0
block,hybrid,7.498942093324558e-07,360,2.124986889284814,1.7008060619483876,2.512031847772384,0.6638888888888889,0.22123035901286375,1.5947981909998412,0.3039647577092511
block,voc,1e-06,360,0.09849660238199652,0.054252888240932814,0.15531051454728642,0.9666666666666667,0.4029747519543478,1.9106126089693842,0.0
block,hybrid,1e-06,360,2.124985747644814,1.7008060589765237,2.512030833150317,0.6638888888888889,0.2143903338623375,1.580197556013728,0.3392070484581498
block,voc,1.333521432163324e-06,360,0.09915450493873593,0.05437168172056061,0.15653417587432522,0.9666666666666667,0.3796341957499507,1.8565329501472156,0.0
block,hybrid,1.333521432163324e-06,360,2.1256437700504947,1.7014641109924329,2.5126562089143314,0.6638888888888889,0.19409604483755621,1.532932953385979,0.3920704845814978
block,voc,1.7782794100389227e-06,360,0.09915453254517523,0.054371720105048406,0.15653419878429592,0.9666666666666667,0.37393651525551963,1.8466616389472115,0.0
block,hybrid,1.7782794100389227e-06,360,2.1256437687452605,1.7014641138599167,2.5126562115266853,0.6638888888888889,0.19088742707963754,1.5267259845832188,0.4052863436123348
block,voc,2.3713737056616552e-06,360,0.09915993444467475,0.05437710887223893,0.15654269770252513,0.9666666666666667,0.36211090986643324,1.8188276932805416,0.0
block,hybrid,2.3713737056616552e-06,360,2.1256490979020644,1.7014640557474192,2.512656185330689,0.6638888888888889,0.18216807884977007,1.5030988075026774,0.42731277533039647
block,voc,3.162277660168379e-06,360,0.10349710228758416,0.06052254394385581,0.16312870082086436,0.9666666666666667,0.3566189591859009,1.759938090611124,0.0
block,hybrid,3.162277660168379e-06,360,2.129985977235559,1.7060626458248518,2.5174431904147685,0.6638888888888889,0.1770098107722061,1.4447470694582485,0.44052863436123346
block,voc,4.216965034285822e-06,360,0.11324104515577574,0.06869098245740844,0.17335563329578402,0.9638888888888889,0.3492152177571894,1.6931607401139244,0.004405286343612335
block,hybrid,4.216965034285822e-06,360,2.139729916896463,1.714723040123075,2.5250241897128256,0.6611111111111111,0.17006193505293352,1.3786754404360384,0.45374449339207046
block,voc,5.623413251903491e-06,360,0.12546979622146387,0.0781199485992381,0.1859502302597683,0.9638888888888889,0.34380892656845013,1.620897207883364,0.004405286343612335
block,hybrid,5.623413251903491e-06,360,2.151958615446404,1.732195504057845,2.532897755755058,0.6611111111111111,0.16487246227144856,1.3071474413332806,0.4669603524229075
block,voc,7.498942093324558e-06,360,0.16670801678515682,0.11742982568232857,0.2289682706003231,0.9527777777777777,0.3320509404889609,1.433712490638906,0.022026431718061675
block,hybrid,7.498942093324558e-06,360,2.1931968360100975,1.7645182285517393,2.5808026316942483,0.65,0.1530596562841982,1.1198811026332602,0.4845814977973568
block,voc,9.999999999999999e-06,360,0.21729245288672278,0.16369240113710776,0.2828902749613672,0.9305555555555556,0.32060981599938304,1.2598668515389162,0.05726872246696035
block,hybrid,9.999999999999999e-06,360,2.2433258951708317,1.8162881677612004,2.631066795679168,0.6277777777777778,0.14336782353617142,0.948595810574928,0.5198237885462555
block,voc,1.333521432163324e-05,360,0.2960969653015092,0.23273355170833848,0.3720584438922969,0.8916666666666667,0.2948367829374736,1.1194758946166883,0.11894273127753303
block,hybrid,1.333521432163324e-05,360,2.2902340006123696,1.8564860991794805,2.6718466711279887,0.6083333333333333,0.1348150042036205,0.850040682724951,0.5594713656387665
block,voc,1.778279410038923e-05,360,0.44333022555206064,0.3624451351232648,0.537124140436667,0.825,0.2565930068825378,0.9274741115139074,0.22026431718061673
block,hybrid,1.778279410038923e-05,360,2.36172168593866,1.9222533396021622,2.731559936490724,0.5777777777777777,0.12551490746663746,0.7311158134360792,0.6123348017621145
block,voc,2.3713737056616554e-05,360,0.7489357414061999,0.6265794115354034,0.9059711720355557,0.7694444444444445,0.22188450031730425,0.8236007736750152,0.31277533039647576
block,hybrid,2.3713737056616554e-05,360,2.4297374321308656,2.0021433492841543,2.830176872213357,0.5583333333333333,0.11360546409120012,0.6612660286027575,0.6431718061674009
block,voc,3.1622776601683795e-05,360,1.5176119216448751,1.2219959721917426,1.7731957252633517,0.6944444444444444,0.18606899907943414,0.735731502575052,0.43171806167400884
block,hybrid,3.1622776601683795e-05,360,2.61366147449522,2.2020983441161017,3.018010364282584,0.5333333333333333,0.10434758659589487,0.6099310891750065,0.6872246696035242
block,voc,4.216965034285822e-05,360,2.2486758645717946,1.8249076958760158,2.639330936934088,0.6277777777777778,0.15090302912037773,0.6461763380194497,0.5374449339207048
block,hybrid,4.216965034285822e-05,360,2.7266115175197805,2.298262609486071,3.1511537799916964,0.5166666666666667,0.09955523908140892,0.5644024371999876,0.7180616740088106
block,voc,5.623413251903491e-05,360,2.6920750229256143,2.237974542530664,3.1591138781648977,0.5722222222222222,0.12096706221584483,0.5316819936416727,0.6387665198237885
block,hybrid,5.623413251903491e-05,360,2.8658583715230446,2.437814533657498,3.304743159285659,0.5027777777777778,0.09387077552502572,0.4943387604555533,0.748898678414097
block,voc,7.498942093324559e-05,360,3.000460720252574,2.5803906128342935,3.434384676463501,0.55,0.10512419010451687,0.4204149141222135,0.7004405286343612
block,hybrid,7.498942093324559e-05,360,3.138419008695561,2.7237937112898285,3.5441331570901755,0.4888888888888889,0.08623072774485789,0.3962253466749947,0.7973568281938326
block,voc,0.0001,360,3.1632840935097097,2.711056316286905,3.6120939041707114,0.5388888888888889,0.09644401862658465,0.3760353015555362,0.7312775330396476
block,hybrid,0.0001,360,3.268899650644966,2.8119899216397277,3.7049809001494745,0.4861111111111111,0.08229898076859099,0.3593852523777564,0.8149779735682819
block,voc,0.0001333521432163324,360,3.195948874413825,2.7403697560435503,3.6385761054384242,0.5333333333333333,0.09082022407710152,0.3694352142749772,0.7400881057268722
block,hybrid,0.0001333521432163324,360,3.277784475122064,2.8230624964273265,3.7119654546546097,0.4861111111111111,0.08055353320998146,0.35725284360554116,0.8149779735682819
block,voc,0.00017782794100389227,360,3.2628795693930694,2.815666646128542,3.69627774172352,0.5027777777777778,0.08058923766595115,0.35758013912499237,0.788546255506608
block,hybrid,0.00017782794100389227,360,3.298661429432991,2.8506848812866026,3.734025802810582,0.4777777777777778,0.07684568293506025,0.3531916720722216,0.8281938325991189
block,voc,0.0002371373705661655,360,3.310925603631531,2.8641846328894904,3.748926648178589,0.4722222222222222,0.07539431380654754,0.3514385288777804,0.8370044052863436
block,hybrid,0.0002371373705661655,360,3.310925603631531,2.8641846328894904,3.748926648178589,0.4722222222222222,0.07539431380654754,0.3514385288777804,0.8370044052863436
block,voc,0.00031622776601683794,360,3.3891087721114332,2.954287631127399,3.8125637569907287,0.42777777777777776,0.06878617215600157,0.34416278103611453,0.9074889867841409
block,hybrid,0.00031622776601683794,360,3.3891087721114332,2.954287631127399,3.8125637569907287,0.42777777777777776,0.06878617215600157,0.34416278103611453,0.9074889867841409
block,voc,0.00042169650342858224,360,3.4843245181231843,3.0559141472642364,3.92462137278121,0.3888888888888889,0.06309677447026284,0.3381362900750092,0.9691629955947136
block,hybrid,0.00042169650342858224,360,3.4843245181231843,3.0559141472642364,3.92462137278121,0.3888888888888889,0.06309677447026284,0.3381362900750092,0.9691629955947136
block,voc,0.0005623413251903491,360,3.6141487878003677,3.135524365949212,4.089899425022154,0.37777777777777777,0.061594546729480136,0.3299351946722305,0.986784140969163
block,hybrid,0.0005623413251903491,360,3.6141487878003677,3.135524365949212,4.089899425022154,0.37777777777777777,0.061594546729480136,0.3299351946722305,0.986784140969163
block,voc,0.0007498942093324559,360,3.6289565814703515,3.1633394900418073,4.11326235935799,0.37222222222222223,0.061007445651178965,0.3292495519805723,0.9955947136563876
block,hybrid,0.0007498942093324559,360,3.6289565814703515,3.1633394900418073,4.11326235935799,0.37222222222222223,0.061007445651178965,0.3292495519805723,0.9955947136563876
block,voc,0.001,360,3.6289565814703515,3.1633394900418073,4.11326235935799,0.37222222222222223,0.061007445651178965,0.3292495519805723,0.9955947136563876
block,hybrid,0.001,360,3.6289565814703515,3.1633394900418073,4.11326235935799,0.37222222222222223,0.061007445651178965,0.3292495519805723,0.9955947136563876
block,voc,0.001333521432163324,360,3.6289565814703515,3.1633394900418073,4.11326235935799,0.37222222222222223,0.061007445651178965,0.3292495519805723,0.9955947136563876
block,hybrid,0.001333521432163324,360,3.6289565814703515,3.1633394900418073,4.11326235935799,0.37222222222222223,0.061007445651178965,0.3292495519805723,0.9955947136563876
block,voc,0.0017782794100389228,360,4.989651025914796,3.2807126520413,8.002266507911337,0.36944444444444446,0.06057242566600668,0.32221213162779855,1.0
block,hybrid,0.0017782794100389228,360,4.989651025914796,3.2807126520413,8.002266507911337,0.36944444444444446,0.06057242566600668,0.32221213162779855,1.0
block,voc,0.0023713737056616554,360,4.989651025914796,3.2807126520413,8.002266507911337,0.36944444444444446,0.06057242566600668,0.32221213162779855,1.0
block,hybrid,0.0023713737056616554,360,4.989651025914796,3.2807126520413,8.002266507911337,0.36944444444444446,0.06057242566600668,0.32221213162779855,1.0
block,voc,0.0031622776601683794,360,4.989651025914796,3.2807126520413,8.002266507911337,0.36944444444444446,0.06057242566600668,0.32221213162779855,1.0
block,hybrid,0.0031622776601683794,360,4.989651025914796,3.2807126520413,8.002266507911337,0.36944444444444446,0.06057242566600668,0.32221213162779855,1.0
block,voc,0.004216965034285822,360,4.989651025914796,3.2807126520413,8.002266507911337,0.36944444444444446,0.06057242566600668,0.32221213162779855,1.0
block,hybrid,0.004216965034285822,360,4.989651025914796,3.2807126520413,8.002266507911337,0.36944444444444446,0.06057242566600668,0.32221213162779855,1.0
block,voc,0.005623413251903491,360,4.989651025914796,3.2807126520413,8.002266507911337,0.36944444444444446,0.06057242566600668,0.32221213162779855,1.0
block,hybrid,0.005623413251903491,360,4.989651025914796,3.2807126520413,8.002266507911337,0.36944444444444446,0.06057242566600668,0.32221213162779855,1.0
block,voc,0.007498942093324558,360,4.989651025914796,3.2807126520413,8.002266507911337,0.36944444444444446,0.06057242566600668,0.32221213162779855,1.0
block,hybrid,0.007498942093324558,360,4.989651025914796,3.2807126520413,8.002266507911337,0.36944444444444446,0.06057242566600668,0.32221213162779855,1.0
block,voc,0.01,360,4.989651025914796,3.2807126520413,8.002266507911337,0.36944444444444446,0.06057242566600668,0.32221213162779855,1.0
block,hybrid,0.01,360,4.989651025914796,3.2807126520413,8.002266507911337,0.36944444444444446,0.06057242566600668,0.32221213162779855,1.0
block,hardlabel,0.01,360,0.010111982822372212,0.0032724891657271017,0.019836553507889914,0.9972222222222222,0.47641487943283006,2.949998649044321,0.0
block,hardlabel,0.020000000000000004,360,0.01573763931932511,0.007361051597019255,0.027014887657718926,0.9972222222222222,0.428956148664613,2.5950513336554955,0.0
block,hardlabel,0.030000000000000006,360,0.017985611744458643,0.008456500243083694,0.029243728877969177,0.9972222222222222,0.40163446227575395,2.535636375455518,0.0
block,hardlabel,0.04000000000000001,360,0.026613322734069467,0.014192913299182281,0.04031246169614127,0.9972222222222222,0.3887697903127809,2.4615642208610553,0.0
block,hardlabel,0.05000000000000001,360,0.03982576375689558,0.02310995249326995,0.05614685230486095,0.9944444444444445,0.3782151013046847,2.437479065994396,0.004405286343612335
block,hardlabel,0.06000000000000001,360,0.04696144210587347,0.03021172564802294,0.06470834156402637,0.9944444444444445,0.3724220370711303,2.332438860683295,0.004405286343612335
block,hardlabel,0.07,360,0.053132255849078214,0.0331990095779855,0.07247994794765363,0.9944444444444445,0.3709945639697373,2.3107438853749653,0.004405286343612335
block,hardlabel,0.08,360,0.054269505546579826,0.03430251313809274,0.07388117245509547,0.9944444444444445,0.364683521713719,2.267194178180519,0.004405286343612335
block,hardlabel,0.09000000000000001,360,0.05563470828214096,0.03465671199254891,0.07485539637568976,0.9944444444444445,0.36410492929191335,2.2566784901944126,0.004405286343612335
block,hardlabel,0.1,360,0.06369499433611939,0.0405176130728946,0.0838975180848987,0.9916666666666667,0.36162925844216603,2.2239116544749775,0.004405286343612335
block,hardlabel,0.15,360,0.09079822039646339,0.06745680166763725,0.1161622670128007,0.9861111111111112,0.3510116545639885,2.0494758987388804,0.00881057268722467
block,hardlabel,0.19999999999999998,360,0.132244424282665,0.09835452962968347,0.17372106800321013,0.9722222222222222,0.33970237416563104,1.9341584483138932,0.01762114537444934
block,hardlabel,0.25,360,1.5228520281597384,0.13252465781378653,4.295033968842743,0.9611111111111111,0.3271705364248001,1.830287054877792,0.030837004405286344
block,hardlabel,0.3,360,1.5429724437430856,0.14911626919060958,4.311568289638065,0.9555555555555556,0.3188877489679593,1.7248476734861267,0.039647577092511016
block,hardlabel,0.35,360,1.8230054737999664,0.30595293086554043,4.90257840080072,0.9277777777777778,0.30321420322227893,1.6485105192055824,0.08370044052863436
block,hardlabel,0.39999999999999997,360,2.096658625460557,0.5216166502318006,5.148351717565287,0.9055555555555556,0.2888777163324434,1.5829061001805813,0.11894273127753303
block,hardlabel,0.44999999999999996,360,2.2717561634210286,0.7155170291526807,5.314427724035817,0.8722222222222222,0.2704640724449548,1.4946411216611322,0.16740088105726872
block,hardlabel,0.5,360,2.461595471627981,0.8776751314811874,5.454707440474933,0.8444444444444444,0.2479040759239299,1.3904023205389422,0.20704845814977973
block,hardlabel,0.5499999999999999,360,2.8020879330631887,1.1883298257159152,5.874458919909527,0.8111111111111111,0.2281263219572467,1.3442001952555984,0.2599118942731278
block,hardlabel,0.6,360,3.050024504565728,1.3650927792478542,6.125347769708497,0.7888888888888889,0.2126591535469963,1.2534553213917106,0.29955947136563876
block,hardlabel,0.6499999999999999,360,3.2218658571900627,1.5938864414849385,6.30282026863384,0.7666666666666667,0.20049467337196386,1.214949667513924,0.33480176211453744
block,hardlabel,0.7,360,3.468857287450482,1.8184223683893679,6.491559560750601,0.7361111111111112,0.18270568683922098,1.1232488612916818,0.3832599118942731
block,hardlabel,0.75,360,3.727200114548232,2.0594175766019394,6.683042013568263,0.6888888888888889,0.15117838749567775,1.0174838176638736,0.4581497797356828
block,hardlabel,0.7999999999999999,360,3.8765293794600653,2.156827496052515,6.870764528632578,0.6527777777777778,0.1343025498818067,0.9527299589583385,0.5154185022026432
block,hardlabel,0.85,360,4.036572809538732,2.3416893473810316,7.032739487694802,0.6,0.11516788627856829,0.8716677362444393,0.5991189427312775
block,hardlabel,0.8999999999999999,360,4.220877173737629,2.521225821972245,7.211592598209849,0.5277777777777778,0.094501113983373,0.7349653296027403,0.7092511013215859
block,hardlabel,0.95,360,4.502424486780293,2.8101745182474533,7.43336362808982,0.4111111111111111,0.07377119235339923,0.5457049701889143,0.8854625550660793
block,voc_seq,0.0,360,0.0003702811521775607,0.00018413315039756512,0.0005784521277156607,1.0,1.726608613281924,12.353111369980352,0.0
block,voc_seq,1e-08,360,0.0005206798697079977,0.0002798776022620965,0.0008131506296445748,1.0,1.6394599067572022,10.879284399905343,0.0
block,voc_seq,1.333521432163324e-08,360,0.0007191875887547787,0.00046002989905876476,0.001036379390025595,1.0,1.6134639833213757,10.391185766641462,0.0
block,voc_seq,1.7782794100389228e-08,360,0.001020980356048813,0.0006502571225006881,0.0015134455913969852,1.0,1.5770530622530663,9.742289304399804,0.0
block,voc_seq,2.371373705661655e-08,360,0.001092566968040887,0.0007312554493817096,0.0015887642089342014,1.0,1.5426569566737376,9.137095868280397,0.0
block,voc_seq,3.162277660168379e-08,360,0.0012750563557479277,0.0008470772269090911,0.001886546827616127,1.0,1.4905161460505263,8.260652137466524,0.0
block,voc_seq,4.2169650342858225e-08,360,0.0012938072212112658,0.0008760620350370113,0.0019073911633011819,1.0,1.4310647231441405,7.718546311238727,0.0
block,voc_seq,5.6234132519034905e-08,360,0.001517818434035503,0.0009624700290630175,0.0022410746854853655,1.0,1.3731555228072745,6.906157912758186,0.0
block,voc_seq,7.498942093324559e-08,360,0.0017011109343591038,0.001118463375253262,0.0025530094597786303,1.0,1.2697457061794426,6.102208554766518,0.0
block,voc_seq,1e-07,360,0.0018884929983242864,0.0012462207023875068,0.002730893631428582,1.0,1.1814449812658303,5.449783897724845,0.0
block,voc_seq,1.333521432163324e-07,360,0.001888351104695842,0.0012460125578683974,0.0027304825670140657,1.0,1.1167155849258026,4.968195888933153,0.0
block,voc_seq,1.7782794100389227e-07,360,0.0018883042111662758,0.001245971569397565,0.0027303718277212107,1.0,1.0407640049491067,4.578853562013713,0.0
block,voc_seq,2.3713737056616554e-07,360,0.0020273399178179405,0.001274811375577894,0.002960305921473973,1.0,0.9829438155764062,4.229177831174841,0.0
block,voc_seq,3.162277660168379e-07,360,0.010560668942173909,0.0018646351365097947,0.02148099733441789,0.9972222222222222,0.9074913808223918,3.764305871660973,0.0
block,voc_seq,4.2169650342858225e-07,360,0.013258130335729323,0.0044620645163299475,0.02379599585819954,0.9972222222222222,0.806112993778018,3.4446717987109574,0.0
block,voc_seq,5.62341325190349e-07,360,0.04157358358097201,0.016774876702176953,0.07733176141976432,0.9861111111111112,0.7434492817427562,3.1417759972082218,0.0
block,voc_seq,7.498942093324558e-07,360,0.046065852902009485,0.020797119730751497,0.08171951108382981,0.9861111111111112,0.6470035223392434,2.859025398849887,0.0
block,voc_seq,1e-06,360,0.062052941523432124,0.03272795944859326,0.0996316908885587,0.9805555555555555,0.5922938285023364,2.542521100519409,0.0
block,voc_seq,1.333521432163324e-06,360,0.07642937215051522,0.042349707837657284,0.11568044558036586,0.9722222222222222,0.5129823052360495,2.220396835777774,0.0
block,voc_seq,1.7782794100389227e-06,360,0.09448100514547,0.051672631986966186,0.1512972833838553,0.9694444444444444,0.4560472728102392,2.030307027369438,0.0
block,voc_seq,2.3713737056616552e-06,360,0.09448624328339253,0.05167268455886746,0.1512971616615821,0.9694444444444444,0.42092854819852127,1.944983188577761,0.0
block,voc_seq,3.162277660168379e-06,360,0.09882344251268903,0.056553644775261105,0.15703595421619138,0.9694444444444444,0.3851734759285589,1.8358968586472253,0.0
block,voc_seq,4.216965034285822e-06,360,0.11324105029758802,0.0686909831385898,0.1733556390708645,0.9638888888888889,0.36483279375262123,1.7216783426194524,0.004405286343612335
block,voc_seq,5.623413251903491e-06,360,0.12546979990589918,0.07811995240702785,0.18595023698680962,0.9638888888888889,0.35531236951732953,1.6408577836833602,0.004405286343612335
block,voc_seq,7.498942093324558e-06,360,0.16670801983964662,0.11742983376920853,0.2289682783553501,0.9527777777777777,0.3439987320057181,1.4504050719222403,0.022026431718061675
block,voc_seq,9.999999999999999e-06,360,0.2172924524065739,0.1636924009519836,0.28289027411567513,0.9305555555555556,0.3305287214758171,1.2740747334694686,0.05726872246696035
block,voc_seq,1.333521432163324e-05,360,0.2960969647686013,0.23273355093887238,0.37205844253250947,0.8916666666666667,0.299973224373018,1.1269138584833651,0.11894273127753303
block,voc_seq,1.778279410038923e-05,360,0.4433302250191527,0.36244513432303066,0.5371241400528062,0.825,0.25993249607524416,0.9322941192917117,0.22026431718061673
block,voc_seq,2.3713737056616554e-05,360,0.7489357408732922,0.6265794107576094,0.9059711714576847,0.7694444444444445,0.22339104894965445,0.8256805038000392,0.31277533039647576
block,voc_seq,3.1622776601683795e-05,360,1.5176119262919963,1.2219959792786022,1.773195735022306,0.6944444444444444,0.18792679431479214,0.7381093226889385,0.43171806167400884
block,voc_seq,4.216965034285822e-05,360,2.2486758645717946,1.8249076958760158,2.639330936934088,0.6277777777777778,0.15090302912037773,0.6461763380194497,0.5374449339207048
block,voc_seq,5.623413251903491e-05,360,2.6920750229256143,2.237974542530664,3.1591138781648977,0.5722222222222222,0.12096706221584483,0.5316819936416727,0.6387665198237885
block,voc_seq,7.498942093324559e-05,360,3.000460720252574,2.5803906128342935,3.434384676463501,0.55,0.10512419010451687,0.4204149141222135,0.7004405286343612
block,voc_seq,0.0001,360,3.1632840935097097,2.711056316286905,3.6120939041707114,0.5388888888888889,0.09644401862658465,0.3760353015555362,0.7312775330396476
block,voc_seq,0.0001333521432163324,360,3.195948874413825,2.7403697560435503,3.6385761054384242,0.5333333333333333,0.09082022407710152,0.3694352142749772,0.7400881057268722
block,voc_seq,0.00017782794100389227,360,3.2628795693930694,2.815666646128542,3.69627774172352,0.5027777777777778,0.08058923766595115,0.35758013912499237,0.788546255506608
block,voc_seq,0.0002371373705661655,360,3.310925603631531,2.8641846328894904,3.748926648178589,0.4722222222222222,0.07539431380654754,0.3514385288777804,0.8370044052863436
block,voc_seq,0.00031622776601683794,360,3.3891087721114332,2.954287631127399,3.8125637569907287,0.42777777777777776,0.06878617215600157,0.34416278103611453,0.9074889867841409
block,voc_seq,0.00042169650342858224,360,3.4843245181231843,3.0559141472642364,3.92462137278121,0.3888888888888889,0.06309677447026284,0.3381362900750092,0.9691629955947136
block,voc_seq,0.0005623413251903491,360,3.6141487878003677,3.135524365949212,4.089899425022154,0.37777777777777777,0.061594546729480136,0.3299351946722305,0.986784140969163
block,voc_seq,0.0007498942093324559,360,3.6289565814703515,3.1633394900418073,4.11326235935799,0.37222222222222223,0.061007445651178965,0.3292495519805723,0.9955947136563876
block,voc_seq,0.001,360,3.6289565814703515,3.1633394900418073,4.11326235935799,0.37222222222222223,0.061007445651178965,0.3292495519805723,0.9955947136563876
block,voc_seq,0.001333521432163324,360,3.6289565814703515,3.1633394900418073,4.11326235935799,0.37222222222222223,0.061007445651178965,0.3292495519805723,0.9955947136563876
block,voc_seq,0.0017782794100389228,360,4.989651025914796,3.2807126520413,8.002266507911337,0.36944444444444446,0.06057242566600668,0.32221213162779855,1.0
block,voc_seq,0.0023713737056616554,360,4.989651025914796,3.2807126520413,8.002266507911337,0.36944444444444446,0.06057242566600668,0.32221213162779855,1.0
block,voc_seq,0.0031622776601683794,360,4.989651025914796,3.2807126520413,8.002266507911337,0.36944444444444446,0.06057242566600668,0.32221213162779855,1.0
block,voc_seq,0.004216965034285822,360,4.989651025914796,3.2807126520413,8.002266507911337,0.36944444444444446,0.06057242566600668,0.32221213162779855,1.0
block,voc_seq,0.005623413251903491,360,4.989651025914796,3.2807126520413,8.002266507911337,0.36944444444444446,0.06057242566600668,0.32221213162779855,1.0
block,voc_seq,0.007498942093324558,360,4.989651025914796,3.2807126520413,8.002266507911337,0.36944444444444446,0.06057242566600668,0.32221213162779855,1.0
block,voc_seq,0.01,360,4.989651025914796,3.2807126520413,8.002266507911337,0.36944444444444446,0.06057242566600668,0.32221213162779855,1.0
block,hybrid_seq,0.0,360,2.1249982188764798,1.7008158977148486,2.5120306423371686,0.6638888888888889,0.4356051765542363,3.1825151408553007,0.22466960352422907
block,hybrid_seq,1e-08,360,2.1249982126191918,1.7008158911300817,2.512030635255383,0.6638888888888889,0.4278017392259273,3.061668526969192,0.23788546255506607
block,hybrid_seq,1.333521432163324e-08,360,2.1249982128102167,1.700815890517,2.512030634916533,0.6638888888888889,0.423655150404049,2.991823555766425,0.23788546255506607
block,hybrid_seq,1.7782794100389228e-08,360,2.1249982128102167,1.700815890517,2.512030634916533,0.6638888888888889,0.423655150404049,2.991823555766425,0.23788546255506607
block,hybrid_seq,2.371373705661655e-08,360,2.1249982128102167,1.700815890517,2.512030634916533,0.6638888888888889,0.4206228938515804,2.959835218513662,0.23788546255506607
block,hybrid_seq,3.162277660168379e-08,360,2.124996656658728,1.7008168702711943,2.5120316251521313,0.6638888888888889,0.4150076277915418,2.8702165132330872,0.2422907488986784
block,hybrid_seq,4.2169650342858225e-08,360,2.124994774263866,1.7008129018751867,2.512030635395012,0.6638888888888889,0.4119302128695745,2.8327844591414153,0.24669603524229075
block,hybrid_seq,5.6234132519034905e-08,360,2.1249947716999227,1.7008128953569908,2.512030632847791,0.6638888888888889,0.4047603023841808,2.7385482113636397,0.24669603524229075
block,hybrid_seq,7.498942093324559e-08,360,2.1249972854160686,1.7008129777379744,2.5120325850023293,0.6638888888888889,0.3954164699288056,2.5807903003358157,0.24669603524229075
block,hybrid_seq,1e-07,360,2.124992639205576,1.7008129777379746,2.51203083199864,0.6638888888888889,0.3904427056947339,2.5039393623635986,0.24669603524229075
block,hybrid_seq,1.333521432163324e-07,360,2.1249939479345246,1.700813507984146,2.512033110422889,0.6638888888888889,0.37671108153930405,2.303111749055238,0.2511013215859031
block,hybrid_seq,1.7782794100389227e-07,360,2.1249940036461745,1.7008135128749602,2.5120331152057522,0.6638888888888889,0.3576890671359646,2.087951329596894,0.2511013215859031
block,hybrid_seq,2.3713737056616554e-07,360,2.1249933321558987,1.700811115684687,2.5120339980650463,0.6638888888888889,0.34725458225070693,2.0223471368830257,0.2555066079295154
block,hybrid_seq,3.162277660168379e-07,360,2.124989773803059,1.700810127113683,2.5120311844056187,0.6638888888888889,0.32638379283574537,1.881946253896917,0.2907488986784141
block,hybrid_seq,4.2169650342858225e-07,360,2.124989778076208,1.7008101310525907,2.5120311868586658,0.6638888888888889,0.30901498657091936,1.8474370426719058,0.29515418502202645
block,hybrid_seq,5.62341325190349e-07,360,2.1249898227191473,1.700810145408668,2.512031205953418,0.6638888888888889,0.2995521027077682,1.83215599736084,0.3039647577092511
block,hybrid_seq,7.498942093324558e-07,360,2.124989794024955,1.7008101013261558,2.51203119229295,0.6638888888888889,0.28105915464034037,1.8071791832552966,0.3039647577092511
block,hybrid_seq,1e-06,360,2.124984935478799,1.7008054579965715,2.512030912483511,0.6638888888888889,0.2629590356716063,1.762366515183132,0.3392070484581498
block,hybrid_seq,1.333521432163324e-06,360,2.1256434651398552,1.7014640505486696,2.512656502081767,0.6638888888888889,0.22023016847486815,1.6565381457581883,0.3920704845814978
block,hybrid_seq,1.7782794100389227e-06,360,2.1256437643436996,1.7014641115365599,2.512656202233185,0.6638888888888889,0.19848370571852345,1.571809211797083,0.4052863436123348
block,hybrid_seq,2.3713737056616552e-06,360,2.12564909857482,1.7014640560880783,2.512656185932105,0.6638888888888889,0.1870607823301852,1.5223680218248874,0.42731277533039647
block,hybrid_seq,3.162277660168379e-06,360,2.129985977908315,1.7060626461655108,2.5174431910161847,0.6638888888888889,0.1778735587593761,1.449257971597126,0.44052863436123346
block,hybrid_seq,4.216965034285822e-06,360,2.139729917526409,1.7147230404433995,2.525024190293907,0.6611111111111111,0.1708060515371346,1.386746825655468,0.45374449339207046
block,hybrid_seq,5.623413251903491e-06,360,2.15195861607635,1.7321955043781694,2.5328977563450237,0.6611111111111111,0.16493589988776033,1.3109433744110497,0.4669603524229075
block,hybrid_seq,7.498942093324558e-06,360,2.1931968360100975,1.7645182285517393,2.5808026316942483,0.65,0.15345136573466406,1.1203037476971582,0.4845814977973568
block,hybrid_seq,9.999999999999999e-06,360,2.2433258951708317,1.8162881677612004,2.631066795679168,0.6277777777777778,0.14336782353617142,0.948595810574928,0.5198237885462555
block,hybrid_seq,1.333521432163324e-05,360,2.2902340006123696,1.8564860991794805,2.6718466711279887,0.6083333333333333,0.1348150042036205,0.850040682724951,0.5594713656387665
block,hybrid_seq,1.778279410038923e-05,360,2.36172168593866,1.9222533396021622,2.731559936490724,0.5777777777777777,0.12551490746663746,0.7311158134360792,0.6123348017621145
block,hybrid_seq,2.3713737056616554e-05,360,2.4297374321308656,2.0021433492841543,2.830176872213357,0.5583333333333333,0.11360546409120012,0.6612660286027575,0.6431718061674009
block,hybrid_seq,3.1622776601683795e-05,360,2.61366147449522,2.2020983441161017,3.018010364282584,0.5333333333333333,0.10434758659589487,0.6099310891750065,0.6872246696035242
block,hybrid_seq,4.216965034285822e-05,360,2.7266115175197805,2.298262609486071,3.1511537799916964,0.5166666666666667,0.09955523908140892,0.5644024371999876,0.7180616740088106
block,hybrid_seq,5.623413251903491e-05,360,2.8658583715230446,2.437814533657498,3.304743159285659,0.5027777777777778,0.09387077552502572,0.4943387604555533,0.748898678414097
block,hybrid_seq,7.498942093324559e-05,360,3.138419008695561,2.7237937112898285,3.5441331570901755,0.4888888888888889,0.08623072774485789,0.3962253466749947,0.7973568281938326
block,hybrid_seq,0.0001,360,3.268899650644966,2.8119899216397277,3.7049809001494745,0.4861111111111111,0.08229898076859099,0.3593852523777564,0.8149779735682819
block,hybrid_seq,0.0001333521432163324,360,3.277784475122064,2.8230624964273265,3.7119654546546097,0.4861111111111111,0.08055353320998146,0.35725284360554116,0.8149779735682819
block,hybrid_seq,0.00017782794100389227,360,3.298661429432991,2.8506848812866026,3.734025802810582,0.4777777777777778,0.07684568293506025,0.3531916720722216,0.8281938325991189
block,hybrid_seq,0.0002371373705661655,360,3.310925603631531,2.8641846328894904,3.748926648178589,0.4722222222222222,0.07539431380654754,0.3514385288777804,0.8370044052863436
block,hybrid_seq,0.00031622776601683794,360,3.3891087721114332,2.954287631127399,3.8125637569907287,0.42777777777777776,0.06878617215600157,0.34416278103611453,0.9074889867841409
block,hybrid_seq,0.00042169650342858224,360,3.4843245181231843,3.0559141472642364,3.92462137278121,0.3888888888888889,0.06309677447026284,0.3381362900750092,0.9691629955947136
block,hybrid_seq,0.0005623413251903491,360,3.6141487878003677,3.135524365949212,4.089899425022154,0.37777777777777777,0.061594546729480136,0.3299351946722305,0.986784140969163
block,hybrid_seq,0.0007498942093324559,360,3.6289565814703515,3.1633394900418073,4.11326235935799,0.37222222222222223,0.061007445651178965,0.3292495519805723,0.9955947136563876
block,hybrid_seq,0.001,360,3.6289565814703515,3.1633394900418073,4.11326235935799,0.37222222222222223,0.061007445651178965,0.3292495519805723,0.9955947136563876
block,hybrid_seq,0.001333521432163324,360,3.6289565814703515,3.1633394900418073,4.11326235935799,0.37222222222222223,0.061007445651178965,0.3292495519805723,0.9955947136563876
block,hybrid_seq,0.0017782794100389228,360,4.989651025914796,3.2807126520413,8.002266507911337,0.36944444444444446,0.06057242566600668,0.32221213162779855,1.0
block,hybrid_seq,0.0023713737056616554,360,4.989651025914796,3.2807126520413,8.002266507911337,0.36944444444444446,0.06057242566600668,0.32221213162779855,1.0
block,hybrid_seq,0.0031622776601683794,360,4.989651025914796,3.2807126520413,8.002266507911337,0.36944444444444446,0.06057242566600668,0.32221213162779855,1.0
block,hybrid_seq,0.004216965034285822,360,4.989651025914796,3.2807126520413,8.002266507911337,0.36944444444444446,0.06057242566600668,0.32221213162779855,1.0
block,hybrid_seq,0.005623413251903491,360,4.989651025914796,3.2807126520413,8.002266507911337,0.36944444444444446,0.06057242566600668,0.32221213162779855,1.0
block,hybrid_seq,0.007498942093324558,360,4.989651025914796,3.2807126520413,8.002266507911337,0.36944444444444446,0.06057242566600668,0.32221213162779855,1.0
block,hybrid_seq,0.01,360,4.989651025914796,3.2807126520413,8.002266507911337,0.36944444444444446,0.06057242566600668,0.32221213162779855,1.0
block,oracle,0.0,360,0.19981675696763584,0.1694711031046112,0.23092453657221404,1.0,0.25899748076598933,1.4808307452888887,0.0
block,oracle_voc,0.0,360,0.06327628730839989,0.023348525659589264,0.11470495706926227,0.9833333333333333,0.4996181142105232,3.3701188402194022,0.0
block,oracle_voc,1e-08,360,0.06797938571847392,0.030666621700815105,0.12039605525618997,0.9805555555555555,0.36415521146476176,2.913346451602663,0.0
block,oracle_voc,1.333521432163324e-08,360,0.0679802885117958,0.03066662332746037,0.1203982857685887,0.9805555555555555,0.3638920774241688,2.91210979015546,0.0
block,oracle_voc,1.7782794100389228e-08,360,0.06799469064345794,0.03069614769736778,0.12040584688771133,0.9805555555555555,0.3622972039718292,2.883841447624905,0.0
block,oracle_voc,2.371373705661655e-08,360,0.06808370315689719,0.03079604028798828,0.12046047790203532,0.9805555555555555,0.3570455820801929,2.7831195563110263,0.0
block,oracle_voc,3.162277660168379e-08,360,0.07452047211945777,0.03305980339559969,0.12942914941930064,0.9777777777777777,0.3489096578468213,2.6156753994360367,0.0
block,oracle_voc,4.2169650342858225e-08,360,0.0776435861939253,0.03703810383947431,0.13183196289588492,0.9777777777777777,0.33784095130729086,2.390844972252722,0.0
block,oracle_voc,5.6234132519034905e-08,360,0.07784985538940374,0.037268095896050915,0.13201365864063008,0.9777777777777777,0.33122344265729253,2.254433640472164,0.0
block,oracle_voc,7.498942093324559e-08,360,0.08522586016096567,0.03976091303520495,0.1343492577477065,0.975,0.3244708503642879,2.1060336917360574,0.0
block,oracle_voc,1e-07,360,0.08904119037576227,0.04407503491062134,0.1406213629660805,0.9722222222222222,0.3144821224100168,1.8921914277110772,0.0
block,oracle_voc,1.333521432163324e-07,360,0.09391361321088086,0.047871753635328654,0.14775226426036384,0.9694444444444444,0.3076437300145774,1.756852713480536,0.0
block,oracle_voc,1.7782794100389227e-07,360,0.098263890936018,0.05406201082117164,0.15509008432524932,0.9666666666666667,0.30103647903697417,1.6480775880694232,0.0
block,oracle_voc,2.3713737056616554e-07,360,0.09847453720529598,0.05429819023014945,0.15530431846354675,0.9666666666666667,0.2973782479659347,1.5781958217360725,0.0
block,oracle_voc,3.162277660168379e-07,360,0.09861342609418487,0.054364162452371675,0.1554362629079912,0.9666666666666667,0.29577800755567557,1.549405018605527,0.0
block,oracle_voc,4.2169650342858225e-07,360,0.09861342609418487,0.054364162452371675,0.1554362629079912,0.9666666666666667,0.29577800755567557,1.549405018605527,0.0
block,oracle_voc,5.62341325190349e-07,360,0.09861342609418487,0.054364162452371675,0.1554362629079912,0.9666666666666667,0.2940844008352795,1.5103210642277494,0.0
block,oracle_voc,7.498942093324558e-07,360,0.09908438096792006,0.054905829119038324,0.155528022028571,0.9666666666666667,0.29190616085807036,1.4635369738860895,0.0
block,oracle_voc,1e-06,360,0.09936215874569784,0.054905829119038324,0.155528022028571,0.9666666666666667,0.29152831612309976,1.457255718874977,0.0
block,oracle_voc,1.333521432163324e-06,360,0.09936215874569784,0.054905829119038324,0.155528022028571,0.9666666666666667,0.29152831612309976,1.457255718874977,0.0
block,oracle_voc,1.7782794100389227e-06,360,0.10036606161712851,0.056394069334040876,0.15707987182053335,0.9666666666666667,0.29091993319190534,1.444269218780543,0.0
block,oracle_voc,2.3713737056616552e-06,360,0.10184926268021148,0.05781194774867244,0.15902819005781546,0.9666666666666667,0.2891129556950787,1.4288023325916481,0.0
block,oracle_voc,3.162277660168379e-06,360,0.10633722124365988,0.06173817856792247,0.1642382924083065,0.9666666666666667,0.28488060280325106,1.3962549377833158,0.0
block,oracle_voc,4.216965034285822e-06,360,0.11373003390160695,0.06917952371438885,0.17108301363434777,0.9666666666666667,0.2810373472073364,1.3571014682944427,0.0
block,oracle_voc,5.623413251903491e-06,360,0.13645650424061254,0.08925796475925915,0.1954573974410943,0.9666666666666667,0.2728157962702242,1.2641174714416896,0.0
block,oracle_voc,7.498942093324558e-06,360,0.172141371984072,0.12589428107873665,0.22670185197082468,0.9611111111111111,0.26517554352824596,1.1561916167305955,0.00881057268722467
block,oracle_voc,9.999999999999999e-06,360,0.2215422004248413,0.16526780507044012,0.2758378895045009,0.9472222222222222,0.25344076825186074,1.0397708490056075,0.030837004405286344
block,oracle_voc,1.333521432163324e-05,360,0.28640634048207825,0.227233253179618,0.3484646691215714,0.9,0.23817230640008272,0.934286786311188,0.10572687224669604
block,oracle_voc,1.778279410038923e-05,360,0.3613368312409437,0.2947438892938161,0.43428726352500735,0.8611111111111112,0.2275154200625327,0.8403085030361581,0.16740088105726872
block,oracle_voc,2.3713737056616554e-05,360,0.4407831265627805,0.3646935134686335,0.5172846898409988,0.8277777777777777,0.21719571473385174,0.7616097081111952,0.22026431718061673
block,oracle_voc,3.1622776601683795e-05,360,0.48776698807069624,0.4137938694031005,0.5817994393242436,0.8111111111111111,0.21087170755063558,0.730789585366751,0.24669603524229075
block,oracle_voc,4.216965034285822e-05,360,0.5431001206836186,0.44709992676324933,0.640097240876566,0.7972222222222223,0.20418965582590123,0.7048568273695208,0.27312775330396477
block,oracle_voc,5.623413251903491e-05,360,0.7224844353337987,0.5879857375590454,0.8845717253725689,0.7694444444444445,0.19475129873340305,0.6377511287917818,0.32599118942731276
block,oracle_voc,7.498942093324559e-05,360,0.9920791279490933,0.7630374347181788,1.2372389094638447,0.7416666666666667,0.18286395833009123,0.5525940294917948,0.3964757709251101
block,oracle_voc,0.0001,360,1.2356470255005836,0.997930838387671,1.5049283210981137,0.7111111111111111,0.1689512139826371,0.49781417013621954,0.45374449339207046
block,oracle_voc,0.0001333521432163324,360,1.44268137347625,1.176875692616026,1.726296490228439,0.6833333333333333,0.15306724589692317,0.46479070240841086,0.5022026431718062
block,oracle_voc,0.00017782794100389227,360,1.722506478994814,1.4371803575047948,2.009479344929703,0.6361111111111111,0.13464508791667545,0.43337473780843033,0.5770925110132159
block,oracle_voc,0.0002371373705661655,360,2.042068869274292,1.7218414323646423,2.3341029607239663,0.5638888888888889,0.1150349085891747,0.4063849598500989,0.6916299559471366
block,oracle_voc,0.00031622776601683794,360,2.5442679652555356,2.162706613656632,2.92474355366569,0.49444444444444446,0.09555800459823073,0.37480139226953624,0.801762114537445
block,oracle_voc,0.00042169650342858224,360,3.2232544362209197,2.801589103723986,3.655750718209638,0.42777777777777776,0.07258143976470606,0.3433019313389094,0.9074889867841409
block,oracle_voc,0.0005623413251903491,360,3.6141487878003677,3.135524365949212,4.089899425022154,0.37777777777777777,0.061303100962982464,0.32905111489444605,0.986784140969163
block,oracle_voc,0.0007498942093324559,360,3.621494269204622,3.1463589510204875,4.101882333152752,0.375,0.0611325126754384,0.32883799104723344,0.9911894273127754
block,oracle_voc,0.001,360,3.6289565814703515,3.1633394900418073,4.11326235935799,0.37222222222222223,0.06097281408750041,0.32863091614445794,0.9955947136563876
block,oracle_voc,0.001333521432163324,360,3.6289565814703515,3.1633394900418073,4.11326235935799,0.37222222222222223,0.06097281408750041,0.32863091614445794,0.9955947136563876
block,oracle_voc,0.0017782794100389228,360,3.6289565814703515,3.1633394900418073,4.11326235935799,0.37222222222222223,0.06097281408750041,0.32863091614445794,0.9955947136563876
block,oracle_voc,0.0023713737056616554,360,3.6289565814703515,3.1633394900418073,4.11326235935799,0.37222222222222223,0.06097281408750041,0.32863091614445794,0.9955947136563876
block,oracle_voc,0.0031622776601683794,360,3.6289565814703515,3.1633394900418073,4.11326235935799,0.37222222222222223,0.06097281408750041,0.32863091614445794,0.9955947136563876
block,oracle_voc,0.004216965034285822,360,4.989651025914796,3.2807126520413,8.002266507911337,0.36944444444444446,0.06057242566600668,0.32221213162779855,1.0
block,oracle_voc,0.005623413251903491,360,4.989651025914796,3.2807126520413,8.002266507911337,0.36944444444444446,0.06057242566600668,0.32221213162779855,1.0
block,oracle_voc,0.007498942093324558,360,4.989651025914796,3.2807126520413,8.002266507911337,0.36944444444444446,0.06057242566600668,0.32221213162779855,1.0
block,oracle_voc,0.01,360,4.989651025914796,3.2807126520413,8.002266507911337,0.36944444444444446,0.06057242566600668,0.32221213162779855,1.0
opening_step,uniform_coarse,0.0,360,17.559476732868877,14.595545383607998,21.478685685064793,0.20555555555555555,0.022583347505574596,0.502785138272116,1.0
opening_step,uniform_medium,1.0,360,4.706390820630764,2.8704859295606675,7.7795827326894935,0.4083333333333333,0.06652417751912497,0.2746966604806302,1.0
opening_step,uniform_fine,2.0,360,0.0003222550775911866,0.00016274020724918705,0.0005329982935616846,1.0,1.0,5.6734027588944524,0.0
opening_step,random,0.0,360,4.706390820630764,2.8704859295606675,7.7795827326894935,0.4083333333333333,0.06652417751912497,0.2746966604806302,1.0
opening_step,random,1.0,360,3.7267143930835207,2.128688509896451,6.6508860078474,0.55,0.21961754080507515,1.0380683714557057,0.0
opening_step,random,2.0,360,1.5752138321314284,1.2372173051592885,1.9401199836480567,0.7027777777777777,0.4283918708763333,2.1399522721750146,0.0
opening_step,random,3.0,360,0.6659265378100176,0.48241834586810206,0.8934689574240113,0.8611111111111112,0.6840693459745288,3.6094367011778052,0.0
opening_step,random,4.0,360,0.0003222550775911866,0.00016274020724918705,0.0005329982935616846,1.0,1.0,5.6734027588944524,0.0
opening_step,share,0.0,360,4.706390820630764,2.8704859295606675,7.7795827326894935,0.4083333333333333,0.06652417751912497,0.2746966604806302,1.0
opening_step,share,1.0,360,2.2886394896264215,1.791416455602832,2.894642562430015,0.6055555555555555,0.20780414150008603,1.2761531143364158,0.0
opening_step,share,2.0,360,1.017920865592978,0.734764727689554,1.291548035975496,0.7888888888888889,0.42691714510869444,1.67741331254467,0.0
opening_step,share,3.0,360,0.9037146796622283,0.6612544615005873,1.1975155682223695,0.8111111111111111,0.48974687193666167,1.925954126411317,0.0
opening_step,share,4.0,360,0.0003222550775911866,0.00016274020724918705,0.0005329982935616846,1.0,1.066524177519125,5.948099419375083,0.0
opening_step,discrepancy,0.01,360,0.09978138251839384,0.014426373499830619,0.24468410880670327,0.9916666666666667,1.017401811322423,6.103400902952681,0.0
opening_step,discrepancy,0.020000000000000004,360,0.09978151886429262,0.014426466214679827,0.2446842160982433,0.9916666666666667,1.000920841135732,6.0744408344583665,0.0
opening_step,discrepancy,0.030000000000000006,360,0.09978135575853556,0.014426332170825066,0.24468393923553833,0.9916666666666667,0.9656835469247301,5.9984933149610296,0.0
opening_step,discrepancy,0.04000000000000001,360,0.09978141998127804,0.01442639007729244,0.24468401468616863,0.9916666666666667,0.9327602486689247,5.9443674320638715,0.0
opening_step,discrepancy,0.05000000000000001,360,0.09978277945670079,0.01442981275287012,0.2446854765313558,0.9916666666666667,0.9234206141233966,5.923701020541578,0.0
opening_step,discrepancy,0.06000000000000001,360,0.09978279530156967,0.014429814910338274,0.2446854862151367,0.9916666666666667,0.9158195845223669,5.906172359069357,0.0
opening_step,discrepancy,0.07,360,0.09978366244732821,0.014431495259794983,0.24468680791857103,0.9916666666666667,0.9121461988131124,5.895150587530477,0.0
opening_step,discrepancy,0.08,360,0.09980090463796351,0.014443429930323175,0.2446923922056751,0.9916666666666667,0.8994110334538219,5.815593610086095,0.009389671361502348
opening_step,discrepancy,0.09000000000000001,360,0.11857175701087701,0.026146178666470482,0.26025113430814667,0.9833333333333333,0.8939246020040577,5.79553074107773,0.009389671361502348
opening_step,discrepancy,0.1,360,0.21218279268480225,0.08562525660360781,0.388914172041892,0.9722222222222222,0.8836890441815662,5.70807112749435,0.014084507042253521
opening_step,discrepancy,0.15,360,0.31386794490617864,0.17247853638493255,0.5056375364325115,0.9277777777777778,0.8456092816997623,5.607630192944301,0.014084507042253521
opening_step,discrepancy,0.19999999999999998,360,0.3138678878603415,0.17247838592384654,0.5056375100015739,0.9277777777777778,0.8257240632064882,5.570481671558345,0.014084507042253521
opening_step,discrepancy,0.25,360,0.35314019718299894,0.1981208939766162,0.5465989015917044,0.9166666666666666,0.8141305780256081,5.482134493683265,0.014084507042253521
opening_step,discrepancy,0.3,360,0.38895302327193115,0.23191823033527967,0.5768642931038559,0.9,0.8021168627518246,5.465183474680472,0.014084507042253521
opening_step,discrepancy,0.35,360,0.4679491113734686,0.30677441836778063,0.6637660909091149,0.8805555555555555,0.7843995661714904,5.447829964883244,0.028169014084507043
opening_step,discrepancy,0.39999999999999997,360,0.5206394988928543,0.354454910444128,0.7183357482222502,0.8638888888888889,0.7581587881346646,5.332454782122224,0.028169014084507043
opening_step,discrepancy,0.44999999999999996,360,0.5626533420824643,0.3985995385824564,0.7591289498126984,0.8527777777777777,0.7394450743100701,5.296576757319437,0.04225352112676056
opening_step,discrepancy,0.5,360,0.5626534210153094,0.3985996237992487,0.7591290682544701,0.8527777777777777,0.7338814597783337,5.291565420819451,0.051643192488262914
opening_step,discrepancy,0.5499999999999999,360,0.5741989688400807,0.4136232331758685,0.7693422664998122,0.8472222222222222,0.7200979695401659,5.275721797769458,0.07981220657276995
opening_step,discrepancy,0.6,360,0.5741990600555973,0.4136232812530066,0.7693424028337456,0.8472222222222222,0.7139599729503928,5.268499743936101,0.0892018779342723
opening_step,discrepancy,0.6499999999999999,360,0.574199151049333,0.4136233257422349,0.769342581140291,0.8472222222222222,0.7098716077073883,5.264035526194423,0.09859154929577464
opening_step,discrepancy,0.7,360,2.148235415443027,0.6039943069187792,4.976524252741985,0.8166666666666667,0.6793756556911608,4.933384021077756,0.09859154929577464
opening_step,discrepancy,0.75,360,2.2037412164541417,0.6793227271518025,5.022942853859135,0.8055555555555556,0.6634042334906701,4.8436812746888895,0.09859154929577464
opening_step,discrepancy,0.7999999999999999,360,2.347655651950907,0.7670811951191452,5.200335614903614,0.7888888888888889,0.6449340339764775,4.816908156297218,0.12206572769953052
opening_step,discrepancy,0.85,360,2.350018230331922,0.7670812016438516,5.2038204148258345,0.7888888888888889,0.6395655815974629,4.804549874550007,0.12206572769953052
opening_step,discrepancy,0.8999999999999999,360,2.4453116776081476,0.8579000034141002,5.312603927421667,0.7805555555555556,0.6334651383636154,4.795720572941677,0.15023474178403756
opening_step,discrepancy,0.95,360,2.448701070643098,0.8596507221421943,5.316162790108364,0.7777777777777778,0.6317453166447198,4.790265864936121,0.15023474178403756
opening_step,sensitivity,0.01,360,1.122265745042695,0.695410284896467,1.6459200534578906,0.8222222222222222,0.6826723358419841,4.573751009149601,0.29577464788732394
opening_step,sensitivity,0.020000000000000004,360,1.1821243796011038,0.7631766808338699,1.7153650695703924,0.8166666666666667,0.6782983935253502,4.502395751299607,0.29577464788732394
opening_step,sensitivity,0.030000000000000006,360,1.3052820486286114,0.8189794710901446,1.8981112147119135,0.8055555555555556,0.6708367336540093,4.394073805596852,0.29577464788732394
opening_step,sensitivity,0.04000000000000001,360,1.392693744047213,0.9197644778897985,1.9890791325541717,0.7972222222222223,0.6634907357839248,4.302472186046827,0.29577464788732394
opening_step,sensitivity,0.05000000000000001,360,1.5032531708838512,1.0293668309139765,2.112517432226649,0.7861111111111111,0.6541572889975841,4.14121627939405,0.29577464788732394
opening_step,sensitivity,0.06000000000000001,360,1.5177699381026957,1.036262312814601,2.130318823655432,0.7833333333333333,0.6463818840901259,4.032794077519066,0.29577464788732394
opening_step,sensitivity,0.07,360,1.5329077320534263,1.043706625543444,2.1520179278127416,0.7805555555555556,0.6353533802116319,3.844084583274606,0.29577464788732394
opening_step,sensitivity,0.08,360,1.532924985668285,1.0437500662954748,2.1520343103545447,0.7805555555555556,0.6325434536903181,3.804471221921833,0.29577464788732394
opening_step,sensitivity,0.09000000000000001,360,1.5344875930051125,1.0477612579184865,2.1542108912035003,0.7805555555555556,0.6253829501230082,3.705721948446848,0.29577464788732394
opening_step,sensitivity,0.1,360,1.6453468233283222,1.1487590245426689,2.2638284539765086,0.7666666666666667,0.6128834372803093,3.5154337575912704,0.29577464788732394
opening_step,sensitivity,0.15,360,1.6487418704381045,1.153053065180109,2.2651438820266923,0.7666666666666667,0.603645710436322,3.4649645351107212,0.29577464788732394
opening_step,sensitivity,0.19999999999999998,360,1.6494688197951968,1.153398366771915,2.2662161308610975,0.7666666666666667,0.6001722205059523,3.443599385930156,0.29577464788732394
opening_step,sensitivity,0.25,360,1.6500148084408024,1.1539716548498007,2.2670760629779263,0.7666666666666667,0.5986947870195712,3.4332887255885303,0.29577464788732394
opening_step,sensitivity,0.3,360,1.6837258665992243,1.1870194341933948,2.26978214635329,0.7638888888888888,0.5951075697047372,3.3817910835051914,0.29577464788732394
opening_step,sensitivity,0.35,360,1.6843854014863084,1.1878330024129813,2.270505068923126,0.7638888888888888,0.5932720896868552,3.373136248041293,0.29577464788732394
opening_step,sensitivity,0.39999999999999997,360,1.6845978751037918,1.1879445510758777,2.270505066465443,0.7638888888888888,0.5899780574196675,3.359882887310717,0.29577464788732394
opening_step,sensitivity,0.44999999999999996,360,1.6871610168811324,1.189907670853662,2.2753890837104422,0.7611111111111111,0.5874893766668503,3.331610259482962,0.29577464788732394
opening_step,sensitivity,0.5,360,1.6872785258165677,1.189963487237891,2.275629978184203,0.7611111111111111,0.5860185757128028,3.317502285224661,0.29577464788732394
opening_step,sensitivity,0.5499999999999999,360,1.6879399033609161,1.1916003941788715,2.2773330221909016,0.7611111111111111,0.5833073512200831,3.281788869135754,0.29577464788732394
opening_step,sensitivity,0.6,360,1.6879398994017536,1.1916003883391073,2.2773330221909016,0.7611111111111111,0.5827069328120178,3.2737523585829575,0.29577464788732394
opening_step,sensitivity,0.6499999999999999,360,1.6879399034438338,1.1916003884325432,2.277333022114485,0.7611111111111111,0.5816283806086403,3.2604200742024054,0.29577464788732394
opening_step,sensitivity,0.7,360,3.1446732484647315,1.3388946804713733,6.135393800787893,0.7527777777777778,0.5800173842262365,3.240784738252417,0.29577464788732394
opening_step,sensitivity,0.75,360,3.1446732515843614,1.3388946804713733,6.135393804362046,0.7527777777777778,0.5795800508974769,3.235741313466325,0.29577464788732394
opening_step,sensitivity,0.7999999999999999,360,3.1827454725457907,1.3720913618120893,6.160599786029526,0.75,0.5794062511826703,3.2327495389191023,0.29577464788732394
opening_step,sensitivity,0.85,360,3.182745470852424,1.3720913592459438,6.160599784298344,0.75,0.5788924375668539,3.226334222777425,0.29577464788732394
opening_step,sensitivity,0.8999999999999999,360,3.2319257987212766,1.4641652800213685,6.211395938210411,0.7472222222222222,0.5784105257583667,3.219393936869084,0.29577464788732394
opening_step,sensitivity,0.95,360,3.2319257987212766,1.4641652800213685,6.211395938210411,0.7472222222222222,0.5783669719939452,3.218933112488523,0.29577464788732394
opening_step,novelty,0.5,360,2.8497358847774397,2.320319249217938,3.420287217583888,0.4666666666666667,0.20490149641130012,1.6666376139277317,0.7887323943661971
opening_step,novelty,0.75,360,4.682775998201894,2.8352973565305644,7.7764036650398065,0.4111111111111111,0.08350983783761023,0.502643739436169,0.9577464788732394
opening_step,novelty,0.9,360,4.683890820630763,2.835756151810653,7.77764393949095,0.4111111111111111,0.06930195529690275,0.3120188169056342,0.9953051643192489
opening_step,novelty,0.95,360,4.683890820630763,2.835756151810653,7.77764393949095,0.4111111111111111,0.06930195529690275,0.3120188169056342,0.9953051643192489
opening_step,novelty,0.99,360,4.683890820630763,2.835756151810653,7.77764393949095,0.4111111111111111,0.06930195529690275,0.3120188169056342,0.9953051643192489
opening_step,uncertainty,0.01,360,0.0003224734812385381,0.00016291275674350805,0.0005232534700639747,1.0,0.964060379287169,5.65680712688635,0.0
opening_step,uncertainty,0.020000000000000004,360,0.00032019604518684577,0.00016286477062039202,0.000520596230092306,1.0,0.9024744709273075,5.270247912600149,0.0
opening_step,uncertainty,0.030000000000000006,360,0.0013483721655032693,0.00019620124172045877,0.003479973393205852,1.0,0.8620114186952681,5.026966922400121,0.0
opening_step,uncertainty,0.04000000000000001,360,0.010703541447919226,0.00021533721372786805,0.030509937338408795,0.9972222222222222,0.8269402819939987,4.8211819970445,0.0
opening_step,uncertainty,0.05000000000000001,360,0.010713330738704176,0.00022083623436130477,0.030514482259555453,0.9972222222222222,0.7825516882935436,4.577304613822263,0.0
opening_step,uncertainty,0.06000000000000001,360,0.010719109718374567,0.00023558605265170212,0.030517238083139674,0.9972222222222222,0.7588465623752455,4.448661069194522,0.0
opening_step,uncertainty,0.07,360,0.010740309648788672,0.00023881268162196048,0.03051727762926771,0.9972222222222222,0.7340024982362952,4.322549887161181,0.0
opening_step,uncertainty,0.08,360,0.012779994427421651,0.0003233443630877571,0.035635127868421934,0.9972222222222222,0.7118254948003359,4.209999706777853,0.0
opening_step,uncertainty,0.09000000000000001,360,0.018031650657331574,0.002681007648534019,0.04235377839797887,0.9944444444444445,0.6904689891298846,4.056898249869513,0.0
opening_step,uncertainty,0.1,360,0.02137493332311774,0.0030863909432089966,0.046415014643967134,0.9916666666666667,0.6769378579238953,3.956660379405639,0.0
opening_step,uncertainty,0.15,360,0.0240758029865123,0.00448283097119567,0.04904854880547752,0.9916666666666667,0.6324255025160984,3.4613672427139237,0.0
opening_step,uncertainty,0.19999999999999998,360,0.054480330415111036,0.022800781262851143,0.09665334724859778,0.9833333333333333,0.5780565601596961,3.0093795546416713,0.0
opening_step,uncertainty,0.25,360,0.060418428325199995,0.027499992805420724,0.10252869407868427,0.9805555555555555,0.553155996115941,2.7537411053083716,0.0
opening_step,uncertainty,0.3,360,0.08171407388775274,0.04285406619664263,0.13048670414055089,0.9694444444444444,0.528084314313301,2.5915753357000844,0.0
opening_step,uncertainty,0.35,360,0.0904085089355877,0.05084246641624329,0.14559094350745483,0.9638888888888889,0.5055080649630156,2.380285994480639,0.0
opening_step,uncertainty,0.39999999999999997,360,0.11308488060043058,0.06492664503939738,0.17148090891517287,0.9555555555555556,0.49281219795574255,2.296560034255627,0.0
opening_step,uncertainty,0.44999999999999996,360,0.11757114169593873,0.06700688942771914,0.17779658437397802,0.9527777777777777,0.4777916060570554,2.1619585591084007,0.0
opening_step,uncertainty,0.5,360,0.12987391603023662,0.07593010284978413,0.19339289545206917,0.9444444444444444,0.4687303547097959,2.0840922738333876,0.0
opening_step,uncertainty,0.5499999999999999,360,0.13096170691582562,0.07708375584515703,0.19508544491837645,0.9444444444444444,0.4601373613040127,2.008916423866756,0.0
opening_step,uncertainty,0.6,360,0.13105360983004138,0.07712738461703547,0.19517734783259225,0.9444444444444444,0.45757761547996084,1.9615573188806492,0.0
opening_step,uncertainty,0.6499999999999999,360,0.14020731228860545,0.08639758925859219,0.20603338187368106,0.9416666666666667,0.452589960057705,1.9156486509223214,0.0
opening_step,uncertainty,0.7,360,0.14101067233525055,0.08704968229635004,0.20723766222143508,0.9416666666666667,0.4434853228666389,1.8394146744389925,0.0
opening_step,uncertainty,0.75,360,0.14409017311895475,0.09220901025638738,0.21046048143295434,0.9416666666666667,0.44268487528149636,1.8303536130862086,0.0
opening_step,uncertainty,0.7999999999999999,360,0.15366121609798492,0.09690229623898729,0.21855407839170873,0.9388888888888889,0.43364862048858865,1.7285198657417418,0.0
opening_step,uncertainty,0.85,360,0.20140178354565944,0.10895082109413137,0.3054267993706387,0.9333333333333333,0.42698650143952127,1.6582718246667556,0.0
opening_step,uncertainty,0.8999999999999999,360,0.20638079919642513,0.11312658578366536,0.31664000912345847,0.9333333333333333,0.4225097902159783,1.6287713317445498,0.0
opening_step,uncertainty,0.95,360,0.23097414730748136,0.13020493689021026,0.336040658108513,0.9277777777777778,0.41475364046985197,1.6089121142695755,0.0
opening_step,uncertainty_per_cost,0.0,360,0.0003222550775911866,0.00016274020724918705,0.0005329982935616846,1.0,1.066524177519125,5.948099419375083,0.0
opening_step,uncertainty_per_cost,1e-08,360,0.00033832019862738486,0.000180822894822219,0.0005398777852474267,1.0,1.0538558660611155,5.730101617013962,0.0
opening_step,uncertainty_per_cost,1.333521432163324e-08,360,0.0003469389177448748,0.00019219034488325996,0.000553136162293442,1.0,1.037236121840334,5.451517170233405,0.0
opening_step,uncertainty_per_cost,1.7782794100389228e-08,360,0.0003671477983949134,0.00021249547016620224,0.0005700262869412533,1.0,1.0270252967222075,5.262490021455627,0.0
opening_step,uncertainty_per_cost,2.371373705661655e-08,360,0.00038832758739757876,0.00023404515408555654,0.0005850222212398744,1.0,1.0135870998338055,5.105835248044493,0.0
opening_step,uncertainty_per_cost,3.162277660168379e-08,360,0.00047873646995319176,0.0002968046963425474,0.0007044490036444518,1.0,0.9810935777091282,4.70992675035281,0.0
opening_step,uncertainty_per_cost,4.2169650342858225e-08,360,0.0015075730785406596,0.0005991018845359795,0.002683756112149606,1.0,0.94550807995217,4.1861167865056,0.0
opening_step,uncertainty_per_cost,5.6234132519034905e-08,360,0.012057336692227767,0.0013825021290429043,0.03154922504413182,0.9972222222222222,0.899654056948049,3.6738198635721853,0.0
opening_step,uncertainty_per_cost,7.498942093324559e-08,360,0.01602096708950168,0.003226226628667524,0.03768529939226127,0.9972222222222222,0.8723239010615262,3.2698482241999045,0.0
opening_step,uncertainty_per_cost,1e-07,360,0.016189617650625085,0.003432241459106524,0.03772576202725007,0.9972222222222222,0.8219437390784196,3.066913824402592,0.0
opening_step,uncertainty_per_cost,1.333521432163324e-07,360,0.017570664680654793,0.004626738948765974,0.03900185237027391,0.9972222222222222,0.7612220268122167,2.796226649549802,0.0
opening_step,uncertainty_per_cost,1.7782794100389227e-07,360,0.037152499529580316,0.009613691509007366,0.07401963911644502,0.9916666666666667,0.7063362060689248,2.533110813955399,0.0
opening_step,uncertainty_per_cost,2.3713737056616554e-07,360,0.05434444001434472,0.022593188325580445,0.09291107899105588,0.9833333333333333,0.6569266398941818,2.2836508690388047,0.0
opening_step,uncertainty_per_cost,3.162277660168379e-07,360,0.07264923404162656,0.035251157992329835,0.11739479344130886,0.9777777777777777,0.6154725179026121,2.068388998111004,0.0
opening_step,uncertainty_per_cost,4.2169650342858225e-07,360,0.09769692204492057,0.04602304880158432,0.16249641103198156,0.9722222222222222,0.5593380521127318,1.9169261089971972,0.0
opening_step,uncertainty_per_cost,5.62341325190349e-07,360,0.15164263113444248,0.101275069149389,0.22559991568148652,0.9638888888888889,0.5031961827465291,1.615670601366643,0.009389671361502348
opening_step,uncertainty_per_cost,7.498942093324558e-07,360,0.2005731167159143,0.12355430404470266,0.29889100743140956,0.9583333333333334,0.46427463760333865,1.417102735158379,0.014084507042253521
opening_step,uncertainty_per_cost,1e-06,360,0.23560943845555574,0.15800916477173196,0.34698487772977016,0.9444444444444444,0.42709351462349016,1.2340864588139386,0.028169014084507043
opening_step,uncertainty_per_cost,1.333521432163324e-06,360,0.28303923815813614,0.20285704135116764,0.39695616553124813,0.925,0.3916387889585473,1.1145945486444564,0.046948356807511735
opening_step,uncertainty_per_cost,1.7782794100389227e-06,360,0.3591469440472535,0.25459441595762883,0.485308451540774,0.9055555555555556,0.34865815242441917,0.9985804226916823,0.07981220657276995
opening_step,uncertainty_per_cost,2.3713737056616552e-06,360,0.6162633446634748,0.4523108193585448,0.7923043378985559,0.85,0.3045436813154895,0.8569756520777547,0.18779342723004694
opening_step,uncertainty_per_cost,3.162277660168379e-06,360,0.7709515496039696,0.5733923105688087,0.9841771670276159,0.8111111111111111,0.2739105583585338,0.7451636729111568,0.26291079812206575
opening_step,uncertainty_per_cost,4.216965034285822e-06,360,1.2637048047350263,0.9782859413288366,1.5363491633615511,0.7416666666666667,0.22964445195403668,0.6227463287806333,0.37089201877934275
opening_step,uncertainty_per_cost,5.623413251903491e-06,360,3.036861733895244,1.4694877573569174,5.967283396841208,0.6638888888888889,0.19291233189768908,0.5256820001028447,0.5023474178403756
opening_step,uncertainty_per_cost,7.498942093324558e-06,360,3.3539445384188227,1.7808129553132568,6.25050718424761,0.6055555555555555,0.15999991779603703,0.46450498414733377,0.6009389671361502
opening_step,uncertainty_per_cost,9.999999999999999e-06,360,3.6426614311081287,2.0229534745931024,6.539709200744291,0.5472222222222223,0.13655882895209753,0.406674614152861,0.7230046948356808
opening_step,uncertainty_per_cost,1.333521432163324e-05,360,3.8547421954035435,2.197811597942604,6.761356161783888,0.5166666666666667,0.11856630985408248,0.3666826100528447,0.7887323943661971
opening_step,uncertainty_per_cost,1.778279410038923e-05,360,4.015777067438269,2.346260710635917,6.924623281869334,0.49722222222222223,0.1080849110141341,0.35322151063339535,0.8309859154929577
opening_step,uncertainty_per_cost,2.3713737056616554e-05,360,4.09909385045693,2.408885884439023,6.985402639453215,0.475,0.09995339785000085,0.3384803254917137,0.8826291079812206
opening_step,uncertainty_per_cost,3.1622776601683795e-05,360,4.129640131125649,2.4484309617396,7.043916181943049,0.4638888888888889,0.09435005321699903,0.32823397430004964,0.9014084507042254
opening_step,uncertainty_per_cost,4.216965034285822e-05,360,4.195483229616884,2.5367434174981582,7.106267828298391,0.4444444444444444,0.08584692702842169,0.31459980063615756,0.9389671361502347
opening_step,uncertainty_per_cost,5.623413251903491e-05,360,4.289273922311222,2.6286968181713566,7.196881039236668,0.4361111111111111,0.08047375968268367,0.3065298683556042,0.9530516431924883
opening_step,uncertainty_per_cost,7.498942093324559e-05,360,4.333848149599449,2.6435247962115445,7.270759053625422,0.4305555555555556,0.07649350526966668,0.2931443141528285,0.9624413145539906
opening_step,uncertainty_per_cost,0.0001,360,4.596038102756962,2.7658475983353834,7.710867934477556,0.41944444444444445,0.06962769425711647,0.2848990166417227,0.9812206572769953
opening_step,uncertainty_per_cost,0.0001333521432163324,360,4.596038102756962,2.7658475983353834,7.710867934477556,0.41944444444444445,0.06962769425711647,0.2848990166417227,0.9812206572769953
opening_step,uncertainty_per_cost,0.00017782794100389227,360,4.597982547201407,2.7667712094464947,7.711604385919335,0.41944444444444445,0.06877922634972822,0.28074194372505495,0.9812206572769953
opening_step,uncertainty_per_cost,0.0002371373705661655,360,4.651651931741875,2.8459025962273343,7.77128228950106,0.41388888888888886,0.06765170193442659,0.27771930210284257,0.9906103286384976
opening_step,uncertainty_per_cost,0.00031622776601683794,360,4.706390820630764,2.8704859295606675,7.7795827326894935,0.4083333333333333,0.06652417751912497,0.2746966604806302,1.0
opening_step,uncertainty_per_cost,0.00042169650342858224,360,4.706390820630764,2.8704859295606675,7.7795827326894935,0.4083333333333333,0.06652417751912497,0.2746966604806302,1.0
opening_step,uncertainty_per_cost,0.0005623413251903491,360,4.706390820630764,2.8704859295606675,7.7795827326894935,0.4083333333333333,0.06652417751912497,0.2746966604806302,1.0
opening_step,uncertainty_per_cost,0.0007498942093324559,360,4.706390820630764,2.8704859295606675,7.7795827326894935,0.4083333333333333,0.06652417751912497,0.2746966604806302,1.0
opening_step,uncertainty_per_cost,0.001,360,4.706390820630764,2.8704859295606675,7.7795827326894935,0.4083333333333333,0.06652417751912497,0.2746966604806302,1.0
opening_step,uncertainty_per_cost,0.001333521432163324,360,4.706390820630764,2.8704859295606675,7.7795827326894935,0.4083333333333333,0.06652417751912497,0.2746966604806302,1.0
opening_step,uncertainty_per_cost,0.0017782794100389228,360,4.706390820630764,2.8704859295606675,7.7795827326894935,0.4083333333333333,0.06652417751912497,0.2746966604806302,1.0
opening_step,uncertainty_per_cost,0.0023713737056616554,360,4.706390820630764,2.8704859295606675,7.7795827326894935,0.4083333333333333,0.06652417751912497,0.2746966604806302,1.0
opening_step,uncertainty_per_cost,0.0031622776601683794,360,4.706390820630764,2.8704859295606675,7.7795827326894935,0.4083333333333333,0.06652417751912497,0.2746966604806302,1.0
opening_step,uncertainty_per_cost,0.004216965034285822,360,4.706390820630764,2.8704859295606675,7.7795827326894935,0.4083333333333333,0.06652417751912497,0.2746966604806302,1.0
opening_step,uncertainty_per_cost,0.005623413251903491,360,4.706390820630764,2.8704859295606675,7.7795827326894935,0.4083333333333333,0.06652417751912497,0.2746966604806302,1.0
opening_step,uncertainty_per_cost,0.007498942093324558,360,4.706390820630764,2.8704859295606675,7.7795827326894935,0.4083333333333333,0.06652417751912497,0.2746966604806302,1.0
opening_step,uncertainty_per_cost,0.01,360,4.706390820630764,2.8704859295606675,7.7795827326894935,0.4083333333333333,0.06652417751912497,0.2746966604806302,1.0
opening_step,fullstate_voc,0.0,360,1.3774741726085398,0.9082595868203696,1.9459050363577666,0.8083333333333333,0.6333779228872531,4.895670838358284,0.0
opening_step,fullstate_voc,1e-08,360,1.3774741267295953,0.9082596066566873,1.9459050009079923,0.8083333333333333,0.609111600830653,4.848988648552737,0.0
opening_step,fullstate_voc,1.333521432163324e-08,360,1.3774741267295953,0.9082596066566873,1.9459050009079923,0.8083333333333333,0.609111600830653,4.848988648552737,0.0
opening_step,fullstate_voc,1.7782794100389228e-08,360,1.3774741267295953,0.9082596066566873,1.9459050009079923,0.8083333333333333,0.609111600830653,4.848988648552737,0.0
opening_step,fullstate_voc,2.371373705661655e-08,360,1.3809239905370236,0.9098982919652158,1.9507580832911877,0.8055555555555556,0.6071235297778843,4.844311586366631,0.0
opening_step,fullstate_voc,3.162277660168379e-08,360,1.3813508891808068,0.9101198390516149,1.9511831942939608,0.8055555555555556,0.5995401382742569,4.731673433380517,0.0
opening_step,fullstate_voc,4.2169650342858225e-08,360,1.3813510250295704,0.910119903587245,1.951183330137822,0.8055555555555556,0.5957525657430738,4.69984628490829,0.0
opening_step,fullstate_voc,5.6234132519034905e-08,360,1.3813482563129906,0.9101185585926845,1.951181601988017,0.8055555555555556,0.589219640927653,4.602235453116565,0.0
opening_step,fullstate_voc,7.498942093324559e-08,360,1.3813478781651751,0.9101183780162765,1.9511812240120194,0.8055555555555556,0.5849899323952228,4.570784088797104,0.0
opening_step,fullstate_voc,1e-07,360,1.397771829427389,0.9353738070456278,1.9633638837382115,0.7972222222222223,0.5629917540233861,4.296386524736075,0.0
opening_step,fullstate_voc,1.333521432163324e-07,360,1.397771829427389,0.9353738070456278,1.9633638837382115,0.7972222222222223,0.5629917540233861,4.296386524736075,0.0
opening_step,fullstate_voc,1.7782794100389227e-07,360,1.3977741548737896,0.9353750115476293,1.9633685287985925,0.7972222222222223,0.558529506396691,4.239098513527794,0.0
opening_step,fullstate_voc,2.3713737056616554e-07,360,1.3998330402084957,0.9385181061237987,1.9655151347356419,0.7972222222222223,0.5443087364772949,4.041914227513937,0.0
opening_step,fullstate_voc,3.162277660168379e-07,360,1.3998319887868993,0.9385166450679165,1.965513571834436,0.7972222222222223,0.5376869263914131,3.9510404128889807,0.0
opening_step,fullstate_voc,4.2169650342858225e-07,360,1.4586247896728213,0.9946448579706731,2.0138026673447396,0.7805555555555556,0.5049635638906406,3.6092717882917995,0.0
opening_step,fullstate_voc,5.62341325190349e-07,360,1.4637315149022736,0.9972361300226887,2.0189772539717823,0.7777777777777778,0.4886256147060271,3.338988174847287,0.0
opening_step,fullstate_voc,7.498942093324558e-07,360,1.5164323568301945,1.0676047880681172,2.1024928498759823,0.7666666666666667,0.45374102970949365,3.0414878707888926,0.0
opening_step,fullstate_voc,1e-06,360,1.5301660961688108,1.0821740418149908,2.1217902486385345,0.7638888888888888,0.4324370243250794,2.7987349558666414,0.0
opening_step,fullstate_voc,1.333521432163324e-06,360,1.537411127970844,1.0896983228312558,2.134192621141245,0.7611111111111111,0.40547038384915357,2.3914247954695083,0.0
opening_step,fullstate_voc,1.7782794100389227e-06,360,1.5508668402277452,1.100155214646315,2.1486808152222983,0.7583333333333333,0.39669461896737757,2.20197131131672,0.0
opening_step,fullstate_voc,2.3713737056616552e-06,360,1.5608331877087356,1.1005718813129814,2.1534439143245963,0.7555555555555555,0.38804129818058786,2.043579273233374,0.0
opening_step,fullstate_voc,3.162277660168379e-06,360,1.5774532025315227,1.1280344794661363,2.178909939012103,0.7527777777777778,0.3713904613626855,1.8834305508584293,0.0
opening_step,fullstate_voc,4.216965034285822e-06,360,1.6245794591168028,1.165802044895442,2.221465679681185,0.7472222222222222,0.35462617118521733,1.5449755408862074,0.0
opening_step,fullstate_voc,5.623413251903491e-06,360,1.6245794591168028,1.165802044895442,2.221465679681185,0.7472222222222222,0.35462617118521733,1.5449755408862074,0.0
opening_step,fullstate_voc,7.498942093324558e-06,360,1.7465284539705415,1.2882513736994206,2.3580055312137773,0.7361111111111112,0.34349701989232373,1.5142372170611957,0.004694835680751174
opening_step,fullstate_voc,9.999999999999999e-06,360,1.746904413674457,1.2886267052581537,2.358305823859765,0.7361111111111112,0.34078454765481936,1.5071685405195239,0.004694835680751174
opening_step,fullstate_voc,1.333521432163324e-05,360,1.796836287297424,1.3202382209647192,2.4218445282400842,0.7194444444444444,0.31114091131698485,1.4246293229001215,0.004694835680751174
opening_step,fullstate_voc,1.778279410038923e-05,360,1.8680301526954857,1.3658002960032691,2.4782836366595564,0.7055555555555556,0.29444923659689143,1.3805315815751176,0.004694835680751174
opening_step,fullstate_voc,2.3713737056616554e-05,360,2.145026704973799,1.6324344297701021,2.7219791700496465,0.6694444444444444,0.24657188009251133,1.2806226889112926,0.014084507042253521
opening_step,fullstate_voc,3.1622776601683795e-05,360,3.694603918097631,1.9008416131113128,6.6793092691919425,0.6416666666666667,0.22360564055511997,1.164180714083462,0.046948356807511735
opening_step,fullstate_voc,4.216965034285822e-05,360,3.7418685621794747,1.9492343873942715,6.727801223034204,0.6305555555555555,0.21469209665954453,1.073886998297328,0.07042253521126761
opening_step,fullstate_voc,5.623413251903491e-05,360,3.809028165723365,2.031363647335887,6.846505833943975,0.6166666666666667,0.20346488086374698,0.9350981322278635,0.10328638497652583
opening_step,fullstate_voc,7.498942093324559e-05,360,4.1207507381163095,2.322846701818397,7.236147486831261,0.575,0.17864141520650575,0.5740215229306058,0.20187793427230047
opening_step,fullstate_voc,0.0001,360,4.229303409184859,2.3986184123545917,7.352377208309938,0.5666666666666667,0.1667317927213134,0.4259772992972709,0.22535211267605634
opening_step,fullstate_voc,0.0001333521432163324,360,4.266770612097135,2.437995522824131,7.361878831496657,0.5638888888888889,0.15706481052475846,0.37545681465006864,0.24882629107981222
opening_step,fullstate_voc,0.00017782794100389227,360,4.2667706385325515,2.4379955943054323,7.361878845063434,0.5638888888888889,0.14850079044290654,0.3645145162501245,0.24882629107981222
opening_step,fullstate_voc,0.0002371373705661655,360,4.355463203037816,2.520530956409891,7.428444418098393,0.5166666666666667,0.13634306673457816,0.35337610671681935,0.26291079812206575
opening_step,fullstate_voc,0.00031622776601683794,360,4.355463227767123,2.5205309866027266,7.428444452088624,0.5166666666666667,0.13267162571930205,0.349248802316884,0.26291079812206575
opening_step,fullstate_voc,0.00042169650342858224,360,4.402515386833907,2.5729652590211702,7.471328886086996,0.49722222222222223,0.12646691909211835,0.3439244731002469,0.29577464788732394
opening_step,fullstate_voc,0.0005623413251903491,360,4.511530556664838,2.692619892246334,7.611851656419844,0.45555555555555555,0.1099826757652833,0.3260169598529905,0.41784037558685444
opening_step,fullstate_voc,0.0007498942093324559,360,4.6480083090664674,2.8310433371713355,7.710476450917546,0.43333333333333335,0.09717352423106312,0.3054465146084921,0.539906103286385
opening_step,fullstate_voc,0.001,360,4.7063908222296185,2.8704859333543364,7.779582741254128,0.4083333333333333,0.08334542740105072,0.2895942523390558,0.7370892018779343
opening_step,fullstate_voc,0.001333521432163324,360,4.706390814448251,2.870485915545353,7.779582734368999,0.4083333333333333,0.07708621198066237,0.28380337638899517,0.8450704225352113
opening_step,fullstate_voc,0.0017782794100389228,360,4.706390829341251,2.870485936203504,7.77958274182069,0.4083333333333333,0.0700831900432566,0.2774347896056396,0.9530516431924883
opening_step,fullstate_voc,0.0023713737056616554,360,4.706390820630764,2.8704859295606675,7.7795827326894935,0.4083333333333333,0.06652417751912497,0.2746966604806302,1.0
opening_step,fullstate_voc,0.0031622776601683794,360,4.706390820630764,2.8704859295606675,7.7795827326894935,0.4083333333333333,0.06652417751912497,0.2746966604806302,1.0
opening_step,fullstate_voc,0.004216965034285822,360,4.706390820630764,2.8704859295606675,7.7795827326894935,0.4083333333333333,0.06652417751912497,0.2746966604806302,1.0
opening_step,fullstate_voc,0.005623413251903491,360,4.706390820630764,2.8704859295606675,7.7795827326894935,0.4083333333333333,0.06652417751912497,0.2746966604806302,1.0
opening_step,fullstate_voc,0.007498942093324558,360,4.706390820630764,2.8704859295606675,7.7795827326894935,0.4083333333333333,0.06652417751912497,0.2746966604806302,1.0
opening_step,fullstate_voc,0.01,360,4.706390820630764,2.8704859295606675,7.7795827326894935,0.4083333333333333,0.06652417751912497,0.2746966604806302,1.0
opening_step,voc,0.0,360,0.00038576344631866433,0.00022807172373739913,0.0005914639043452879,1.0,0.794491952785899,4.657710548147184,0.0
opening_step,hybrid,0.0,360,1.0681612866038332,0.7822711345380223,1.3859281668838765,0.775,0.3849038745216816,1.6497749664555765,0.107981220657277
opening_step,voc,1e-08,360,0.00044915656369033067,0.0002636572004098225,0.0006635733262946007,1.0,0.7719512378859221,4.432118316647161,0.0
opening_step,hybrid,1e-08,360,1.0681597639806049,0.7822704311230513,1.3859266357330113,0.775,0.3809207988164158,1.6403320414194342,0.13615023474178403
opening_step,voc,1.333521432163324e-08,360,0.0004659185474578796,0.0002845787473184046,0.0006807622413838246,1.0,0.7595012493559017,4.218904546805495,0.0
opening_step,hybrid,1.333521432163324e-08,360,1.0681592490853105,0.7822693888135046,1.385926538984854,0.775,0.38080928581449364,1.6374788816111,0.13615023474178403
opening_step,voc,1.7782794100389228e-08,360,0.00047508319940380657,0.00029220455580072896,0.0006894598795430665,1.0,0.7511970316044523,4.073021159577698,0.0
opening_step,hybrid,1.7782794100389228e-08,360,1.0681593411178198,0.7822694371305721,1.3859266310173637,0.775,0.38007603403218376,1.631830307086107,0.13615023474178403
opening_step,voc,2.371373705661655e-08,360,0.0012740211238532254,0.00032928423044002855,0.0032819234960957825,1.0,0.7320575165066489,3.816240659322112,0.0
opening_step,hybrid,2.371373705661655e-08,360,1.0681600837819767,0.7822705699782687,1.3859277647175359,0.775,0.37806687339866246,1.6241182648138925,0.13615023474178403
opening_step,voc,3.162277660168379e-08,360,0.0013554169656659985,0.00041479677562037103,0.0033245559645955214,1.0,0.7166327451893023,3.593268009855466,0.0
opening_step,hybrid,3.162277660168379e-08,360,1.0681595434037388,0.7822703127353468,1.385926983180496,0.775,0.3767803673710129,1.6185672058166851,0.14084507042253522
opening_step,voc,4.2169650342858225e-08,360,0.001355348600360778,0.00041476810338054933,0.0033245261586405646,1.0,0.7024985117831938,3.4598526031693835,0.0
opening_step,hybrid,4.2169650342858225e-08,360,1.0681595434037388,0.7822703127353468,1.385926983180496,0.775,0.3765907493506559,1.6169340145611184,0.14084507042253522
opening_step,voc,5.6234132519034905e-08,360,0.0018640998060793766,0.0007038688216811823,0.003913122638182258,1.0,0.6811206007517979,3.2017476558305136,0.0
opening_step,hybrid,5.6234132519034905e-08,360,1.068159540322066,0.7822703111174608,1.3859269800988234,0.775,0.37360095371179874,1.606253534277817,0.14084507042253522
opening_step,voc,7.498942093324559e-08,360,0.0044614794834377655,0.0013640521717944087,0.008667980481483054,1.0,0.6662321636559854,2.9833080100972236,0.0
opening_step,hybrid,7.498942093324559e-08,360,1.0681561239781678,0.7822651187250725,1.3859217706564855,0.775,0.370536077263504,1.6016058454722346,0.15023474178403756
opening_step,voc,1e-07,360,0.007067614852495384,0.0031673019298658193,0.011906238338897446,1.0,0.6346112557640516,2.6240932346138934,0.0
opening_step,hybrid,1e-07,360,1.068156127804439,0.782265123225582,1.385921779325362,0.775,0.3701022126737772,1.6001203181305754,0.15492957746478872
opening_step,voc,1.333521432163324e-07,360,0.007206546084735499,0.003233300481322288,0.012068384944915857,1.0,0.6121301572038288,2.517171272702783,0.0
opening_step,hybrid,1.333521432163324e-07,360,1.0681561215779143,0.7822651166877319,1.3859217695185917,0.775,0.3678706977828722,1.597188962316664,0.15492957746478872
opening_step,voc,1.7782794100389227e-07,360,0.014112434019696184,0.004629086186517298,0.026095234393195832,0.9972222222222222,0.5842348513706593,2.3496062282639083,0.0
opening_step,hybrid,1.7782794100389227e-07,360,1.0681567691941263,0.7822651278068314,1.3859220765958313,0.775,0.36429935931929897,1.589170781919438,0.1596244131455399
opening_step,voc,2.3713737056616554e-07,360,0.01636276050315873,0.00591368137761021,0.02819698532362428,0.9972222222222222,0.5683501356478308,2.272315080775014,0.0
opening_step,hybrid,2.3713737056616554e-07,360,1.0681567441846536,0.7822651146671614,1.3859220633753295,0.775,0.36135895751370994,1.5820109200694281,0.17370892018779344
opening_step,voc,3.162277660168379e-07,360,0.018607051046026526,0.00810645552799749,0.030997211378092658,0.9972222222222222,0.5541182304570472,2.173699935127782,0.0
opening_step,hybrid,3.162277660168379e-07,360,1.0681568617790815,0.7822652264828419,1.3859221240527522,0.775,0.3570463774319355,1.5647818454694262,0.18779342723004694
opening_step,voc,4.2169650342858225e-07,360,0.03303042957069228,0.012981761771804315,0.057695540622726284,0.9916666666666667,0.5113742271093348,2.055181134133353,0.0
opening_step,hybrid,4.2169650342858225e-07,360,1.0681568460642337,0.7822652284543529,1.3859220923211122,0.775,0.34988200206992937,1.5540362492472317,0.19248826291079812
opening_step,voc,5.62341325190349e-07,360,0.03772169265309459,0.01632551563300768,0.06499911787651613,0.9888888888888889,0.487689723397124,1.9979432803861021,0.0
opening_step,hybrid,5.62341325190349e-07,360,1.0681568357869,0.7822652015393369,1.3859220666853815,0.775,0.33453243710365493,1.5287898900138923,0.20657276995305165
opening_step,voc,7.498942093324558e-07,360,0.047222915229815685,0.017247768569774433,0.07761439091525904,0.9861111111111112,0.4524672146526962,1.8791454879277707,0.0
opening_step,hybrid,7.498942093324558e-07,360,1.068156517205408,0.7822650702402593,1.3859217530587251,0.775,0.31292736592432446,1.4942674702750385,0.215962441314554
opening_step,voc,1e-06,360,0.06249137581668779,0.027106784761831343,0.10243483366103243,0.9805555555555555,0.4366350777325284,1.7982741609666744,0.0
opening_step,hybrid,1e-06,360,1.0681565351442335,0.7822650835407088,1.3859217708393465,0.775,0.30647880718746867,1.4804081795889437,0.22065727699530516
opening_step,voc,1.333521432163324e-06,360,0.09108608652261668,0.043396287810835224,0.1460704286716225,0.975,0.4216970230919219,1.694830744091693,0.0
opening_step,hybrid,1.333521432163324e-06,360,1.0681565695004058,0.7822651322521434,1.3859218291570001,0.775,0.3005727554956472,1.469217552097315,0.2347417840375587
opening_step,voc,1.7782794100389227e-06,360,0.13597515281938335,0.057424545248169326,0.23807059322307642,0.9694444444444444,0.40786802320629206,1.5722600091806371,0.0
opening_step,hybrid,1.7782794100389227e-06,360,1.0697196089525396,0.7841252323902173,1.3867819892951208,0.775,0.2929392136954202,1.420691335930668,0.24882629107981222
opening_step,voc,2.3713737056616552e-06,360,0.1366555662468682,0.057972381017847206,0.23875098975229822,0.9694444444444444,0.4038240566210242,1.5449926728501042,0.0
opening_step,hybrid,2.3713737056616552e-06,360,1.0704000663588533,0.7851629289783353,1.3877856115430178,0.775,0.28988932525109384,1.3945130098723388,0.25821596244131456
opening_step,voc,3.162277660168379e-06,360,0.14375417430715906,0.06873501249121565,0.24547652395481853,0.9694444444444444,0.3962707991501285,1.480120826202872,0.0
opening_step,hybrid,3.162277660168379e-06,360,1.0774988211084089,0.7935872470697887,1.3946845285633114,0.775,0.2832907898878704,1.3310947871862178,0.27230046948356806
opening_step,voc,4.216965034285822e-06,360,0.14903712729618382,0.07429959614291858,0.24995976704391826,0.9694444444444444,0.3921302111966485,1.438872131683436,0.0
opening_step,hybrid,4.216965034285822e-06,360,1.0827818773287208,0.7991303257810765,1.400203775814453,0.775,0.2793624693126059,1.2903963709445532,0.27230046948356806
opening_step,voc,5.623413251903491e-06,360,0.16388575475812375,0.0889241123893395,0.2694838084881558,0.9666666666666667,0.38284560882142105,1.338791075338981,0.004694835680751174
opening_step,hybrid,5.623413251903491e-06,360,1.0976304205977716,0.8212173770096525,1.4185452833000713,0.7722222222222223,0.2705318662571529,1.190999771105655,0.28169014084507044
opening_step,voc,7.498942093324558e-06,360,0.19474224111557686,0.11583911499953843,0.2993306084892801,0.9611111111111111,0.3618554106944662,1.1883552325667854,0.014084507042253521
opening_step,hybrid,7.498942093324558e-06,360,1.1284870070123514,0.8501127919482035,1.4446788917990205,0.7666666666666667,0.25037104169320523,1.0417578549417763,0.29577464788732394
opening_step,voc,9.999999999999999e-06,360,0.2495205573582628,0.16049185022679488,0.36416779367305563,0.95,0.3422026632508962,1.0462398829334436,0.03286384976525822
opening_step,hybrid,9.999999999999999e-06,360,1.1822338241188362,0.9077036136483752,1.4908787471497316,0.7555555555555555,0.23280173574716917,0.9045426691195543,0.323943661971831
opening_step,voc,1.333521432163324e-05,360,0.3314019426604074,0.23404392407722724,0.4815312368507056,0.925,0.3234488076479642,0.9337439684807072,0.07511737089201878
opening_step,hybrid,1.333521432163324e-05,360,1.261433962597306,0.9901066984701611,1.5742618345275496,0.7305555555555555,0.2166433999550836,0.7959759023390082,0.38497652582159625
opening_step,voc,1.778279410038923e-05,360,1.7349511836131515,0.30169625300379194,4.51089550856526,0.9138888888888889,0.3093225772192561,0.8818360424334666,0.09389671361502347
opening_step,hybrid,1.778279410038923e-05,360,2.663227337341041,1.1157603301818007,5.471296633576446,0.7194444444444444,0.20609627626835503,0.7503847199223148,0.41784037558685444
opening_step,voc,2.3713737056616554e-05,360,1.9863142467842376,0.5066430331347858,4.771497984035056,0.8444444444444444,0.27506709813555114,0.7504037176390537,0.2112676056338028
opening_step,hybrid,2.3713737056616554e-05,360,2.833892560378614,1.27731199397669,5.644723245259906,0.6694444444444444,0.18387305011762523,0.6333073914778854,0.5070422535211268
opening_step,voc,3.1622776601683795e-05,360,2.463152376402809,0.9161386504434552,5.265669984617174,0.7722222222222223,0.23313679760108422,0.6517777505168144,0.3380281690140845
opening_step,hybrid,3.1622776601683795e-05,360,3.191829066003059,1.6177057232501146,5.979024524257224,0.625,0.15853215481098956,0.5565826634889769,0.5868544600938967
opening_step,voc,4.216965034285822e-05,360,2.6727124939511318,1.1080191618300697,5.503623020344115,0.725,0.2027913199595325,0.5926966224279365,0.4225352112676056
opening_step,hybrid,4.216965034285822e-05,360,3.3353822133905218,1.731761349265556,6.145077324949918,0.5944444444444444,0.1396571216378458,0.5126501430751078,0.6431924882629108
opening_step,voc,5.623413251903491e-05,360,3.034852678584776,1.4317267787530779,5.887891040182436,0.6777777777777778,0.17083785211862926,0.5428267163195718,0.5070422535211268
opening_step,hybrid,5.623413251903491e-05,360,3.432827705566913,1.8430185656866254,6.249168309355525,0.5833333333333334,0.1288865273563374,0.4880168650751026,0.6666666666666666
opening_step,voc,7.498942093324559e-05,360,3.3976681967476763,1.771192254216571,6.302126491909695,0.6444444444444445,0.15228551713684546,0.47128567933066534,0.5727699530516432
opening_step,hybrid,7.498942093324559e-05,360,3.758820946079867,2.1273290461940193,6.614785245996172,0.5583333333333333,0.11515545566972937,0.4217319373695318,0.7183098591549296
opening_step,voc,0.0001,360,3.744118025850549,2.1001346429614656,6.6811583011548175,0.6111111111111112,0.12834613712316237,0.37020690659454786,0.6572769953051644
opening_step,hybrid,0.0001,360,4.04622636136403,2.402915493047739,6.924151694110121,0.5388888888888889,0.09972052426608913,0.3328823230056413,0.7793427230046949
opening_step,voc,0.0001333521432163324,360,3.837115409170004,2.1788971156809627,6.752330671669054,0.5944444444444444,0.11736391804787982,0.33902299717787576,0.6854460093896714
opening_step,hybrid,0.0001333521432163324,360,4.097494260186882,2.425469461147377,6.973512006469214,0.5333333333333333,0.09538369737886272,0.3122390573473038,0.7887323943661971
opening_step,voc,0.00017782794100389227,360,4.007642158006042,2.3603409199823404,6.912610854882975,0.5472222222222223,0.09878599158165141,0.31830691017509405,0.7652582159624414
opening_step,hybrid,0.00017782794100389227,360,4.130667086982088,2.4587548120525478,7.004293000436992,0.5166666666666667,0.08949929258007204,0.30708719777507615,0.8169014084507042
opening_step,voc,0.0002371373705661655,360,4.170690634777868,2.485868836410982,7.0712004851428665,0.5083333333333333,0.08712121026707026,0.3032011904584073,0.8309859154929577
opening_step,hybrid,0.0002371373705661655,360,4.189182483317874,2.5114701576206175,7.077663642115256,0.5027777777777778,0.08528740340425979,0.3011383083556211,0.8403755868544601
opening_step,voc,0.00031622776601683794,360,4.442037323732511,2.6173222950768893,7.508553488074661,0.48333333333333334,0.07820243665537886,0.2897363302250596,0.8732394366197183
opening_step,hybrid,0.00031622776601683794,360,4.442037323732511,2.6173222950768893,7.508553488074661,0.48333333333333334,0.07820243665537886,0.2897363302250596,0.8732394366197183
opening_step,voc,0.00042169650342858224,360,4.545994857576821,2.7244949004099004,7.640916413588765,0.4388888888888889,0.07127800015101625,0.283248892008386,0.9483568075117371
opening_step,hybrid,0.00042169650342858224,360,4.545994857576821,2.7244949004099004,7.640916413588765,0.4388888888888889,0.07127800015101625,0.283248892008386,0.9483568075117371
opening_step,voc,0.0005623413251903491,360,4.563965341974587,2.7391052707929546,7.662775786875419,0.4305555555555556,0.07034624998866289,0.2821531646333824,0.9624413145539906
opening_step,hybrid,0.0005623413251903491,360,4.563965341974587,2.7391052707929546,7.662775786875419,0.4305555555555556,0.07034624998866289,0.2821531646333824,0.9624413145539906
opening_step,voc,0.0007498942093324559,360,4.668318598408542,2.8654357573482834,7.77128228950106,0.4111111111111111,0.06708793972677578,0.27620798129173635,0.9953051643192489
opening_step,hybrid,0.0007498942093324559,360,4.668318598408542,2.8654357573482834,7.77128228950106,0.4111111111111111,0.06708793972677578,0.27620798129173635,0.9953051643192489
opening_step,voc,0.001,360,4.706390820630764,2.8704859295606675,7.7795827326894935,0.4083333333333333,0.06652417751912497,0.2746966604806302,1.0
opening_step,hybrid,0.001,360,4.706390820630764,2.8704859295606675,7.7795827326894935,0.4083333333333333,0.06652417751912497,0.2746966604806302,1.0
opening_step,voc,0.001333521432163324,360,4.706390820630764,2.8704859295606675,7.7795827326894935,0.4083333333333333,0.06652417751912497,0.2746966604806302,1.0
opening_step,hybrid,0.001333521432163324,360,4.706390820630764,2.8704859295606675,7.7795827326894935,0.4083333333333333,0.06652417751912497,0.2746966604806302,1.0
opening_step,voc,0.0017782794100389228,360,4.706390820630764,2.8704859295606675,7.7795827326894935,0.4083333333333333,0.06652417751912497,0.2746966604806302,1.0
opening_step,hybrid,0.0017782794100389228,360,4.706390820630764,2.8704859295606675,7.7795827326894935,0.4083333333333333,0.06652417751912497,0.2746966604806302,1.0
opening_step,voc,0.0023713737056616554,360,4.706390820630764,2.8704859295606675,7.7795827326894935,0.4083333333333333,0.06652417751912497,0.2746966604806302,1.0
opening_step,hybrid,0.0023713737056616554,360,4.706390820630764,2.8704859295606675,7.7795827326894935,0.4083333333333333,0.06652417751912497,0.2746966604806302,1.0
opening_step,voc,0.0031622776601683794,360,4.706390820630764,2.8704859295606675,7.7795827326894935,0.4083333333333333,0.06652417751912497,0.2746966604806302,1.0
opening_step,hybrid,0.0031622776601683794,360,4.706390820630764,2.8704859295606675,7.7795827326894935,0.4083333333333333,0.06652417751912497,0.2746966604806302,1.0
opening_step,voc,0.004216965034285822,360,4.706390820630764,2.8704859295606675,7.7795827326894935,0.4083333333333333,0.06652417751912497,0.2746966604806302,1.0
opening_step,hybrid,0.004216965034285822,360,4.706390820630764,2.8704859295606675,7.7795827326894935,0.4083333333333333,0.06652417751912497,0.2746966604806302,1.0
opening_step,voc,0.005623413251903491,360,4.706390820630764,2.8704859295606675,7.7795827326894935,0.4083333333333333,0.06652417751912497,0.2746966604806302,1.0
opening_step,hybrid,0.005623413251903491,360,4.706390820630764,2.8704859295606675,7.7795827326894935,0.4083333333333333,0.06652417751912497,0.2746966604806302,1.0
opening_step,voc,0.007498942093324558,360,4.706390820630764,2.8704859295606675,7.7795827326894935,0.4083333333333333,0.06652417751912497,0.2746966604806302,1.0
opening_step,hybrid,0.007498942093324558,360,4.706390820630764,2.8704859295606675,7.7795827326894935,0.4083333333333333,0.06652417751912497,0.2746966604806302,1.0
opening_step,voc,0.01,360,4.706390820630764,2.8704859295606675,7.7795827326894935,0.4083333333333333,0.06652417751912497,0.2746966604806302,1.0
opening_step,hybrid,0.01,360,4.706390820630764,2.8704859295606675,7.7795827326894935,0.4083333333333333,0.06652417751912497,0.2746966604806302,1.0
opening_step,hardlabel,0.01,360,0.008736511500283765,0.005235379655668766,0.013542432883992409,1.0,0.5143738890005616,2.6115986254944903,0.0
opening_step,hardlabel,0.020000000000000004,360,0.014187999108865363,0.008843256633840588,0.02080279953216915,1.0,0.45176999970957704,2.3292510712528687,0.0
opening_step,hardlabel,0.030000000000000006,360,0.02579213063724411,0.017125949947718915,0.03671715816993705,1.0,0.4274487811530665,2.2018988217890487,0.0
opening_step,hardlabel,0.04000000000000001,360,0.03158649635497463,0.022014720256537945,0.043445663700770715,1.0,0.41617714214648455,2.1298152820640905,0.0
opening_step,hardlabel,0.05000000000000001,360,0.048151241236937724,0.033064739358431336,0.06714935716842212,0.9944444444444445,0.4066972807584576,2.0299296912529825,0.004694835680751174
opening_step,hardlabel,0.06000000000000001,360,0.0557912098293251,0.038315671226136036,0.07807118623316657,0.9916666666666667,0.40167356513664065,2.0107324074113118,0.009389671361502348
opening_step,hardlabel,0.07,360,0.06162454316265846,0.04315909949659266,0.08399320177248895,0.9916666666666667,0.39786873359441965,1.9974394594252065,0.014084507042253521
opening_step,hardlabel,0.08,360,0.063003278441716,0.044990661411010394,0.08563266967998248,0.9916666666666667,0.3959532487359131,1.9882468347891011,0.014084507042253521
opening_step,hardlabel,0.09000000000000001,360,0.063003278441716,0.044990661411010394,0.08563266967998248,0.9916666666666667,0.39418684943956855,1.9440278964029858,0.014084507042253521
opening_step,hardlabel,0.1,360,0.063003278441716,0.044990661411010394,0.08563266967998248,0.9916666666666667,0.39418684943956855,1.9440278964029858,0.014084507042253521
opening_step,hardlabel,0.15,360,0.3401554913760106,0.08454870742153849,0.779342655537794,0.9805555555555555,0.3781098431820651,1.8441049580696118,0.03286384976525822
opening_step,hardlabel,0.19999999999999998,360,0.3530667958016478,0.09973334028400269,0.7920255756883416,0.9805555555555555,0.372862801781718,1.8183710894251717,0.03286384976525822
opening_step,hardlabel,0.25,360,0.38202671094926316,0.12755128620238665,0.8359717014894016,0.9777777777777777,0.36605903880422735,1.7568359972501943,0.03755868544600939
opening_step,hardlabel,0.3,360,0.40998876381581495,0.14881486379244108,0.8601001823433962,0.9722222222222222,0.35693290513976467,1.72644782207518,0.046948356807511735
opening_step,hardlabel,0.35,360,0.679786621085247,0.3219547234332585,1.2330062560475852,0.9416666666666667,0.3396759233988446,1.647678215650174,0.09859154929577464
opening_step,hardlabel,0.39999999999999997,360,0.9365088858612195,0.5301139817188356,1.5113123257584655,0.9,0.31414988874573,1.5886354479696416,0.16901408450704225
opening_step,hardlabel,0.44999999999999996,360,1.1557580359025075,0.7402367984651641,1.7170633543937774,0.8611111111111112,0.28779537402676075,1.49183070256128,0.2300469483568075
opening_step,hardlabel,0.5,360,1.2767895045522084,0.8375883521275312,1.8708851733864214,0.825,0.2587103102581751,1.4207995822668131,0.29107981220657275
opening_step,hardlabel,0.5499999999999999,360,1.3236387585838207,0.8712945064180527,1.9092917964208902,0.8027777777777778,0.24628815323044892,1.3865059834279134,0.3286384976525822
opening_step,hardlabel,0.6,360,2.8359726427880956,1.1583835545384795,5.698156212745035,0.7722222222222223,0.22594930063071364,1.324194096594561,0.38028169014084506
opening_step,hardlabel,0.6499999999999999,360,3.0261229014422004,1.3307226011433206,5.956511421286886,0.7472222222222222,0.2058379454695421,1.2542002790917952,0.4225352112676056
opening_step,hardlabel,0.7,360,3.1037002587700133,1.3798407940920665,6.023856590756568,0.725,0.1924794542508963,1.2071549783223317,0.460093896713615
opening_step,hardlabel,0.75,360,3.3903934688077406,1.6516672856827999,6.359664482499497,0.675,0.1600976028923644,1.0827611410251141,0.539906103286385
opening_step,hardlabel,0.7999999999999999,360,3.5252619545893795,1.7996305435641275,6.490345318634267,0.6527777777777778,0.15145542783607993,1.0596708888278852,0.5774647887323944
opening_step,hardlabel,0.85,360,3.7280032433329904,1.990862225283185,6.706436525879996,0.6083333333333333,0.13106086224750813,0.9288657487973372,0.6525821596244131
opening_step,hardlabel,0.8999999999999999,360,3.8713073977093195,2.144257886579839,6.879272717436547,0.5611111111111111,0.11112355917497929,0.7884759314251116,0.7230046948356808
opening_step,hardlabel,0.95,360,4.255363136091343,2.496367371876185,7.299575346974824,0.4583333333333333,0.0871484014705284,0.6351576288889798,0.892018779342723
opening_step,voc_seq,0.0,360,0.0004118556681603294,0.0002360840167708924,0.0006154231557613189,1.0,1.723045653015123,9.141111630655612,0.0
opening_step,voc_seq,1e-08,360,0.0004901753985605647,0.0002883331711524684,0.0007190457916318593,1.0,1.6950536504625777,8.857215211741712,0.0
opening_step,voc_seq,1.333521432163324e-08,360,0.0005002464669464523,0.0003025968548736318,0.0007250104164498475,1.0,1.6819710550758873,8.667191373066705,0.0
opening_step,voc_seq,1.7782794100389228e-08,360,0.0005013667134436429,0.0003032160441061665,0.0007267187923580631,1.0,1.6623982161776811,8.400352386802812,0.0
opening_step,voc_seq,2.371373705661655e-08,360,0.0005210631713452242,0.0003171973546154491,0.0007560790367863054,1.0,1.628183159842713,7.971798496002814,0.0
opening_step,voc_seq,3.162277660168379e-08,360,0.0005651933298318526,0.0003553257129646202,0.0007895782357489347,1.0,1.6013474424464138,7.528335746475043,0.0
opening_step,voc_seq,4.2169650342858225e-08,360,0.0013687173107293977,0.0004269304849176115,0.003337458620279987,1.0,1.5680139746470372,7.131905932322247,0.0
opening_step,voc_seq,5.6234132519034905e-08,360,0.0023090071906035235,0.0008498505429029795,0.004762964818232214,1.0,1.5100975303171926,6.302823469155565,0.0
opening_step,voc_seq,7.498942093324559e-08,360,0.0033571597525755598,0.0010366178811136203,0.006477538477742488,1.0,1.4616309298895271,6.058518475550015,0.0
opening_step,voc_seq,1e-07,360,0.005534245597835673,0.0019685074560893785,0.009781463101137764,1.0,1.3416690613470759,4.897191288511173,0.0
opening_step,voc_seq,1.333521432163324e-07,360,0.006228677579229908,0.002577550040044358,0.010630645907784753,1.0,1.238648647067767,4.268083148297289,0.0
opening_step,voc_seq,1.7782794100389227e-07,360,0.006228796806698628,0.0025776446459007864,0.010630841764149171,1.0,1.1278973543571438,3.82435063276677,0.0
opening_step,voc_seq,2.3713737056616554e-07,360,0.00622745255768734,0.0025769838732382544,0.010630172806594096,1.0,1.0717784503710355,3.6147904703139933,0.0
opening_step,voc_seq,3.162277660168379e-07,360,0.007754289883637437,0.003213845296743708,0.013551278372686534,1.0,1.0183079666996546,3.3192647871306487,0.0
opening_step,voc_seq,4.2169650342858225e-07,360,0.007754283469758723,0.0032138477053145725,0.013551277455309702,1.0,0.8783229697033483,3.1054033628973534,0.0
opening_step,voc_seq,5.62341325190349e-07,360,0.008486825218732685,0.003587440462452577,0.014149380024219858,1.0,0.7939754845792791,2.893429880136187,0.0
opening_step,voc_seq,7.498942093324558e-07,360,0.00946768982084416,0.004327976571032431,0.015248780329979854,1.0,0.6916146860219059,2.6545948470112006,0.0
opening_step,voc_seq,1e-06,360,0.011727777972266488,0.0057477422391298705,0.018939443901833514,1.0,0.6275240739635832,2.497251635166736,0.0
opening_step,voc_seq,1.333521432163324e-06,360,0.019164974735481472,0.008090243980252302,0.03163859234844329,0.9972222222222222,0.5650500760949866,2.2970885058028214,0.0
opening_step,voc_seq,1.7782794100389227e-06,360,0.06616255863448599,0.02598077201222381,0.12063365275760721,0.9833333333333333,0.501655646591864,1.9273059510750803,0.0
opening_step,voc_seq,2.3713737056616552e-06,360,0.09332993321776459,0.045787976724572625,0.14865249383563406,0.975,0.46047542022960075,1.7268892020584645,0.0
opening_step,voc_seq,3.162277660168379e-06,360,0.10042853638634998,0.05129242824850674,0.1563727222760414,0.975,0.43832807605178786,1.64528029255014,0.0
opening_step,voc_seq,4.216965034285822e-06,360,0.14903714302442655,0.07429961265757343,0.24995977451483356,0.9694444444444444,0.42095652334169925,1.5065855027557014,0.0
opening_step,voc_seq,5.623413251903491e-06,360,0.16388590797019392,0.08892418516507285,0.2694839617002259,0.9666666666666667,0.40968459138217556,1.3906966555501237,0.004694835680751174
opening_step,voc_seq,7.498942093324558e-06,360,0.19474233903280716,0.11583921291676871,0.2993307529171948,0.9611111111111111,0.38603378844636993,1.2294581436779177,0.014084507042253521
opening_step,voc_seq,9.999999999999999e-06,360,0.24952055735826212,0.16049185022679274,0.36416779367305563,0.95,0.36127526679220473,1.0698153138834743,0.03286384976525822
opening_step,voc_seq,1.333521432163324e-05,360,0.3314019426604074,0.2340439240772272,0.4815312368507056,0.925,0.3327012005444782,0.9444446273640501,0.07511737089201878
opening_step,voc_seq,1.778279410038923e-05,360,1.7349511836131515,0.30169625300379194,4.51089550856526,0.9138888888888889,0.31447017078468853,0.8875281671140328,0.09389671361502347
opening_step,voc_seq,2.3713737056616554e-05,360,1.9863142467842376,0.5066430331347858,4.771497984035056,0.8444444444444444,0.27690930168363703,0.7523874353584991,0.2112676056338028
opening_step,voc_seq,3.1622776601683795e-05,360,2.463152376402809,0.9161386504434552,5.265669984617174,0.7722222222222223,0.23313679760108422,0.6517777505168144,0.3380281690140845
opening_step,voc_seq,4.216965034285822e-05,360,2.6727124939511318,1.1080191618300697,5.503623020344115,0.725,0.2027913199595325,0.5926966224279365,0.4225352112676056
opening_step,voc_seq,5.623413251903491e-05,360,3.034852678584776,1.4317267787530779,5.887891040182436,0.6777777777777778,0.17083785211862926,0.5428267163195718,0.5070422535211268
opening_step,voc_seq,7.498942093324559e-05,360,3.3976681967476763,1.771192254216571,6.302126491909695,0.6444444444444445,0.15228551713684546,0.47128567933066534,0.5727699530516432
opening_step,voc_seq,0.0001,360,3.744118025850549,2.1001346429614656,6.6811583011548175,0.6111111111111112,0.12834613712316237,0.37020690659454786,0.6572769953051644
opening_step,voc_seq,0.0001333521432163324,360,3.837115409170004,2.1788971156809627,6.752330671669054,0.5944444444444444,0.11736391804787982,0.33902299717787576,0.6854460093896714
opening_step,voc_seq,0.00017782794100389227,360,4.007642158006042,2.3603409199823404,6.912610854882975,0.5472222222222223,0.09878599158165141,0.31830691017509405,0.7652582159624414
opening_step,voc_seq,0.0002371373705661655,360,4.170690634777868,2.485868836410982,7.0712004851428665,0.5083333333333333,0.08712121026707026,0.3032011904584073,0.8309859154929577
opening_step,voc_seq,0.00031622776601683794,360,4.442037323732511,2.6173222950768893,7.508553488074661,0.48333333333333334,0.07820243665537886,0.2897363302250596,0.8732394366197183
opening_step,voc_seq,0.00042169650342858224,360,4.545994857576821,2.7244949004099004,7.640916413588765,0.4388888888888889,0.07127800015101625,0.283248892008386,0.9483568075117371
opening_step,voc_seq,0.0005623413251903491,360,4.563965341974587,2.7391052707929546,7.662775786875419,0.4305555555555556,0.07034624998866289,0.2821531646333824,0.9624413145539906
opening_step,voc_seq,0.0007498942093324559,360,4.668318598408542,2.8654357573482834,7.77128228950106,0.4111111111111111,0.06708793972677578,0.27620798129173635,0.9953051643192489
opening_step,voc_seq,0.001,360,4.706390820630764,2.8704859295606675,7.7795827326894935,0.4083333333333333,0.06652417751912497,0.2746966604806302,1.0
opening_step,voc_seq,0.001333521432163324,360,4.706390820630764,2.8704859295606675,7.7795827326894935,0.4083333333333333,0.06652417751912497,0.2746966604806302,1.0
opening_step,voc_seq,0.0017782794100389228,360,4.706390820630764,2.8704859295606675,7.7795827326894935,0.4083333333333333,0.06652417751912497,0.2746966604806302,1.0
opening_step,voc_seq,0.0023713737056616554,360,4.706390820630764,2.8704859295606675,7.7795827326894935,0.4083333333333333,0.06652417751912497,0.2746966604806302,1.0
opening_step,voc_seq,0.0031622776601683794,360,4.706390820630764,2.8704859295606675,7.7795827326894935,0.4083333333333333,0.06652417751912497,0.2746966604806302,1.0
opening_step,voc_seq,0.004216965034285822,360,4.706390820630764,2.8704859295606675,7.7795827326894935,0.4083333333333333,0.06652417751912497,0.2746966604806302,1.0
opening_step,voc_seq,0.005623413251903491,360,4.706390820630764,2.8704859295606675,7.7795827326894935,0.4083333333333333,0.06652417751912497,0.2746966604806302,1.0
opening_step,voc_seq,0.007498942093324558,360,4.706390820630764,2.8704859295606675,7.7795827326894935,0.4083333333333333,0.06652417751912497,0.2746966604806302,1.0
opening_step,voc_seq,0.01,360,4.706390820630764,2.8704859295606675,7.7795827326894935,0.4083333333333333,0.06652417751912497,0.2746966604806302,1.0
opening_step,hybrid_seq,0.0,360,1.0681596981380457,0.7822690005199885,1.3859279434823382,0.775,0.7173152985413319,2.919578318280724,0.107981220657277
opening_step,hybrid_seq,1e-08,360,1.0681597241701577,0.7822690249030444,1.385927961163551,0.775,0.7110235837786991,2.891954259455714,0.13615023474178403
opening_step,hybrid_seq,1.333521432163324e-08,360,1.0681597281240371,0.7822690267811372,1.3859279630416441,0.775,0.7072989784484499,2.8595444268140557,0.13615023474178403
opening_step,hybrid_seq,1.7782794100389228e-08,360,1.0681597281240371,0.7822690267811372,1.3859279630416441,0.775,0.7035863505952182,2.8429876861390566,0.13615023474178403
opening_step,hybrid_seq,2.371373705661655e-08,360,1.0681597281240371,0.7822690267811372,1.3859279630416441,0.775,0.702008077663852,2.8223885241834976,0.13615023474178403
opening_step,hybrid_seq,3.162277660168379e-08,360,1.068159128669266,0.7822674389518998,1.385927979848618,0.775,0.6983846998552034,2.7981020672974006,0.14084507042253522
opening_step,hybrid_seq,4.2169650342858225e-08,360,1.0681564739927014,0.782263390727796,1.3859239347776613,0.775,0.693061987990311,2.7614776565168238,0.14084507042253522
opening_step,hybrid_seq,5.6234132519034905e-08,360,1.0681564761786775,0.7822633962487336,1.3859239359849065,0.775,0.680022437278375,2.6701534342473576,0.14084507042253522
opening_step,hybrid_seq,7.498942093324559e-08,360,1.0681542257175785,0.7822623197040129,1.385921686838796,0.775,0.6511959075232452,2.564511945180675,0.15023474178403756
opening_step,hybrid_seq,1e-07,360,1.0681542198989487,0.7822623206905758,1.3859216768658962,0.775,0.625921634458761,2.376676303305703,0.15492957746478872
opening_step,hybrid_seq,1.333521432163324e-07,360,1.0681559694219087,0.782264991827661,1.38592168102808,0.775,0.5987154697289289,2.251686003447382,0.15492957746478872
opening_step,hybrid_seq,1.7782794100389227e-07,360,1.068155960679704,0.7822649731734493,1.3859216654646542,0.775,0.5770668595898661,2.113967952358497,0.1596244131455399
opening_step,hybrid_seq,2.3713737056616554e-07,360,1.0681560197064386,0.7822650041148087,1.3859217292585557,0.775,0.557377343372611,2.06493753156403,0.17370892018779344
opening_step,hybrid_seq,3.162277660168379e-07,360,1.0681566612375946,0.7822650125960454,1.3859220356435735,0.775,0.5406094199842273,1.9548846622084561,0.18779342723004694
opening_step,hybrid_seq,4.2169650342858225e-07,360,1.0681566572724743,0.7822650220843119,1.385922029637185,0.775,0.4922954514812601,1.866474396919572,0.19248826291079812
opening_step,hybrid_seq,5.62341325190349e-07,360,1.0681566662546402,0.7822650328384472,1.3859220269391546,0.775,0.4521103428289602,1.780239261355675,0.20657276995305165
opening_step,hybrid_seq,7.498942093324558e-07,360,1.0681566398670908,0.7822650464995143,1.3859220262288856,0.775,0.39893876663684913,1.6736252360695896,0.215962441314554
opening_step,hybrid_seq,1e-06,360,1.0681565798781094,0.7822650411404233,1.3859219307661617,0.775,0.3687081401653133,1.620654168472356,0.22065727699530516
opening_step,hybrid_seq,1.333521432163324e-06,360,1.0681564354875197,0.7822649506325463,1.3859218154962472,0.775,0.3351724570664828,1.5537561792306809,0.2347417840375587
opening_step,hybrid_seq,1.7782794100389227e-06,360,1.0697196139444451,0.784125194385974,1.386781980090896,0.775,0.3136516311709208,1.4891167344001284,0.24882629107981222
opening_step,hybrid_seq,2.3713737056616552e-06,360,1.0704000565101246,0.7851629144504662,1.3877856068638774,0.775,0.29838258607549983,1.4387641425029163,0.25821596244131456
opening_step,hybrid_seq,3.162277660168379e-06,360,1.0774988112596804,0.7935872263979007,1.3946845233937233,0.775,0.28733570739616576,1.369702771452901,0.27230046948356806
opening_step,hybrid_seq,4.216965034285822e-06,360,1.082781867479992,0.7991303051091885,1.400203770644865,0.775,0.28312914330404876,1.32839247901123,0.27230046948356806
opening_step,hybrid_seq,5.623413251903491e-06,360,1.097630573809842,0.8212174497853859,1.418545363736408,0.7722222222222223,0.2728418154734179,1.214000450513989,0.28169014084507044
opening_step,hybrid_seq,7.498942093324558e-06,360,1.1284871049295817,0.8501129363761182,1.4446789946121124,0.7666666666666667,0.2516036439088204,1.0558398843973313,0.29577464788732394
opening_step,hybrid_seq,9.999999999999999e-06,360,1.1822338241188362,0.9077036136483752,1.4908787471497316,0.7555555555555555,0.23343061635742282,0.9061407290834419,0.323943661971831
opening_step,hybrid_seq,1.333521432163324e-05,360,1.261433962597306,0.9901066984701611,1.5742618345275496,0.7305555555555555,0.21727228056533726,0.7975739623028959,0.38497652582159625
opening_step,hybrid_seq,1.778279410038923e-05,360,2.663227337341041,1.1157603301818007,5.471296633576446,0.7194444444444444,0.20609627626835503,0.7503847199223148,0.41784037558685444
opening_step,hybrid_seq,2.3713737056616554e-05,360,2.833892560378614,1.27731199397669,5.644723245259906,0.6694444444444444,0.18387305011762523,0.6333073914778854,0.5070422535211268
opening_step,hybrid_seq,3.1622776601683795e-05,360,3.191829066003059,1.6177057232501146,5.979024524257224,0.625,0.15853215481098956,0.5565826634889769,0.5868544600938967
opening_step,hybrid_seq,4.216965034285822e-05,360,3.3353822133905218,1.731761349265556,6.145077324949918,0.5944444444444444,0.1396571216378458,0.5126501430751078,0.6431924882629108
opening_step,hybrid_seq,5.623413251903491e-05,360,3.432827705566913,1.8430185656866254,6.249168309355525,0.5833333333333334,0.1288865273563374,0.4880168650751026,0.6666666666666666
opening_step,hybrid_seq,7.498942093324559e-05,360,3.758820946079867,2.1273290461940193,6.614785245996172,0.5583333333333333,0.11515545566972937,0.4217319373695318,0.7183098591549296
opening_step,hybrid_seq,0.0001,360,4.04622636136403,2.402915493047739,6.924151694110121,0.5388888888888889,0.09972052426608913,0.3328823230056413,0.7793427230046949
opening_step,hybrid_seq,0.0001333521432163324,360,4.097494260186882,2.425469461147377,6.973512006469214,0.5333333333333333,0.09538369737886272,0.3122390573473038,0.7887323943661971
opening_step,hybrid_seq,0.00017782794100389227,360,4.130667086982088,2.4587548120525478,7.004293000436992,0.5166666666666667,0.08949929258007204,0.30708719777507615,0.8169014084507042
opening_step,hybrid_seq,0.0002371373705661655,360,4.189182483317874,2.5114701576206175,7.077663642115256,0.5027777777777778,0.08528740340425979,0.3011383083556211,0.8403755868544601
opening_step,hybrid_seq,0.00031622776601683794,360,4.442037323732511,2.6173222950768893,7.508553488074661,0.48333333333333334,0.07820243665537886,0.2897363302250596,0.8732394366197183
opening_step,hybrid_seq,0.00042169650342858224,360,4.545994857576821,2.7244949004099004,7.640916413588765,0.4388888888888889,0.07127800015101625,0.283248892008386,0.9483568075117371
opening_step,hybrid_seq,0.0005623413251903491,360,4.563965341974587,2.7391052707929546,7.662775786875419,0.4305555555555556,0.07034624998866289,0.2821531646333824,0.9624413145539906
opening_step,hybrid_seq,0.0007498942093324559,360,4.668318598408542,2.8654357573482834,7.77128228950106,0.4111111111111111,0.06708793972677578,0.27620798129173635,0.9953051643192489
opening_step,hybrid_seq,0.001,360,4.706390820630764,2.8704859295606675,7.7795827326894935,0.4083333333333333,0.06652417751912497,0.2746966604806302,1.0
opening_step,hybrid_seq,0.001333521432163324,360,4.706390820630764,2.8704859295606675,7.7795827326894935,0.4083333333333333,0.06652417751912497,0.2746966604806302,1.0
opening_step,hybrid_seq,0.0017782794100389228,360,4.706390820630764,2.8704859295606675,7.7795827326894935,0.4083333333333333,0.06652417751912497,0.2746966604806302,1.0
opening_step,hybrid_seq,0.0023713737056616554,360,4.706390820630764,2.8704859295606675,7.7795827326894935,0.4083333333333333,0.06652417751912497,0.2746966604806302,1.0
opening_step,hybrid_seq,0.0031622776601683794,360,4.706390820630764,2.8704859295606675,7.7795827326894935,0.4083333333333333,0.06652417751912497,0.2746966604806302,1.0
opening_step,hybrid_seq,0.004216965034285822,360,4.706390820630764,2.8704859295606675,7.7795827326894935,0.4083333333333333,0.06652417751912497,0.2746966604806302,1.0
opening_step,hybrid_seq,0.005623413251903491,360,4.706390820630764,2.8704859295606675,7.7795827326894935,0.4083333333333333,0.06652417751912497,0.2746966604806302,1.0
opening_step,hybrid_seq,0.007498942093324558,360,4.706390820630764,2.8704859295606675,7.7795827326894935,0.4083333333333333,0.06652417751912497,0.2746966604806302,1.0
opening_step,hybrid_seq,0.01,360,4.706390820630764,2.8704859295606675,7.7795827326894935,0.4083333333333333,0.06652417751912497,0.2746966604806302,1.0
opening_step,oracle,0.0,360,0.18690049367443543,0.1605630620502881,0.22176440296568942,1.0,0.278698967135563,1.2111131585584392,0.0
opening_step,oracle_voc,0.0,360,0.037094406447373385,0.007947702306526652,0.08036579289388293,0.9888888888888889,0.528147143600378,2.6278500243555754,0.0
opening_step,oracle_voc,1e-08,360,0.037232757739945464,0.008039684435645476,0.08049472007622939,0.9888888888888889,0.370691890750177,2.162840583102853,0.0
opening_step,oracle_voc,1.333521432163324e-08,360,0.03724831289611899,0.008080125767596912,0.08051701949298128,0.9888888888888889,0.36872490637264743,2.129534758969516,0.0
opening_step,oracle_voc,1.7782794100389228e-08,360,0.04955440926064668,0.014988416872823342,0.09556297348094156,0.9861111111111112,0.36220822082579646,2.0198553660806384,0.0
opening_step,oracle_voc,2.371373705661655e-08,360,0.04955440926064668,0.014988416872823342,0.09556297348094156,0.9861111111111112,0.36220822082579646,2.0198553660806384,0.0
opening_step,oracle_voc,3.162277660168379e-08,360,0.04965105149316223,0.015044032191760894,0.095667180780956,0.9861111111111112,0.35618907550883366,1.9212543812584246,0.0
opening_step,oracle_voc,4.2169650342858225e-08,360,0.05882777452473535,0.0202882326170563,0.11207222972797302,0.9833333333333333,0.35148818013675937,1.8252984798889782,0.0
opening_step,oracle_voc,5.6234132519034905e-08,360,0.06158964592496839,0.024084190462036806,0.11360741684677086,0.9833333333333333,0.3456104506647488,1.7422809913556496,0.0
opening_step,oracle_voc,7.498942093324559e-08,360,0.061717106200076206,0.024211842611869365,0.11391574051500833,0.9833333333333333,0.34278619622106726,1.7308688164612047,0.0
opening_step,oracle_voc,1e-07,360,0.06389954645997865,0.02449503801336229,0.11655165060890298,0.9833333333333333,0.33819913741943425,1.6689224940056395,0.0
opening_step,oracle_voc,1.333521432163324e-07,360,0.06403857743582601,0.024845807053459998,0.1166839467185696,0.9833333333333333,0.33501581729692587,1.6188936945056411,0.0
opening_step,oracle_voc,1.7782794100389227e-07,360,0.07835471493550818,0.03394724086661211,0.13578401838140447,0.9777777777777777,0.33022249545346677,1.5293900457639715,0.0
opening_step,oracle_voc,2.3713737056616554e-07,360,0.08844560223496352,0.04075117579810234,0.14423295014874993,0.975,0.32523252020076626,1.4342747061084185,0.0
opening_step,oracle_voc,3.162277660168379e-07,360,0.08844560223496352,0.04075117579810234,0.14423295014874993,0.975,0.32523252020076626,1.4342747061084185,0.0
opening_step,oracle_voc,4.2169650342858225e-07,360,0.08844560223496352,0.04075117579810234,0.14423295014874993,0.975,0.32523252020076626,1.4342747061084185,0.0
opening_step,oracle_voc,5.62341325190349e-07,360,0.09951705682384818,0.04806734649649575,0.1614932884753363,0.9722222222222222,0.32063098128640677,1.3740888751750895,0.0
opening_step,oracle_voc,7.498942093324558e-07,360,0.1319503024317283,0.05424239820870154,0.2343645672465459,0.9694444444444444,0.3173721787712537,1.3261441629361899,0.0
opening_step,oracle_voc,1e-06,360,0.1330614135428394,0.05481632764658618,0.23489234502432368,0.9694444444444444,0.31560577947490914,1.2819252245500745,0.0
opening_step,oracle_voc,1.333521432163324e-06,360,0.13441491003760397,0.05590423264994575,0.23659945846185315,0.9694444444444444,0.3141218767603314,1.2595846762917366,0.0
opening_step,oracle_voc,1.7782794100389227e-06,360,0.13658491277324483,0.05940445830849213,0.23849103514614203,0.9694444444444444,0.3128056775446485,1.2327519931556303,0.0
opening_step,oracle_voc,2.3713737056616552e-06,360,0.14268846519200096,0.0645661803370496,0.24610279216836517,0.9694444444444444,0.30779529567697067,1.1725423894556317,0.0
opening_step,oracle_voc,3.162277660168379e-06,360,0.14778820483380817,0.06981498260597178,0.2504184633338792,0.9694444444444444,0.3040848649743978,1.1374933826584008,0.0
opening_step,oracle_voc,4.216965034285822e-06,360,0.15707817183373257,0.0803432810403465,0.25934798285681515,0.9694444444444444,0.2995040999668897,1.0934506608722787,0.0
opening_step,oracle_voc,5.623413251903491e-06,360,0.1833535242148745,0.10837184559197013,0.28022824722577333,0.9694444444444444,0.29259235245474147,0.9968747710195304,0.0
opening_step,oracle_voc,7.498942093324558e-06,360,0.22045722168716278,0.14075910553052678,0.316969088681868,0.9611111111111111,0.28431395025798856,0.8903781535501063,0.014084507042253521
opening_step,oracle_voc,9.999999999999999e-06,360,0.24887326411996302,0.16796037615928955,0.3576493285532433,0.9527777777777777,0.27761049069822624,0.8305953250251251,0.03755868544600939
opening_step,oracle_voc,1.333521432163324e-05,360,0.2851159373464834,0.2006715446173872,0.39798434409118716,0.9333333333333333,0.26769020539842175,0.7762408730362141,0.07042253521126761
opening_step,oracle_voc,1.778279410038923e-05,360,0.31909537502968877,0.2343691243189744,0.4297704014713712,0.9166666666666666,0.2602111102397167,0.7346221830779036,0.09859154929577464
opening_step,oracle_voc,2.3713737056616554e-05,360,0.37903390884805954,0.2908520872397951,0.4925858717758663,0.8916666666666667,0.24780108357311229,0.6840563435195993,0.14084507042253522
opening_step,oracle_voc,3.1622776601683795e-05,360,0.4693526316660616,0.3629884457448883,0.5938402302785291,0.8666666666666667,0.23894462146120546,0.6279478069723559,0.18779342723004694
opening_step,oracle_voc,4.216965034285822e-05,360,0.555735017716934,0.43271807917501937,0.7023355744225298,0.8361111111111111,0.2236274957840295,0.588821485483489,0.24413145539906103
opening_step,oracle_voc,5.623413251903491e-05,360,0.6220753968475499,0.4817749333627167,0.78845325434966,0.8194444444444444,0.21395476232506994,0.5650347345251652,0.28169014084507044
opening_step,oracle_voc,7.498942093324559e-05,360,0.7561832426905162,0.5852220874665608,0.9430704193604148,0.7972222222222223,0.20255407973206066,0.5294465278973702,0.323943661971831
opening_step,oracle_voc,0.0001,360,1.2423914420707098,0.9548587374440981,1.5036497615075881,0.7416666666666667,0.1761255454571842,0.4277968640890726,0.43661971830985913
opening_step,oracle_voc,0.0001333521432163324,360,1.5256813095856956,1.225960638500373,1.8210969938444812,0.6944444444444444,0.1490063205430315,0.3894802642390661,0.5164319248826291
opening_step,oracle_voc,0.00017782794100389227,360,1.990954316410994,1.6437394125400941,2.34843836168126,0.6166666666666667,0.11754481989739829,0.34130905983069576,0.647887323943662
opening_step,oracle_voc,0.0002371373705661655,360,2.2860770485015474,1.9472005775100092,2.655589907343792,0.5472222222222223,0.09712965253516576,0.31676491573339766,0.7652582159624414
opening_step,oracle_voc,0.00031622776601683794,360,2.473254879078575,2.124605159051527,2.8782694752456863,0.5166666666666667,0.08797783965399528,0.3057077570889507,0.8169014084507042
opening_step,oracle_voc,0.00042169650342858224,360,2.812985238424775,2.4002043859116653,3.210930436938231,0.46111111111111114,0.0748324219119489,0.29031851610001874,0.9107981220657277
opening_step,oracle_voc,0.0005623413251903491,360,2.8616336253373142,2.458032751779502,3.25404488438714,0.44166666666666665,0.07300156154364439,0.28852524866113327,0.9436619718309859
opening_step,oracle_voc,0.0007498942093324559,360,2.94353296183729,2.540772801448448,3.345702987964935,0.4305555555555556,0.07074629593433172,0.28637027067781873,0.9624413145539906
opening_step,oracle_voc,0.001,360,3.055330121042286,2.6454332709430957,3.444406169964091,0.41944444444444445,0.06876029443042336,0.283302614944508,0.9812206572769953
opening_step,oracle_voc,0.001333521432163324,360,3.055330121042286,2.6454332709430957,3.444406169964091,0.41944444444444445,0.06876029443042336,0.283302614944508,0.9812206572769953
opening_step,oracle_voc,0.0017782794100389228,360,3.055330121042286,2.6454332709430957,3.444406169964091,0.41944444444444445,0.06876029443042336,0.283302614944508,0.9812206572769953
opening_step,oracle_voc,0.0023713737056616554,360,3.304101931741875,2.777902107287709,3.8746790625394363,0.41388888888888886,0.06709231151791296,0.28096123143063273,0.9906103286384976
opening_step,oracle_voc,0.0031622776601683794,360,3.345140820630763,2.7880462730859175,3.933785354935518,0.4111111111111111,0.06696906847821814,0.28023265618619714,0.9953051643192489
opening_step,oracle_voc,0.004216965034285822,360,4.706390820630764,2.8704859295606675,7.7795827326894935,0.4083333333333333,0.06652417751912497,0.2746966604806302,1.0
opening_step,oracle_voc,0.005623413251903491,360,4.706390820630764,2.8704859295606675,7.7795827326894935,0.4083333333333333,0.06652417751912497,0.2746966604806302,1.0
opening_step,oracle_voc,0.007498942093324558,360,4.706390820630764,2.8704859295606675,7.7795827326894935,0.4083333333333333,0.06652417751912497,0.2746966604806302,1.0
opening_step,oracle_voc,0.01,360,4.706390820630764,2.8704859295606675,7.7795827326894935,0.4083333333333333,0.06652417751912497,0.2746966604806302,1.0
combo,uniform_coarse,0.0,360,22.76024276601429,16.449140370334746,31.01570473736069,0.1638888888888889,0.024255197710765147,0.4844031937835704,1.0
combo,uniform_medium,1.0,360,6.176620717985477,2.923592731257562,12.046886810197407,0.4222222222222222,0.062189103081291976,0.2414074580750619,1.0
combo,uniform_fine,2.0,360,0.00029232088783491295,0.00014309610547318935,0.00048699424533443287,1.0,1.0,5.067407490819298,0.0
combo,random,0.0,360,6.176620717985477,2.923592731257562,12.046886810197407,0.4222222222222222,0.062189103081291976,0.2414074580750619,1.0
combo,random,1.0,360,5.022024237250781,1.981877363217068,10.730391515224353,0.5777777777777777,0.2060824869017635,1.0618880175305498,0.0
combo,random,2.0,360,1.6371350226297328,1.3410225998795755,2.005882117192932,0.6972222222222222,0.4349225414431967,2.215860137664074,0.0
combo,random,3.0,360,0.8337986669790398,0.5681444589176742,1.0956315364865234,0.8416666666666667,0.6970690369802469,3.597319421161157,0.0
combo,random,4.0,360,0.00029232088783491295,0.00014309610547318935,0.00048699424533443287,1.0,1.0,5.067407490819298,0.0
combo,share,0.0,360,6.176620717985477,2.923592731257562,12.046886810197407,0.4222222222222222,0.062189103081291976,0.2414074580750619,1.0
combo,share,1.0,360,2.409974860481685,1.7171452298740695,3.0877981160152577,0.6583333333333333,0.20796772263834157,1.141630706361098,0.0
combo,share,2.0,360,0.7655665891442361,0.524348421290891,1.002530852544841,0.8416666666666667,0.3992115905991266,1.4833567528976244,0.0
combo,share,3.0,360,0.7144668224503423,0.47500028360751,0.952590552479881,0.8638888888888889,0.46881936055587936,1.7263425118941793,0.0
combo,share,4.0,360,0.00029232088783491295,0.00014309610547318935,0.00048699424533443287,1.0,1.062189103081292,5.30881494889436,0.0
combo,discrepancy,0.01,360,2.769196501238052,0.0054031344887607476,8.281262754693115,0.9944444444444445,1.0463172867003214,5.707174031775079,0.0
combo,discrepancy,0.020000000000000004,360,2.825881771101643,0.014327822310059923,8.382929683478414,0.9888888888888889,1.0102180350708512,5.552823388569616,0.0
combo,discrepancy,0.030000000000000006,360,2.825881851818237,0.014327904621454845,8.382929787673847,0.9888888888888889,0.9807089355707101,5.494381232122507,0.0
combo,discrepancy,0.04000000000000001,360,2.8523025160290647,0.03832062674176325,8.421111795804572,0.9805555555555555,0.9306032024776856,5.397305705256076,0.0
combo,discrepancy,0.05000000000000001,360,2.8528474977321903,0.03858409501326328,8.4219428770477,0.9805555555555555,0.9227238669367991,5.385250717533917,0.0
combo,discrepancy,0.06000000000000001,360,2.8528473265679706,0.03858371320979134,8.421942497688917,0.9805555555555555,0.9199973686583703,5.374855896408927,0.0
combo,discrepancy,0.07,360,2.852895769884797,0.03864555932300884,8.422011538346258,0.9805555555555555,0.9078789568382187,5.344091780336728,0.009615384615384616
combo,discrepancy,0.08,360,2.8538443952110724,0.03868224527153479,8.42434774642396,0.9805555555555555,0.8871420994273567,5.254847972867275,0.019230769230769232
combo,discrepancy,0.09000000000000001,360,2.8538415722934523,0.03868036230283964,8.424341503638516,0.9805555555555555,0.876824191452764,5.203930987103467,0.019230769230769232
combo,discrepancy,0.1,360,2.8681078530264466,0.05161132205011573,8.434039047792023,0.975,0.8713607083605893,5.1935502652561505,0.019230769230769232
combo,discrepancy,0.15,360,3.0005596031942225,0.17228830913603985,8.585974395211874,0.9194444444444444,0.8305989259764855,5.09706680587829,0.019230769230769232
combo,discrepancy,0.19999999999999998,360,3.0907244540375403,0.23872614235328066,8.703360842867134,0.8888888888888888,0.7998667178463582,4.932675352153284,0.019230769230769232
combo,discrepancy,0.25,360,3.100693274487834,0.25430304419809324,8.708278773345333,0.8861111111111111,0.7896803796806007,4.8940730051977175,0.019230769230769232
combo,discrepancy,0.3,360,3.20971523795966,0.35348923004330957,8.814335338272999,0.85,0.7646183550103229,4.793033560967059,0.03365384615384615
combo,discrepancy,0.35,360,3.2206926392298567,0.36513862969956645,8.82301338789769,0.8444444444444444,0.7529421826679845,4.783974333550456,0.03365384615384615
combo,discrepancy,0.39999999999999997,360,3.2306779801959213,0.3781181761807207,8.83389799519076,0.8416666666666667,0.7400205240292128,4.772924408017055,0.03365384615384615
combo,discrepancy,0.44999999999999996,360,3.247997938686917,0.40602581020186207,8.852668821210257,0.8388888888888889,0.7355344047566427,4.768174425950383,0.038461538461538464
combo,discrepancy,0.5,360,3.247997938686919,0.4060258102018686,8.852668821210258,0.8388888888888889,0.7346807814540398,4.767410163033704,0.038461538461538464
combo,discrepancy,0.5499999999999999,360,3.293417674831597,0.4472233286647981,8.885597888555214,0.8277777777777777,0.7311606315891788,4.761221371069789,0.038461538461538464
combo,discrepancy,0.6,360,3.304287517727976,0.45868651905828134,8.897030138856483,0.8222222222222222,0.7210078510437603,4.749244834003114,0.04807692307692308
combo,discrepancy,0.6499999999999999,360,3.3448562608899066,0.48770068404932726,8.938085116435824,0.8166666666666667,0.7090510435450282,4.648179063442058,0.04807692307692308
combo,discrepancy,0.7,360,3.3538292090036292,0.4949802152554663,8.958463356358866,0.8138888888888889,0.7037294253838141,4.641095779542047,0.052884615384615384
combo,discrepancy,0.75,360,3.5468977607059173,0.6581398888461019,9.076197660613028,0.7888888888888889,0.6792290816345458,4.54711874317816,0.0625
combo,discrepancy,0.7999999999999999,360,3.969531896483573,1.0311759285700017,9.604369920685428,0.7444444444444445,0.6415963302768148,4.298043958456007,0.09615384615384616
combo,discrepancy,0.85,360,3.9987441175746015,1.0603320102599674,9.656238857121808,0.7388888888888889,0.626491376643644,4.274377764922661,0.10576923076923077
combo,discrepancy,0.8999999999999999,360,4.042113090215343,1.0918901660515279,9.697929751808688,0.7305555555555555,0.6147644370721093,4.231142084805985,0.1201923076923077
combo,discrepancy,0.95,360,4.167653370075101,1.1856687795731706,9.824739238150658,0.7138888888888889,0.5997969302681125,4.171346653064322,0.1346153846153846
combo,sensitivity,0.01,360,3.917764424539427,0.8058112695298892,9.511310025347795,0.8027777777777778,0.6520055634974157,3.9977226779612467,0.32211538461538464
combo,sensitivity,0.020000000000000004,360,3.9681932282039805,0.8449824015044698,9.58741703357944,0.7944444444444444,0.6383927463547988,3.8609408186557226,0.32211538461538464
combo,sensitivity,0.030000000000000006,360,4.0535186180302265,0.9527266009098156,9.674636669096454,0.7833333333333333,0.626272321397119,3.749278946902935,0.32211538461538464
combo,sensitivity,0.04000000000000001,360,4.138168045364328,1.024956820046841,9.78575863564744,0.775,0.6206939429230368,3.667080064786256,0.32211538461538464
combo,sensitivity,0.05000000000000001,360,4.169975712666037,1.0472257995616798,9.812081442794165,0.7694444444444445,0.6124708819700585,3.559284364636288,0.32211538461538464
combo,sensitivity,0.06000000000000001,360,4.201079684628523,1.074634255433934,9.830987836736615,0.7666666666666667,0.6067659871370932,3.47604536286131,0.32211538461538464
combo,sensitivity,0.07,360,4.2186218179542445,1.0820414782938292,9.83098784378975,0.7638888888888888,0.6051636452157985,3.4564235579307327,0.32211538461538464
combo,sensitivity,0.08,360,4.238481058693768,1.102825686750622,9.835462879326355,0.7611111111111111,0.6025916049269283,3.4218774366696483,0.32211538461538464
combo,sensitivity,0.09000000000000001,360,4.238825457903303,1.1030471395311798,9.835529992802766,0.7611111111111111,0.5948111460478114,3.3010309624085594,0.32211538461538464
combo,sensitivity,0.1,360,4.240945823090056,1.1049347194971855,9.837535461655518,0.7611111111111111,0.5899989803653825,3.220095674580807,0.32211538461538464
combo,sensitivity,0.15,360,4.264655806106388,1.1251424984207712,9.850699714667515,0.7583333333333333,0.5831137940683887,3.172005595705802,0.32211538461538464
combo,sensitivity,0.19999999999999998,360,4.295561837412977,1.1649649415910965,9.908621518499796,0.7555555555555555,0.5740633028078383,3.05826540248361,0.32211538461538464
combo,sensitivity,0.25,360,4.304509720031039,1.173912799501346,9.913319894794013,0.7527777777777778,0.5687610002605334,2.9940673045057946,0.32211538461538464
combo,sensitivity,0.3,360,4.305721267310291,1.1747633989702528,9.914282527439182,0.7527777777777778,0.5666049406304463,2.9816954710085763,0.32211538461538464
combo,sensitivity,0.35,360,4.306923397981268,1.1764645156552813,9.914853539993063,0.7527777777777778,0.564152999874971,2.9679725902863536,0.32211538461538464
combo,sensitivity,0.39999999999999997,360,4.306937209143027,1.1764645196166101,9.914853541609565,0.7527777777777778,0.5611821260825006,2.951413025283566,0.32211538461538464
combo,sensitivity,0.44999999999999996,360,4.307487271532346,1.1768305503325016,9.914908534216723,0.7527777777777778,0.5579984208846706,2.9320480625474477,0.32211538461538464
combo,sensitivity,0.5,360,4.330383770531143,1.1901941070242736,9.949825696555937,0.75,0.5560817183042799,2.917893986808536,0.32211538461538464
combo,sensitivity,0.5499999999999999,360,4.330383769464759,1.1901941065177415,9.949825696555937,0.75,0.5557512487408901,2.9146350403946397,0.32211538461538464
combo,sensitivity,0.6,360,4.330398825109528,1.1901941072452678,9.949848656393302,0.75,0.5537173427068195,2.903337915111307,0.32211538461538464
combo,sensitivity,0.6499999999999999,360,4.330398828494755,1.1901941127386577,9.949848659219501,0.75,0.5532326382096744,2.8954222012390853,0.32211538461538464
combo,sensitivity,0.7,360,4.330398828494754,1.1901941127386575,9.9498486592195,0.75,0.5528189257496543,2.89017323095576,0.32211538461538464
combo,sensitivity,0.75,360,4.330398828557703,1.1901941128283584,9.9498486592195,0.75,0.552416684138146,2.887917991052968,0.32211538461538464
combo,sensitivity,0.7999999999999999,360,4.375936169276253,1.2359368029512892,10.047805279689493,0.7472222222222222,0.5514145727054519,2.8783554842390813,0.32211538461538464
combo,sensitivity,0.85,360,4.375936169276253,1.2359368029512892,10.047805279689493,0.7472222222222222,0.5510278538055557,2.8775153104474156,0.32211538461538464
combo,sensitivity,0.8999999999999999,360,4.375936169276253,1.2359368029512892,10.047805279689493,0.7472222222222222,0.5510278538055557,2.8775153104474156,0.32211538461538464
combo,sensitivity,0.95,360,4.375936169276253,1.2359368029512892,10.047805279689493,0.7472222222222222,0.5510278538055557,2.8775153104474156,0.32211538461538464
combo,novelty,0.5,360,0.474601768232102,0.32215022804507265,0.6600777990853719,0.875,0.8722245642631667,4.573954225799924,0.13942307692307693
combo,novelty,0.75,360,1.3481716431868227,1.0945618255323926,1.6642920059121094,0.7,0.5784523934665284,3.137085521702789,0.3701923076923077
combo,novelty,0.9,360,2.0142007119381122,1.7084965975366504,2.388959936940299,0.5638888888888889,0.3901952542429406,2.2541591106611123,0.5192307692307693
combo,novelty,0.95,360,2.581409913545777,2.24785529627923,2.9994783876949067,0.475,0.20846372743428282,1.3900197144638797,0.7596153846153846
combo,novelty,0.99,360,3.345381931323887,2.6484776155422596,4.058913114971244,0.43333333333333335,0.07625916493813988,0.32972996220558143,0.9663461538461539
combo,uncertainty,0.01,360,0.007246883551391809,0.00047785035352962044,0.019977725683880055,0.9972222222222222,0.9462707672093682,4.9898715915389,0.0
combo,uncertainty,0.020000000000000004,360,0.010060239375196121,0.0008799478947098054,0.023878834752099263,0.9972222222222222,0.8819592114014426,4.78215276628877,0.0
combo,uncertainty,0.030000000000000006,360,0.00993128820333122,0.0007957469408563751,0.02388777991838139,0.9972222222222222,0.8352186488923485,4.597787473938761,0.0
combo,uncertainty,0.04000000000000001,360,0.009948269722900867,0.0008127202250974257,0.023887761365600408,0.9972222222222222,0.8001842120147198,4.487838566208211,0.0
combo,uncertainty,0.05000000000000001,360,0.02394279857316924,0.0033266218918777,0.05436838719431619,0.9944444444444445,0.7719427400971361,4.3523403329582635,0.0
combo,uncertainty,0.06000000000000001,360,0.023942754754631798,0.003326559592816555,0.05436833580306002,0.9944444444444445,0.747259687106677,4.223937378274908,0.0
combo,uncertainty,0.07,360,0.02422219205234431,0.0034319944470049928,0.054404514040988006,0.9944444444444445,0.7191389146810606,4.112156607205442,0.0
combo,uncertainty,0.08,360,0.030599405511673627,0.007638563483074137,0.060207632544703335,0.9916666666666667,0.7028314331756642,4.0420552636109885,0.0
combo,uncertainty,0.09000000000000001,360,0.030641644026903878,0.007693980760029937,0.06026659377671923,0.9916666666666667,0.6701981830221719,3.7988718477277166,0.0
combo,uncertainty,0.1,360,0.03261082902312828,0.00857453788389248,0.06131066289433069,0.9916666666666667,0.6562149012516809,3.677754913819384,0.0
combo,uncertainty,0.15,360,0.06423138733746038,0.026474459705255235,0.1249958223722279,0.9861111111111112,0.5898219307100668,3.170554037774966,0.0
combo,uncertainty,0.19999999999999998,360,0.07985035371712063,0.03798233298179428,0.14913168773891802,0.9833333333333333,0.5521796936857408,2.935031867855499,0.0
combo,uncertainty,0.25,360,0.08500529907573094,0.04367332941272463,0.15489907802309552,0.9805555555555555,0.5201908077511105,2.58382665003332,0.0
combo,uncertainty,0.3,360,0.12354165315032992,0.06137021594249311,0.21977692395658302,0.9722222222222222,0.49707454596708656,2.3539415098916936,0.0
combo,uncertainty,0.35,360,0.13802333778647707,0.06973958331403513,0.23363997710065879,0.9666666666666667,0.4750401333643888,2.0414830063694858,0.0
combo,uncertainty,0.39999999999999997,360,0.13805974116131114,0.06979986014775422,0.2336763346894258,0.9666666666666667,0.46550550691746667,1.9712040570416725,0.0
combo,uncertainty,0.44999999999999996,360,0.156762073654484,0.07794699147290314,0.2582456715415957,0.9611111111111111,0.45829815028015886,1.932554232811132,0.0
combo,uncertainty,0.5,360,0.15678221772558792,0.0779469922999652,0.25825624713757217,0.9611111111111111,0.45508132320168426,1.9023622439889145,0.0
combo,uncertainty,0.5499999999999999,360,0.16424868984614496,0.08361695391873153,0.2709175766316656,0.9611111111111111,0.44088043089302825,1.7961732153055587,0.0
combo,uncertainty,0.6,360,0.16798500556879323,0.0888149935413123,0.27436691159167087,0.9611111111111111,0.4391684600337854,1.7817281236194302,0.0
combo,uncertainty,0.6499999999999999,360,0.17211618432588177,0.09016598592553254,0.27687824789056986,0.9583333333333334,0.4276897863178211,1.6844911745361262,0.0
combo,uncertainty,0.7,360,0.21224888615552284,0.13159218485608457,0.3376939156658455,0.95,0.42271823340440023,1.642138256669437,0.0
combo,uncertainty,0.75,360,0.2193986705965743,0.1375237291539869,0.3431418019154761,0.9472222222222222,0.4189080337238679,1.6140886018527858,0.0
combo,uncertainty,0.7999999999999999,360,0.22438468478542692,0.13774739822082888,0.34996509788197366,0.9444444444444444,0.4103876480116856,1.5421415695694425,0.0
combo,uncertainty,0.85,360,0.23030088536149051,0.14322470155277123,0.3539185809667089,0.9416666666666667,0.40902017138807356,1.5176367755361146,0.0
combo,uncertainty,0.8999999999999999,360,0.24932312153418942,0.15922350446536143,0.37421102068542744,0.9333333333333333,0.404402648583011,1.4917836552861041,0.0
combo,uncertainty,0.95,360,0.25772632532684864,0.16372498410459807,0.3853509288880775,0.9305555555555556,0.3981008801050183,1.4710818972472024,0.0
combo,uncertainty_per_cost,0.0,360,0.0002923251327734733,0.000143100254079891,0.0004869976506215017,1.0,1.0619313807441488,5.307808768138794,0.0
combo,uncertainty_per_cost,1e-08,360,0.0002923251327734733,0.000143100254079891,0.0004869976506215017,1.0,1.0601015821580477,5.303952170416576,0.0
combo,uncertainty_per_cost,1.333521432163324e-08,360,0.0003200126212608787,0.00016836900694534239,0.0005142403446908771,1.0,1.0498562267614284,5.151968329372105,0.0
combo,uncertainty_per_cost,1.7782794100389228e-08,360,0.0003200126212608787,0.00016836900694534239,0.0005142403446908771,1.0,1.044170903689674,5.116508995488786,0.0
combo,uncertainty_per_cost,2.371373705661655e-08,360,0.00036210524246689703,0.0001750950473673455,0.0005995040362262462,1.0,1.0385008192358296,5.005545417208254,0.0
combo,uncertainty_per_cost,3.162277660168379e-08,360,0.0005900840228440147,0.0002601818022357475,0.001091743830607561,1.0,1.0240744798328394,4.837874056377688,0.0
combo,uncertainty_per_cost,4.2169650342858225e-08,360,0.0007770358840979103,0.00033580313762422844,0.0013434332721141632,1.0,1.0006218136064091,4.4989650129193555,0.0
combo,uncertainty_per_cost,5.6234132519034905e-08,360,0.0020080088412104775,0.0006800452395578469,0.004024632863116306,1.0,0.9750111018482206,4.141677514752741,0.0
combo,uncertainty_per_cost,7.498942093324559e-08,360,0.004773482368923256,0.001157795544158815,0.011027874245257188,1.0,0.930537686113377,3.6144758504722225,0.0
combo,uncertainty_per_cost,1e-07,360,0.004810995050813872,0.0012039446460476641,0.01106974135754308,1.0,0.8974447700712693,3.2555880402861175,0.0
combo,uncertainty_per_cost,1.333521432163324e-07,360,0.005024558095179553,0.0014011958741471278,0.011142929947141384,1.0,0.853058995698936,3.092892103458305,0.0
combo,uncertainty_per_cost,1.7782794100389227e-07,360,0.013651420694955198,0.005746441598161998,0.02405182662416531,1.0,0.7972436924595326,2.739979171122175,0.0
combo,uncertainty_per_cost,2.3713737056616554e-07,360,0.037144731902840684,0.01366211698457485,0.06567911889206389,0.9916666666666667,0.7476663359006058,2.4157170875360965,0.0
combo,uncertainty_per_cost,3.162277660168379e-07,360,0.11374523284639428,0.0549329159089182,0.2056887972667478,0.975,0.6932642340983812,2.0677228556138996,0.0
combo,uncertainty_per_cost,4.2169650342858225e-07,360,0.12091964460744305,0.06167637916757711,0.2129625946645293,0.975,0.6311087396825437,1.8878100585640216,0.0
combo,uncertainty_per_cost,5.62341325190349e-07,360,0.15291664430760477,0.08753746880158632,0.2550984656744509,0.9666666666666667,0.5913453052115509,1.680479391655697,0.004807692307692308
combo,uncertainty_per_cost,7.498942093324558e-07,360,0.1781815846080637,0.11450847914666071,0.27601423102074923,0.9583333333333334,0.5523041837443301,1.5426474151195988,0.014423076923076924
combo,uncertainty_per_cost,1e-06,360,0.23506664507475053,0.15483274831412303,0.34385876016094485,0.9444444444444444,0.5080212277261343,1.388058483302959,0.02403846153846154
combo,uncertainty_per_cost,1.333521432163324e-06,360,0.27046895959889866,0.18796867952950705,0.38439155343067777,0.9277777777777778,0.4670589703488921,1.2826652341529148,0.028846153846153848
combo,uncertainty_per_cost,1.7782794100389227e-06,360,0.350427697219554,0.25836931489974185,0.47737903862320885,0.9055555555555556,0.4192095273843695,1.117463922627879,0.057692307692307696
combo,uncertainty_per_cost,2.3713737056616552e-06,360,0.4200387119964607,0.3131950424123974,0.5663314472799024,0.8861111111111111,0.37266249129503703,0.9883043164806218,0.11057692307692307
combo,uncertainty_per_cost,3.162277660168379e-06,360,0.56902787610203,0.43594745892427467,0.7568590463292414,0.8444444444444444,0.3272225732971258,0.8674102879083876,0.15865384615384615
combo,uncertainty_per_cost,4.216965034285822e-06,360,0.7344677673577223,0.5818852267598703,0.9396211708467491,0.8083333333333333,0.28159207523558366,0.734602582888955,0.21634615384615385
combo,uncertainty_per_cost,5.623413251903491e-06,360,1.111342310785756,0.8610959354287366,1.40733634516725,0.75,0.24070781977874958,0.6203626683166679,0.3317307692307692
combo,uncertainty_per_cost,7.498942093324558e-06,360,1.562399783303643,1.2468828480367715,1.862538861488016,0.6861111111111111,0.19556159797552794,0.534104143394456,0.4567307692307692
combo,uncertainty_per_cost,9.999999999999999e-06,360,1.8053701014826957,1.475177807732894,2.108425202445617,0.6333333333333333,0.16701193857429283,0.4793497342111348,0.5480769230769231
combo,uncertainty_per_cost,1.333521432163324e-05,360,2.0812727127404704,1.7269899359852936,2.394717150341112,0.5694444444444444,0.13516646223626055,0.4182205731750805,0.6682692307692307
combo,uncertainty_per_cost,1.778279410038923e-05,360,2.438166554392063,2.100790441093164,2.8815738958963495,0.5194444444444445,0.11671940835125749,0.36443569603062415,0.7644230769230769
combo,uncertainty_per_cost,2.3713737056616554e-05,360,2.5580055053876607,2.2462419701940592,2.9763867214313278,0.49166666666666664,0.10079830236367834,0.322326366205612,0.8317307692307693
combo,uncertainty_per_cost,3.1622776601683795e-05,360,2.647415652177681,2.3231402732042428,3.0748983486183623,0.4777777777777778,0.08987915732415853,0.3050705872917307,0.8557692307692307
combo,uncertainty_per_cost,4.216965034285822e-05,360,2.7068677111198745,2.3960528501724716,3.1180135438120944,0.4638888888888889,0.0819376282522255,0.29227683995007586,0.9038461538461539
combo,uncertainty_per_cost,5.623413251903491e-05,360,2.7679743725509907,2.459990285800225,3.1902390790278243,0.45,0.07776827903486855,0.2858992573278253,0.9375
combo,uncertainty_per_cost,7.498942093324559e-05,360,2.7839443173088143,2.4687291899936747,3.2122458171578323,0.44166666666666665,0.07577499227735787,0.28111788795282944,0.9519230769230769
combo,uncertainty_per_cost,0.0001,360,2.789222095086592,2.4747265327937265,3.218204150491166,0.4388888888888889,0.07355338840335696,0.2661937540944968,0.9567307692307693
combo,uncertainty_per_cost,0.0001333521432163324,360,2.790027248065658,2.475491428123839,3.218586598156222,0.4388888888888889,0.07072455876431014,0.25948593143339166,0.9567307692307693
combo,uncertainty_per_cost,0.00017782794100389227,360,3.419398491016801,2.72326063091241,4.1277246466473585,0.42777777777777776,0.065040593724712,0.25001554013894445,0.9759615384615384
combo,uncertainty_per_cost,0.0002371373705661655,360,3.4212040465723565,2.7242085475790767,4.1286725633140255,0.42777777777777776,0.06426904194407682,0.2473093475222716,0.9759615384615384
combo,uncertainty_per_cost,0.00031622776601683794,360,3.422454046572357,2.7254585475790765,4.130641313314025,0.425,0.06368923986338665,0.2446928124083873,0.9807692307692307
combo,uncertainty_per_cost,0.00042169650342858224,360,3.422454046572357,2.7254585475790765,4.130641313314025,0.425,0.06345574105845926,0.2444960408000548,0.9807692307692307
combo,uncertainty_per_cost,0.0005623413251903491,360,3.422454051575654,2.725458552332209,4.1306413183173225,0.425,0.06322224225353189,0.2442992691917223,0.9855769230769231
combo,uncertainty_per_cost,0.0007498942093324559,360,3.4224540512914547,2.7254585516288152,4.130641318018913,0.425,0.0629887434486045,0.24410249758338978,0.9903846153846154
combo,uncertainty_per_cost,0.001,360,3.4224540512914547,2.7254585516288152,4.130641318018913,0.425,0.0629887434486045,0.24410249758338978,0.9903846153846154
combo,uncertainty_per_cost,0.001333521432163324,360,3.4224540512914547,2.7254585516288152,4.130641318018913,0.425,0.0629887434486045,0.24410249758338978,0.9903846153846154
combo,uncertainty_per_cost,0.0017782794100389228,360,3.4224540512914547,2.7254585516288152,4.130641318018913,0.425,0.0629887434486045,0.24410249758338978,0.9903846153846154
combo,uncertainty_per_cost,0.0023713737056616554,360,3.4224540512914547,2.7254585516288152,4.130641318018913,0.425,0.0629887434486045,0.24410249758338978,0.9903846153846154
combo,uncertainty_per_cost,0.0031622776601683794,360,3.4224540512914547,2.7254585516288152,4.130641318018913,0.425,0.0629887434486045,0.24410249758338978,0.9903846153846154
combo,uncertainty_per_cost,0.004216965034285822,360,3.4224540512914547,2.7254585516288152,4.130641318018913,0.425,0.0629887434486045,0.24410249758338978,0.9903846153846154
combo,uncertainty_per_cost,0.005623413251903491,360,6.176620717958121,2.9235927312445678,12.046886810155689,0.4222222222222222,0.06235093101829556,0.24175661125562126,0.9951923076923077
combo,uncertainty_per_cost,0.007498942093324558,360,6.176620717985477,2.923592731257562,12.046886810197407,0.4222222222222222,0.062189103081291976,0.2414074580750619,1.0
combo,uncertainty_per_cost,0.01,360,6.176620717985477,2.923592731257562,12.046886810197407,0.4222222222222222,0.062189103081291976,0.2414074580750619,1.0
combo,fullstate_voc,0.0,360,1.4280027733425067,0.7940619857591651,2.1506396369759355,0.8527777777777777,0.6588452224830829,4.353078217289061,0.0
combo,fullstate_voc,1e-08,360,1.4280027774511856,0.7940619894139905,2.1506396428592023,0.8527777777777777,0.6496898936848968,4.332633492469611,0.0
combo,fullstate_voc,1.333521432163324e-08,360,1.4280027774511856,0.7940619894139905,2.1506396428592023,0.8527777777777777,0.6496898936848968,4.332633492469611,0.0
combo,fullstate_voc,1.7782794100389228e-08,360,1.4280027774458315,0.7940619894111853,2.1506396428538417,0.8527777777777777,0.6491136699366482,4.326533101150158,0.0
combo,fullstate_voc,2.371373705661655e-08,360,1.4280027774458315,0.7940619894111853,2.1506396428538417,0.8527777777777777,0.6491136699366482,4.326533101150158,0.0
combo,fullstate_voc,3.162277660168379e-08,360,1.4280027774458315,0.7940619894111853,2.1506396428538417,0.8527777777777777,0.6491136699366482,4.326533101150158,0.0
combo,fullstate_voc,4.2169650342858225e-08,360,1.4280027773957573,0.794061989369915,2.1506396427907304,0.8527777777777777,0.6478470830549821,4.3245320953168225,0.0
combo,fullstate_voc,5.6234132519034905e-08,360,1.4318306829864949,0.7984201584066022,2.158104058692669,0.85,0.645918111643252,4.31895636941682,0.0
combo,fullstate_voc,7.498942093324559e-08,360,1.4318307390779845,0.7984202174229234,2.158104117582404,0.85,0.643534094063156,4.294109271833511,0.0
combo,fullstate_voc,1e-07,360,1.5204461071120485,0.8783296964559121,2.247840431433478,0.8361111111111111,0.6289746909635525,4.244668088708618,0.0
combo,fullstate_voc,1.333521432163324e-07,360,1.5314072125599536,0.8864336911015235,2.24908518222272,0.8305555555555556,0.6219511790056765,4.228557504116948,0.0
combo,fullstate_voc,1.7782794100389227e-07,360,1.5323505856679314,0.8879255393844634,2.250922612015521,0.8305555555555556,0.6009083688693502,4.028687290978107,0.0
combo,fullstate_voc,2.3713737056616554e-07,360,1.535905120557292,0.8897885867316556,2.2580218195100894,0.8277777777777777,0.5891667817117516,3.768235696089141,0.0
combo,fullstate_voc,3.162277660168379e-07,360,1.546002790437104,0.8966297787218336,2.272716847451565,0.825,0.539217407942667,3.143466273964087,0.0
combo,fullstate_voc,4.2169650342858225e-07,360,1.5510126924102963,0.9001242541045189,2.2764657071862118,0.825,0.5041556349899684,2.8102882012280435,0.0
combo,fullstate_voc,5.62341325190349e-07,360,1.5510128947799393,0.9001242538535265,2.276465850743684,0.825,0.5016333321128914,2.7776784115335835,0.0
combo,fullstate_voc,7.498942093324558e-07,360,1.5989312693974205,0.9476759162641167,2.3430937584096605,0.8138888888888889,0.4903665385834864,2.7308593129947742,0.0
combo,fullstate_voc,1e-06,360,1.5996122887354494,0.9476776043428193,2.343774514706127,0.8138888888888889,0.4756259075354556,2.5829791752058657,0.0
combo,fullstate_voc,1.333521432163324e-06,360,1.6222390621487155,0.9737327689566367,2.3667712098216507,0.8083333333333333,0.4497200912647464,2.4197704190863685,0.0
combo,fullstate_voc,1.7782794100389227e-06,360,1.6922071390110274,1.0250153885417763,2.4347818947315463,0.7944444444444444,0.40592425433345103,1.9272766256808205,0.0
combo,fullstate_voc,2.3713737056616552e-06,360,1.7827097351952816,1.135738634510863,2.5016880617186543,0.7777777777777778,0.36637627813556467,1.4623767270502868,0.0
combo,fullstate_voc,3.162277660168379e-06,360,1.782709670950601,1.1357386270000633,2.5016880075046477,0.7777777777777778,0.36308288958060236,1.4556427373169856,0.0
combo,fullstate_voc,4.216965034285822e-06,360,1.7916350084948558,1.1450336024383323,2.5042853927338746,0.775,0.35912975106126444,1.4459287265225005,0.0
combo,fullstate_voc,5.623413251903491e-06,360,1.7920169597779925,1.1456703415511371,2.504653479752125,0.775,0.35597277141985245,1.437380756939092,0.0
combo,fullstate_voc,7.498942093324558e-06,360,1.7922992180990867,1.1461474396063736,2.5051335722513532,0.775,0.34792061240084965,1.407971651703014,0.0
combo,fullstate_voc,9.999999999999999e-06,360,1.9369819828952615,1.2977420223654208,2.6890213030265353,0.7666666666666667,0.33361598543618204,1.3634910121946027,0.0
combo,fullstate_voc,1.333521432163324e-05,360,1.963241259465537,1.3151507019513013,2.7064409368329,0.7638888888888888,0.3281998817841044,1.349613415802964,0.0
combo,fullstate_voc,1.778279410038923e-05,360,2.0918090723653786,1.4561736167449721,2.802147116596657,0.7444444444444445,0.30752205259969506,1.2969850177223736,0.0
combo,fullstate_voc,2.3713737056616554e-05,360,5.002031001407823,1.8222340045209275,10.845338847549783,0.7111111111111111,0.2728595039172959,1.2021606835724015,0.019230769230769232
combo,fullstate_voc,3.1622776601683795e-05,360,5.167387716557683,1.956023754696816,10.960492979613653,0.6888888888888889,0.24769312665084514,1.1174413564917307,0.04807692307692308
combo,fullstate_voc,4.216965034285822e-05,360,5.252998837651396,2.0562117164224456,11.070726329451876,0.6694444444444444,0.21674595682772807,0.9572695242055791,0.08653846153846154
combo,fullstate_voc,5.623413251903491e-05,360,5.418764565695501,2.1875123716052554,11.266074451844636,0.6388888888888888,0.1824823595237802,0.6780771459334776,0.15384615384615385
combo,fullstate_voc,7.498942093324559e-05,360,5.448039096783682,2.2206167044294305,11.29300727262634,0.625,0.17323960836441138,0.6087019736918188,0.18269230769230768
combo,fullstate_voc,0.0001,360,5.65203340186228,2.436920725124061,11.537256570321434,0.5916666666666667,0.15715769923357614,0.4050441887028278,0.25
combo,fullstate_voc,0.0001333521432163324,360,5.722788653390708,2.5094971168538693,11.60976675474616,0.5805555555555556,0.1505799215788237,0.37232555808619106,0.2692307692307692
combo,fullstate_voc,0.00017782794100389227,360,5.8633531273168265,2.6305308645598036,11.769860707281321,0.5666666666666667,0.13506375829328535,0.32115136634728414,0.2932692307692308
combo,fullstate_voc,0.0002371373705661655,360,5.883289437306511,2.6451814063400043,11.785804919468461,0.5583333333333333,0.12802647465003042,0.31276888235560263,0.3269230769230769
combo,fullstate_voc,0.00031622776601683794,360,5.913740526740341,2.6729005721362573,11.810403680945655,0.5416666666666666,0.12456548981571941,0.3094634699055758,0.33653846153846156
combo,fullstate_voc,0.00042169650342858224,360,5.993726644035426,2.737848371723786,11.882248020976377,0.5027777777777778,0.11186615219679544,0.29631170909996296,0.3942307692307692
combo,fullstate_voc,0.0005623413251903491,360,6.125265085426971,2.8829986514961683,12.01597317782181,0.45,0.092669645650711,0.2762446976139068,0.5432692307692307
combo,fullstate_voc,0.0007498942093324559,360,6.176620887634307,2.9235926996301997,12.046887124283138,0.4222222222222222,0.08263327480060952,0.2643030408417164,0.6538461538461539
combo,fullstate_voc,0.001,360,6.176620966426248,2.9235928283185855,12.046887212849256,0.4222222222222222,0.0785001643420864,0.257444223166749,0.7259615384615384
combo,fullstate_voc,0.001333521432163324,360,6.176620809639507,2.9235927331070677,12.046886911697406,0.4222222222222222,0.07113242723726228,0.24987140990842818,0.8653846153846154
combo,fullstate_voc,0.0017782794100389228,360,6.1766207294001685,2.9235927449344308,12.046886821689915,0.4222222222222222,0.06424220013283234,0.2434074572250817,0.9663461538461539
combo,fullstate_voc,0.0023713737056616554,360,6.176620719060638,2.9235927340261014,12.046886810761865,0.4222222222222222,0.06237845013794408,0.24171516130005935,0.9951923076923077
combo,fullstate_voc,0.0031622776601683794,360,6.176620719060638,2.9235927340261014,12.046886810761865,0.4222222222222222,0.06237845013794408,0.24171516130005935,0.9951923076923077
combo,fullstate_voc,0.004216965034285822,360,6.176620717985477,2.923592731257562,12.046886810197407,0.4222222222222222,0.062189103081291976,0.2414074580750619,1.0
combo,fullstate_voc,0.005623413251903491,360,6.176620717985477,2.923592731257562,12.046886810197407,0.4222222222222222,0.062189103081291976,0.2414074580750619,1.0
combo,fullstate_voc,0.007498942093324558,360,6.176620717985477,2.923592731257562,12.046886810197407,0.4222222222222222,0.062189103081291976,0.2414074580750619,1.0
combo,fullstate_voc,0.01,360,6.176620717985477,2.923592731257562,12.046886810197407,0.4222222222222222,0.062189103081291976,0.2414074580750619,1.0
combo,voc,0.0,360,0.014030005515742168,0.0007160266473224107,0.03774945276947834,0.9972222222222222,0.7677322398278038,4.125909140250072,0.0
combo,hybrid,0.0,360,1.6262969952022903,1.0027728237277977,2.348543080007477,0.8,0.3342571056822553,1.4345934393585593,0.11538461538461539
combo,voc,1e-08,360,0.014083283856423094,0.0008037279989964984,0.03779376903680017,0.9972222222222222,0.7492178115761609,3.857341944208393,0.0
combo,hybrid,1e-08,360,1.6262970031014357,1.0027728239772937,2.3485430877662936,0.8,0.3322662427849006,1.4296161806752126,0.11538461538461539
combo,voc,1.333521432163324e-08,360,0.014089287417397484,0.0008094291155491697,0.03780321939689211,0.9972222222222222,0.744311294872096,3.7977795374473016,0.0
combo,hybrid,1.333521432163324e-08,360,1.6262970078727474,1.0027728239772937,2.348543094803978,0.8,0.33221012211301637,1.429636605639108,0.11538461538461539
combo,voc,1.7782794100389228e-08,360,0.014146631457076338,0.0008775962340420584,0.037840422548908195,0.9972222222222222,0.7366194159419835,3.7353607874084447,0.0
combo,hybrid,1.7782794100389228e-08,360,1.6262970078727474,1.0027728239772937,2.348543094803978,0.8,0.33205480294720247,1.429533115077993,0.11538461538461539
combo,voc,2.371373705661655e-08,360,0.014146629154986465,0.0008775937924740383,0.03784042022244467,0.9972222222222222,0.7330480451477477,3.6931573697778832,0.0
combo,hybrid,2.371373705661655e-08,360,1.6262987547363528,1.0027754006034328,2.348544011929423,0.8,0.3312640471250768,1.425207840202994,0.11538461538461539
combo,voc,3.162277660168379e-08,360,0.01421806782779033,0.0009664726106082955,0.03787807449536581,0.9972222222222222,0.7152131433272453,3.524209171525106,0.0
combo,hybrid,3.162277660168379e-08,360,1.6262987547363486,1.0027754006034264,2.3485440119294165,0.8,0.3309523012691603,1.4248524420502184,0.11538461538461539
combo,voc,4.2169650342858225e-08,360,0.01422744382011971,0.0009807789862800475,0.037886981307727795,0.9972222222222222,0.7049826822283605,3.3848128587973507,0.0
combo,hybrid,4.2169650342858225e-08,360,1.6262987547363486,1.0027754006034264,2.3485440119294165,0.8,0.3309523012691603,1.4248524420502184,0.11538461538461539
combo,voc,5.6234132519034905e-08,360,0.01516713207550117,0.0016409843464922841,0.039439897849440166,0.9972222222222222,0.689134003470849,3.1492725976112625,0.0
combo,hybrid,5.6234132519034905e-08,360,1.6262987547363486,1.0027754006034264,2.3485440119294165,0.8,0.3307182515558284,1.4227227500307789,0.11538461538461539
combo,voc,7.498942093324559e-08,360,0.015192981854769607,0.0016758415220281622,0.03945816593623594,0.9972222222222222,0.6685659929663577,2.882255987539075,0.0
combo,hybrid,7.498942093324559e-08,360,1.6263041889104102,1.0027756174279225,2.3485495859862198,0.8,0.3289713328261588,1.4054202616335514,0.11538461538461539
combo,voc,1e-07,360,0.01645806674549732,0.003325556615765549,0.04067598465948553,0.9972222222222222,0.6402358552805719,2.7244382319751823,0.0
combo,hybrid,1e-07,360,1.6263041850206021,1.0027756140870843,2.348549580657024,0.8,0.32703106439397345,1.4013175645946832,0.12980769230769232
combo,voc,1.333521432163324e-07,360,0.01680171355548034,0.0035473165679844342,0.040916298660678634,0.9972222222222222,0.6249611660877957,2.626765390369585,0.0
combo,hybrid,1.333521432163324e-07,360,1.6263041835309138,1.002775612670162,2.3485495794697533,0.8,0.32518103973624984,1.3915839786446769,0.12980769230769232
combo,voc,1.7782794100389227e-07,360,0.020901351120824915,0.004920749573818934,0.045279367849276345,0.9944444444444445,0.5979502714672774,2.318132610614066,0.0
combo,hybrid,1.7782794100389227e-07,360,1.6262979860235274,1.0027755414035622,2.3485434234294025,0.8,0.32198248139306745,1.3796337592168937,0.1346153846153846
combo,voc,2.3713737056616554e-07,360,0.027012428766710013,0.007605913028838394,0.057792774035624876,0.9916666666666667,0.5744737266083403,2.1835700890779766,0.0
combo,hybrid,2.3713737056616554e-07,360,1.626297389955411,1.0027749133614614,2.3485422694353613,0.8,0.31981791005254073,1.367985221077975,0.1346153846153846
combo,voc,3.162277660168379e-07,360,0.03055328791442294,0.011451923126257462,0.06059034762374696,0.9916666666666667,0.5483765496526635,2.0502935815168106,0.0
combo,hybrid,3.162277660168379e-07,360,1.6262971677046787,1.0027747306186345,2.3485420594131825,0.8,0.3145317765465356,1.3510628612695958,0.14423076923076922
combo,voc,4.2169650342858225e-07,360,0.03763784822210026,0.013459466153022147,0.06956894289842043,0.9888888888888889,0.5225042619358016,1.96454046025293,0.0
combo,hybrid,4.2169650342858225e-07,360,1.6262971674462638,1.0027747281208934,2.348542058441557,0.8,0.3127019476662114,1.3465074138112465,0.15384615384615385
combo,voc,5.62341325190349e-07,360,0.06711581281375135,0.02286744523035776,0.14312843196070826,0.9861111111111112,0.5010009728116522,1.8334378123362916,0.0
combo,hybrid,5.62341325190349e-07,360,1.6262975127865056,1.0027753775124315,2.3485424373968637,0.8,0.3092642558974242,1.3351844816723213,0.16346153846153846
combo,voc,7.498942093324558e-07,360,0.10619932910365001,0.04993082988021033,0.19723204898742708,0.9777777777777777,0.4756206119993738,1.6561741595446315,0.0
combo,hybrid,7.498942093324558e-07,360,1.6263010641946989,1.0027807910086852,2.3485459893003577,0.8,0.3062422533705844,1.3231253655001032,0.16346153846153846
combo,voc,1e-06,360,0.10619935366691578,0.04993081891307184,0.1972320317792874,0.9777777777777777,0.45477341545701855,1.617390877711336,0.0
combo,hybrid,1e-06,360,1.6263011047585878,1.0027808654203438,2.348545965788278,0.8,0.2993137433198839,1.3125055443390314,0.17307692307692307
combo,voc,1.333521432163324e-06,360,0.10619978028069697,0.04993164752959981,0.19723268179405748,0.9777777777777777,0.4369470093123531,1.587569420780801,0.0
combo,hybrid,1.333521432163324e-06,360,1.6263019439524562,1.0027812778717278,2.348548014443341,0.8,0.2907986286524776,1.3004965969334787,0.20192307692307693
combo,voc,1.7782794100389227e-06,360,0.12157220383216848,0.05952362039524564,0.2209260836065899,0.975,0.40839367173358676,1.4898449310224047,0.0
combo,hybrid,1.7782794100389227e-06,360,1.6275383275694228,1.0035283560376878,2.3496044592717844,0.8,0.27797070184152933,1.2680644946695894,0.22596153846153846
combo,voc,2.3713737056616552e-06,360,0.12633198267975668,0.06338263840513572,0.22428625287738813,0.975,0.39539714474745596,1.4276612986750985,0.0
combo,hybrid,2.3713737056616552e-06,360,1.6297257288276679,1.0070878865872128,2.3509260812386974,0.8,0.27148210154377855,1.2330782634362043,0.25
combo,voc,3.162277660168379e-06,360,0.13379969629299215,0.07023683135221384,0.23484758017747642,0.975,0.3838336977524536,1.365617371341735,0.0
combo,hybrid,3.162277660168379e-06,360,1.6371934241765973,1.014249240433849,2.3551962641705084,0.8,0.264987623828549,1.1791746259306315,0.2644230769230769
combo,voc,4.216965034285822e-06,360,0.13789307706764,0.07545915643448842,0.23684063404453903,0.975,0.376664357844898,1.3204167160250613,0.0
combo,hybrid,4.216965034285822e-06,360,1.6411571877874604,1.0184988457875332,2.361190952253048,0.8,0.2603815579636084,1.1422661492583959,0.2692307692307692
combo,voc,5.623413251903491e-06,360,0.14651995113375618,0.08315116342125377,0.2445598294630522,0.975,0.37026095685678784,1.2695819458055868,0.0
combo,hybrid,5.623413251903491e-06,360,1.647595394178329,1.023685576011058,2.3661694836505496,0.8,0.25586152506678306,1.0985346698444827,0.27403846153846156
combo,voc,7.498942093324558e-06,360,0.17803606184263446,0.10854175547320101,0.2795641077571894,0.9638888888888889,0.3566083945877287,1.1590310513972428,0.019230769230769232
combo,hybrid,7.498942093324558e-06,360,1.679111583907589,1.0446069858650153,2.3946559728074046,0.7888888888888889,0.24367933967505803,0.990339416644464,0.30288461538461536
combo,voc,9.999999999999999e-06,360,0.2076817493183497,0.1345015383378817,0.3072582794561424,0.9555555555555556,0.3429085450200269,1.053394594897256,0.03365384615384615
combo,hybrid,9.999999999999999e-06,360,1.7087572582487076,1.0732643343964035,2.4272219210384383,0.7805555555555556,0.23016488303504257,0.8850392685028055,0.32211538461538464
combo,voc,1.333521432163324e-05,360,0.24760760795728917,0.1725748268133437,0.3493252246881523,0.9361111111111111,0.3282969159089512,0.966639612750027,0.0673076923076923
combo,hybrid,1.333521432163324e-05,360,1.7324470961759721,1.0932788202775716,2.443364617304665,0.7694444444444445,0.22267234438968775,0.8120902283777973,0.35096153846153844
combo,voc,1.778279410038923e-05,360,0.3457553647956701,0.24699917260518114,0.4755603943423697,0.9083333333333333,0.3070965739668567,0.8668769605722749,0.11057692307692307
combo,hybrid,1.778279410038923e-05,360,1.8085543764976109,1.1578104122958106,2.530423571060065,0.75,0.20880508908581996,0.7300413333027892,0.3894230769230769
combo,voc,2.3713737056616554e-05,360,0.4567677509182196,0.34824818464365154,0.6003117135563081,0.8694444444444445,0.2822407677191377,0.7785068364806041,0.1778846153846154
combo,hybrid,2.3713737056616554e-05,360,1.896479067167011,1.215967817048279,2.6250317315718372,0.7222222222222222,0.19351904038764994,0.658151523261141,0.4375
combo,voc,3.1622776601683795e-05,360,0.7678441166552329,0.5742592045590554,0.9998539622592969,0.8138888888888889,0.2443710543809406,0.6808119503500671,0.2692307692307692
combo,hybrid,3.1622776601683795e-05,360,2.083034646644326,1.4003242071764967,2.799741050420763,0.6861111111111111,0.17164883662239966,0.5802002536417098,0.5
combo,voc,4.216965034285822e-05,360,1.1264503372995802,0.8668036485051963,1.395548454161463,0.75,0.20453903461019543,0.6072652814139676,0.3798076923076923
combo,hybrid,4.216965034285822e-05,360,2.2009829619336334,1.5077373863099781,2.9313828897958434,0.6555555555555556,0.1526981373890021,0.5349438341139426,0.5528846153846154
combo,voc,5.623413251903491e-05,360,1.5494586087703586,1.2522980298275617,1.9006390850506785,0.7083333333333334,0.16846743857577787,0.4990675300362151,0.46634615384615385
combo,hybrid,5.623413251903491e-05,360,2.466272359991114,1.7541163948622596,3.1814593365754105,0.6361111111111111,0.13082300762898091,0.4461466185612052,0.6057692307692307
combo,voc,7.498942093324559e-05,360,1.9212394297055115,1.6396056131761323,2.3487400195000676,0.6611111111111111,0.140800314965597,0.4184974559528705,0.5576923076923077
combo,hybrid,7.498942093324559e-05,360,2.7383332851119184,2.04277853490322,3.4713410527507635,0.6027777777777777,0.11259369788965654,0.3807346558862062,0.6730769230769231
combo,voc,0.0001,360,2.148446505335193,1.8432890465775618,2.5415313817642855,0.6277777777777778,0.12043213903927395,0.34964095548064306,0.625
combo,hybrid,0.0001,360,2.9207104230973835,2.212252911935203,3.6244970443456848,0.5833333333333334,0.10149513249763073,0.3238403361167406,0.7163461538461539
combo,voc,0.0001333521432163324,360,2.2520471621262432,1.9207897072187952,2.6433168160395693,0.6138888888888889,0.10841044064146403,0.31946886469174085,0.6490384615384616
combo,hybrid,0.0001333521432163324,360,3.0206474792958806,2.3042181698331476,3.7211984040319463,0.5722222222222222,0.09176754525675075,0.298800599327832,0.7355769230769231
combo,voc,0.00017782794100389227,360,2.462947157614961,2.1436511516122283,2.8974808703797628,0.5805555555555556,0.09617217634887026,0.2884421920194856,0.7115384615384616
combo,hybrid,0.00017782794100389227,360,3.167194062239696,2.488143440202753,3.8982627393782767,0.5444444444444444,0.083086090700672,0.2716470110028038,0.7884615384615384
combo,voc,0.0002371373705661655,360,2.5694490419642757,2.2581935360115026,3.000660994817763,0.5444444444444444,0.08746095803920503,0.2761221168445041,0.7740384615384616
combo,hybrid,0.0002371373705661655,360,3.220931486565209,2.5239225869705857,3.9412313851458394,0.5166666666666667,0.0777797377757029,0.2647484014500454,0.8365384615384616
combo,voc,0.00031622776601683794,360,2.6477718912163613,2.3446907498736325,3.0732199692418782,0.49722222222222223,0.07958305968068081,0.26357524054448933,0.8557692307692307
combo,hybrid,0.00031622776601683794,360,3.2716982918930246,2.5927399079263864,3.99717200656544,0.4888888888888889,0.0724189123870219,0.25476514229725983,0.8846153846153846
combo,voc,0.00042169650342858224,360,2.7602669092232035,2.4409212592794947,3.1873880717253087,0.45,0.07043278230835326,0.2520669991889412,0.9423076923076923
combo,hybrid,0.00042169650342858224,360,3.3833881572049997,2.6973451946377307,4.091248005902727,0.44166666666666665,0.06505499556582396,0.2457585258139362,0.9663461538461539
combo,voc,0.0005623413251903491,360,3.1806960652068077,2.63727520030452,3.8822971738837166,0.42777777777777776,0.06493704138072992,0.24602811685283288,0.9807692307692307
combo,hybrid,0.0005623413251903491,360,3.4224540513188106,2.7254585516548033,4.130641318047637,0.425,0.06282691551160093,0.24375334440283042,0.9951923076923077
combo,voc,0.0007498942093324559,360,3.4224540512914547,2.7254585516288152,4.130641318018913,0.425,0.0629887434486045,0.24410249758338978,0.9903846153846154
combo,hybrid,0.0007498942093324559,360,3.4224540513188106,2.7254585516548033,4.130641318047637,0.425,0.06282691551160093,0.24375334440283042,0.9951923076923077
combo,voc,0.001,360,3.4224540512914547,2.7254585516288152,4.130641318018913,0.425,0.0629887434486045,0.24410249758338978,0.9903846153846154
combo,hybrid,0.001,360,3.4224540513188106,2.7254585516548033,4.130641318047637,0.425,0.06282691551160093,0.24375334440283042,0.9951923076923077
combo,voc,0.001333521432163324,360,3.4224540512914547,2.7254585516288152,4.130641318018913,0.425,0.0629887434486045,0.24410249758338978,0.9903846153846154
combo,hybrid,0.001333521432163324,360,3.4224540513188106,2.7254585516548033,4.130641318047637,0.425,0.06282691551160093,0.24375334440283042,0.9951923076923077
combo,voc,0.0017782794100389228,360,3.4224540512914547,2.7254585516288152,4.130641318018913,0.425,0.0629887434486045,0.24410249758338978,0.9903846153846154
combo,hybrid,0.0017782794100389228,360,3.4224540513188106,2.7254585516548033,4.130641318047637,0.425,0.06282691551160093,0.24375334440283042,0.9951923076923077
combo,voc,0.0023713737056616554,360,3.4224540512914547,2.7254585516288152,4.130641318018913,0.425,0.0629887434486045,0.24410249758338978,0.9903846153846154
combo,hybrid,0.0023713737056616554,360,3.4224540513188106,2.7254585516548033,4.130641318047637,0.425,0.06282691551160093,0.24375334440283042,0.9951923076923077
combo,voc,0.0031622776601683794,360,3.4224540512914547,2.7254585516288152,4.130641318018913,0.425,0.0629887434486045,0.24410249758338978,0.9903846153846154
combo,hybrid,0.0031622776601683794,360,3.4224540513188106,2.7254585516548033,4.130641318047637,0.425,0.06282691551160093,0.24375334440283042,0.9951923076923077
combo,voc,0.004216965034285822,360,3.4224540512914547,2.7254585516288152,4.130641318018913,0.425,0.0629887434486045,0.24410249758338978,0.9903846153846154
combo,hybrid,0.004216965034285822,360,3.4224540513188106,2.7254585516548033,4.130641318047637,0.425,0.06282691551160093,0.24375334440283042,0.9951923076923077
combo,voc,0.005623413251903491,360,6.176620717958121,2.9235927312445678,12.046886810155689,0.4222222222222222,0.06235093101829556,0.24175661125562126,0.9951923076923077
combo,hybrid,0.005623413251903491,360,6.176620717985477,2.923592731257562,12.046886810197407,0.4222222222222222,0.062189103081291976,0.2414074580750619,1.0
combo,voc,0.007498942093324558,360,6.176620717985477,2.923592731257562,12.046886810197407,0.4222222222222222,0.062189103081291976,0.2414074580750619,1.0
combo,hybrid,0.007498942093324558,360,6.176620717985477,2.923592731257562,12.046886810197407,0.4222222222222222,0.062189103081291976,0.2414074580750619,1.0
combo,voc,0.01,360,6.176620717985477,2.923592731257562,12.046886810197407,0.4222222222222222,0.062189103081291976,0.2414074580750619,1.0
combo,hybrid,0.01,360,6.176620717985477,2.923592731257562,12.046886810197407,0.4222222222222222,0.062189103081291976,0.2414074580750619,1.0
combo,hardlabel,0.01,360,0.006860319187144369,0.0036791740690720544,0.010506990092761707,1.0,0.5176988071295697,2.4572048380305507,0.0
combo,hardlabel,0.020000000000000004,360,0.012859573100730416,0.0067675154804342705,0.02031810678479832,1.0,0.463944038253973,2.140565374708351,0.0
combo,hardlabel,0.030000000000000006,360,0.019186828829282104,0.010781757223369128,0.028628199497661908,1.0,0.4424655857078502,2.013949388416677,0.0
combo,hardlabel,0.04000000000000001,360,0.024497409729178014,0.015196646058602225,0.03526664751469593,1.0,0.4228560426963612,1.917244520358377,0.0
combo,hardlabel,0.05000000000000001,360,0.0372445691118876,0.022448286467992084,0.055832740402237374,0.9972222222222222,0.41316664833205324,1.8502782677694996,0.0
combo,hardlabel,0.06000000000000001,360,0.0397565621192901,0.024280036554702473,0.05857602326930448,0.9972222222222222,0.40843298865324545,1.8263634619805997,0.0
combo,hardlabel,0.07,360,0.0401962096330153,0.025178876131684326,0.05901939569844825,0.9972222222222222,0.401433503281118,1.7778780480889407,0.0
combo,hardlabel,0.08,360,0.04188260010859154,0.026620570194991356,0.06191636176009307,0.9972222222222222,0.39761757040390255,1.768827562636155,0.0
combo,hardlabel,0.09000000000000001,360,0.049666757631677605,0.03261921577060105,0.06807732667610049,0.9944444444444445,0.3952677074518168,1.7475098638000417,0.0
combo,hardlabel,0.1,360,0.05289665706682291,0.03624638521475919,0.07338076094759936,0.9944444444444445,0.39269344863175193,1.7180521209639261,0.0
combo,hardlabel,0.15,360,0.09185328820460445,0.048428881758226086,0.1522165592788864,0.9916666666666667,0.3784437144592559,1.6589932578972366,0.004807692307692308
combo,hardlabel,0.19999999999999998,360,0.11360309754010882,0.06287844178207272,0.18001687209397094,0.9861111111111112,0.36593143093121194,1.6323873239194453,0.014423076923076924
combo,hardlabel,0.25,360,0.12683495138522638,0.07254334801782804,0.1925779131226312,0.9861111111111112,0.3562148150804759,1.549155755908315,0.014423076923076924
combo,hardlabel,0.3,360,0.1743472917393785,0.11616376645076903,0.2426867309025161,0.9777777777777777,0.3398954935778005,1.4679575344194442,0.02403846153846154
combo,hardlabel,0.35,360,0.26815269610320674,0.17042876443746835,0.39505356147159326,0.9638888888888889,0.3239871330154017,1.4192292811389051,0.04807692307692308
combo,hardlabel,0.39999999999999997,360,0.39939602860217527,0.22731545889533622,0.6311591561134124,0.9444444444444444,0.3090200452753655,1.3617598104139081,0.08173076923076923
combo,hardlabel,0.44999999999999996,360,0.49570353767326814,0.2976428803668826,0.7332151427434684,0.925,0.29640281316231865,1.320687181758361,0.11538461538461539
combo,hardlabel,0.5,360,0.6084939639250112,0.3851411384432499,0.8665018874245127,0.8972222222222223,0.2802919216736845,1.274829064519478,0.16346153846153846
combo,hardlabel,0.5499999999999999,360,3.4855005075258267,0.5307992415092817,9.113722520490876,0.8777777777777778,0.2685182400992369,1.2546008771222559,0.1971153846153846
combo,hardlabel,0.6,360,3.637598929849492,0.6955721268361025,9.275644452893342,0.8555555555555555,0.2560309070905496,1.2170888998667175,0.23557692307692307
combo,hardlabel,0.6499999999999999,360,3.7790673786626265,0.8185160523741087,9.386427931295193,0.825,0.2379158577773936,1.174978070169497,0.2932692307692308
combo,hardlabel,0.7,360,3.87835232219714,0.91550014906075,9.526792934451395,0.8083333333333333,0.22795871553087776,1.147065911238921,0.32211538461538464
combo,hardlabel,0.75,360,4.4663258827257035,1.3618707277106696,10.133951510237436,0.7583333333333333,0.19650057500429016,1.0216375086500395,0.40865384615384615
combo,hardlabel,0.7999999999999999,360,4.899443657775118,1.6875624218583931,10.812328895256911,0.7083333333333334,0.16770795427678387,0.9336597198278267,0.4951923076923077
combo,hardlabel,0.85,360,5.130373743008039,1.864514708231897,11.050802229613769,0.6555555555555556,0.14490078534856723,0.8350140448223,0.5769230769230769
combo,hardlabel,0.8999999999999999,360,5.285625215540725,2.022087383988785,11.181077292473661,0.6,0.1229591308469652,0.7255004216334278,0.6730769230769231
combo,hardlabel,0.95,360,5.618813892036437,2.396243703748625,11.522574644114384,0.49722222222222223,0.09016294657561211,0.5573460639861979,0.8509615384615384
combo,voc_seq,0.0,360,0.0003489271248358333,0.00018439961105237468,0.0005552651768394959,1.0,1.5575879168930316,7.8664912180697275,0.0
combo,voc_seq,1e-08,360,0.00043047947555482186,0.000223313123453238,0.0006482729016245262,1.0,1.5130895313285195,7.315393553186378,0.0
combo,voc_seq,1.333521432163324e-08,360,0.0004780507350845911,0.00026415790616550694,0.0007091752730132019,1.0,1.4904710493663382,7.050040621889174,0.0
combo,voc_seq,1.7782794100389228e-08,360,0.0005141659697665912,0.00029579448831637447,0.0007739228771768064,1.0,1.4792594613286676,6.902245889175285,0.0
combo,voc_seq,2.371373705661655e-08,360,0.0005141662178647389,0.00029579461327909943,0.0007739235080282973,1.0,1.4671902277557844,6.746434570497503,0.0
combo,voc_seq,3.162277660168379e-08,360,0.000566050062783318,0.00034978889733012873,0.0008358048811466763,1.0,1.4437069990078117,6.504110571608594,0.0
combo,voc_seq,4.2169650342858225e-08,360,0.0005861847962453786,0.00035449593034957334,0.0008710534642934033,1.0,1.4328655175062674,6.369555086289145,0.0
combo,voc_seq,5.6234132519034905e-08,360,0.0005871236255479153,0.00035691635963475913,0.0008719609860231031,1.0,1.3853373134754334,5.816944174261335,0.0
combo,voc_seq,7.498942093324559e-08,360,0.0013489962580158132,0.00041310364383652555,0.0030136961119944013,1.0,1.348304769005988,5.577392222922461,0.0
combo,voc_seq,1e-07,360,0.0018801420534865325,0.0007452945512375731,0.003781452458923637,1.0,1.2766891729994752,4.8412269216752675,0.0
combo,voc_seq,1.333521432163324e-07,360,0.002157987199767344,0.0007847755336633989,0.004207861204631631,1.0,1.2297665792164636,4.604577978425278,0.0
combo,voc_seq,1.7782794100389227e-07,360,0.002449617096627937,0.0010835892761564816,0.004533677868794157,1.0,1.1758939721891242,4.334493931986385,0.0
combo,voc_seq,2.3713737056616554e-07,360,0.0037812093092230116,0.0018022524601147673,0.006288750817910482,1.0,1.0821743380878293,3.968328731328014,0.0
combo,voc_seq,3.162277660168379e-07,360,0.0037812553411618456,0.0018023604935953619,0.00628883015853185,1.0,1.0164374875015458,3.667313767900224,0.0
combo,voc_seq,4.2169650342858225e-07,360,0.010619802193488171,0.0029241545784474596,0.023984864972686808,0.9972222222222222,0.9372069764601251,3.333189746825206,0.0
combo,voc_seq,5.62341325190349e-07,360,0.014166314848030366,0.004568276531752456,0.0278092034549161,0.9972222222222222,0.8503382458952905,3.0369791238946164,0.0
combo,voc_seq,7.498942093324558e-07,360,0.021389929978876777,0.006398470628039397,0.04127282928636506,0.9944444444444445,0.7805747263375828,2.7930476320195945,0.0
combo,voc_seq,1e-06,360,0.025605484895024518,0.010513070534584763,0.045861719945856486,0.9944444444444445,0.7050635636065326,2.528882002455743,0.0
combo,voc_seq,1.333521432163324e-06,360,0.059934362151268454,0.02277168320090478,0.1149294155251084,0.9888888888888889,0.6337335053089489,2.1957202150501467,0.0
combo,voc_seq,1.7782794100389227e-06,360,0.08209143145895859,0.03948367615025975,0.14456826444612875,0.9805555555555555,0.564875329710907,1.938534950125126,0.0
combo,voc_seq,2.3713737056616552e-06,360,0.11226234534411991,0.05470883546147535,0.20430967057521296,0.9777777777777777,0.5134419881650862,1.7283190262139618,0.0
combo,voc_seq,3.162277660168379e-06,360,0.1312273041168767,0.06858864069371483,0.23331300324272358,0.975,0.461688687621787,1.5353416869500507,0.0
combo,voc_seq,4.216965034285822e-06,360,0.13776352083654536,0.07532960226282659,0.23677261953805126,0.975,0.42939583735929765,1.4332956397583783,0.0
combo,voc_seq,5.623413251903491e-06,360,0.14420172533408301,0.0820810342864981,0.24449181402534068,0.975,0.4136755313308646,1.3653642462694835,0.0
combo,voc_seq,7.498942093324558e-06,360,0.17584737991179442,0.10604643004251198,0.27426926948094527,0.9638888888888889,0.387453672820893,1.2137714132250645,0.019230769230769232
combo,voc_seq,9.999999999999999e-06,360,0.2076817282794271,0.13450153317552502,0.30725825773521037,0.9555555555555556,0.363842524808504,1.0897127711639667,0.03365384615384615
combo,voc_seq,1.333521432163324e-05,360,0.24760758691836654,0.17257481365463537,0.34932521883645945,0.9361111111111111,0.34402204890353105,0.9956285552806043,0.0673076923076923
combo,voc_seq,1.778279410038923e-05,360,0.3457553694219182,0.24699917877186808,0.4755603994740067,0.9083333333333333,0.3156868630997758,0.8823534380639608,0.11057692307692307
combo,voc_seq,2.3713737056616554e-05,360,0.4567677509182196,0.34824818464365154,0.6003117135563081,0.8694444444444445,0.2876230300651714,0.7868834945917317,0.1778846153846154
combo,voc_seq,3.1622776601683795e-05,360,0.7678441166552329,0.5742592045590554,0.9998539622592969,0.8138888888888889,0.2494359869711825,0.6888151185945187,0.2692307692307692
combo,voc_seq,4.216965034285822e-05,360,1.1264503372995802,0.8668036485051963,1.395548454161463,0.75,0.2075632549440917,0.6133798140000888,0.3798076923076923
combo,voc_seq,5.623413251903491e-05,360,1.5494586087703586,1.2522980298275617,1.9006390850506785,0.7083333333333334,0.16963937382553892,0.5026014121639997,0.46634615384615385
combo,voc_seq,7.498942093324559e-05,360,1.9212394297055115,1.6396056131761323,2.3487400195000676,0.6611111111111111,0.140800314965597,0.4184974559528705,0.5576923076923077
combo,voc_seq,0.0001,360,2.148446505335193,1.8432890465775618,2.5415313817642855,0.6277777777777778,0.12043213903927395,0.34964095548064306,0.625
combo,voc_seq,0.0001333521432163324,360,2.2520471621262432,1.9207897072187952,2.6433168160395693,0.6138888888888889,0.10841044064146403,0.31946886469174085,0.6490384615384616
combo,voc_seq,0.00017782794100389227,360,2.462947157614961,2.1436511516122283,2.8974808703797628,0.5805555555555556,0.09617217634887026,0.2884421920194856,0.7115384615384616
combo,voc_seq,0.0002371373705661655,360,2.5694490419642757,2.2581935360115026,3.000660994817763,0.5444444444444444,0.08746095803920503,0.2761221168445041,0.7740384615384616
combo,voc_seq,0.00031622776601683794,360,2.6477718912163613,2.3446907498736325,3.0732199692418782,0.49722222222222223,0.07958305968068081,0.26357524054448933,0.8557692307692307
combo,voc_seq,0.00042169650342858224,360,2.7602669092232035,2.4409212592794947,3.1873880717253087,0.45,0.07043278230835326,0.2520669991889412,0.9423076923076923
combo,voc_seq,0.0005623413251903491,360,3.1806960652068077,2.63727520030452,3.8822971738837166,0.42777777777777776,0.06493704138072992,0.24602811685283288,0.9807692307692307
combo,voc_seq,0.0007498942093324559,360,3.4224540512914547,2.7254585516288152,4.130641318018913,0.425,0.0629887434486045,0.24410249758338978,0.9903846153846154
combo,voc_seq,0.001,360,3.4224540512914547,2.7254585516288152,4.130641318018913,0.425,0.0629887434486045,0.24410249758338978,0.9903846153846154
combo,voc_seq,0.001333521432163324,360,3.4224540512914547,2.7254585516288152,4.130641318018913,0.425,0.0629887434486045,0.24410249758338978,0.9903846153846154
combo,voc_seq,0.0017782794100389228,360,3.4224540512914547,2.7254585516288152,4.130641318018913,0.425,0.0629887434486045,0.24410249758338978,0.9903846153846154
combo,voc_seq,0.0023713737056616554,360,3.4224540512914547,2.7254585516288152,4.130641318018913,0.425,0.0629887434486045,0.24410249758338978,0.9903846153846154
combo,voc_seq,0.0031622776601683794,360,3.4224540512914547,2.7254585516288152,4.130641318018913,0.425,0.0629887434486045,0.24410249758338978,0.9903846153846154
combo,voc_seq,0.004216965034285822,360,3.4224540512914547,2.7254585516288152,4.130641318018913,0.425,0.0629887434486045,0.24410249758338978,0.9903846153846154
combo,voc_seq,0.005623413251903491,360,6.176620717958121,2.9235927312445678,12.046886810155689,0.4222222222222222,0.06235093101829556,0.24175661125562126,0.9951923076923077
combo,voc_seq,0.007498942093324558,360,6.176620717985477,2.923592731257562,12.046886810197407,0.4222222222222222,0.062189103081291976,0.2414074580750619,1.0
combo,voc_seq,0.01,360,6.176620717985477,2.923592731257562,12.046886810197407,0.4222222222222222,0.062189103081291976,0.2414074580750619,1.0
combo,hybrid_seq,0.0,360,1.6262991330856005,1.002776870134258,2.3485451067150405,0.8,0.5502892432324935,2.3720776997558155,0.11538461538461539
combo,hybrid_seq,1e-08,360,1.6262986716174763,1.0027757049272512,2.3485441607053903,0.8,0.5463219610780775,2.3426714548641536,0.11538461538461539
combo,hybrid_seq,1.333521432163324e-08,360,1.626297771633624,1.002773949958739,2.348543688213868,0.8,0.5451247610025444,2.3251640542641425,0.11538461538461539
combo,hybrid_seq,1.7782794100389228e-08,360,1.6262977755177823,1.0027739521680525,2.3485436919864653,0.8,0.5393537846112182,2.3074232774058046,0.11538461538461539
combo,hybrid_seq,2.371373705661655e-08,360,1.6262977757808617,1.0027739525824027,2.348543692124582,0.8,0.5381187553997836,2.2905519157946905,0.11538461538461539
combo,hybrid_seq,3.162277660168379e-08,360,1.6262977757808617,1.0027739525824027,2.348543692124582,0.8,0.5369108333325058,2.2711834429835713,0.11538461538461539
combo,hybrid_seq,4.2169650342858225e-08,360,1.626297767270973,1.0027739525824027,2.348543683614693,0.8,0.534211383324459,2.230735141061349,0.11538461538461539
combo,hybrid_seq,5.6234132519034905e-08,360,1.6262977672709764,1.0027739525824027,2.3485436836146967,0.8,0.5315297459552617,2.219838758719672,0.11538461538461539
combo,hybrid_seq,7.498942093324559e-08,360,1.6262977477291907,1.0027739336447878,2.3485436745094845,0.8,0.5281511588158578,2.2135263652252233,0.11538461538461539
combo,hybrid_seq,1e-07,360,1.6262977457198113,1.0027739327301357,2.348543671566727,0.8,0.5156214485333641,2.1560984430113423,0.12980769230769232
combo,hybrid_seq,1.333521432163324e-07,360,1.6262977416711846,1.0027739267584113,2.3485436650770897,0.8,0.5078104563068356,2.0815428285502193,0.12980769230769232
combo,hybrid_seq,1.7782794100389227e-07,360,1.6262976658979167,1.0027738558907793,2.348543630333167,0.8,0.49714787402213684,2.039439264819672,0.1346153846153846
combo,hybrid_seq,2.3713737056616554e-07,360,1.626297678298395,1.0027738702793672,2.348543643802416,0.8,0.47903575442509205,1.9898786594085627,0.1346153846153846
combo,hybrid_seq,3.162277660168379e-07,360,1.6263028530152335,1.0027737864739763,2.3485487767746465,0.8,0.45027212514060877,1.8321384843085475,0.14423076923076922
combo,hybrid_seq,4.2169650342858225e-07,360,1.626302853348539,1.0027737873528433,2.348548777126133,0.8,0.4359274595799854,1.7682693167529882,0.15384615384615385
combo,hybrid_seq,5.62341325190349e-07,360,1.6263058796136838,1.002778672121858,2.348551213754045,0.8,0.42047572200203814,1.6949988222807406,0.16346153846153846
combo,hybrid_seq,7.498942093324558e-07,360,1.626305825071826,1.0027785851003885,2.3485511889818733,0.8,0.4006439056543319,1.634200248016815,0.16346153846153846
combo,hybrid_seq,1e-06,360,1.626300009301349,1.0027792291022422,2.34854543203671,0.8,0.3753856367967888,1.5628130524529096,0.17307692307692307
combo,hybrid_seq,1.333521432163324e-06,360,1.6263007690120925,1.002780375515171,2.3485457116344906,0.8,0.3469547761443109,1.487016028355659,0.20192307692307693
combo,hybrid_seq,1.7782794100389227e-06,360,1.6275379692125564,1.0035278250194135,2.3496042773851795,0.8,0.3194846034371596,1.4206266422306422,0.22596153846153846
combo,hybrid_seq,2.3713737056616552e-06,360,1.6297256601763814,1.0070877776834648,2.3509260583228566,0.8,0.30236170614142627,1.3388029163083754,0.25
combo,hybrid_seq,3.162277660168379e-06,360,1.6371934238501205,1.0142492401064376,2.3551962643138107,0.8,0.2890600635604123,1.2465872694389166,0.2644230769230769
combo,hybrid_seq,4.216965034285822e-06,360,1.6411571878846147,1.0184988458332374,2.3611909523963504,0.8,0.2790467244354736,1.1983806514722448,0.2692307692307692
combo,hybrid_seq,5.623413251903491e-06,360,1.6475953926747136,1.0236855761884822,2.366169481310729,0.8,0.2702370176484425,1.139470834780564,0.27403846153846156
combo,hybrid_seq,7.498942093324558e-06,360,1.6791115703154125,1.0446069485485907,2.394655958443038,0.7888888888888889,0.25229540589671007,1.0052747266166786,0.30288461538461536
combo,hybrid_seq,9.999999999999999e-06,360,1.7087572355318255,1.0732642997531583,2.4272218994574004,0.7805555555555556,0.23665661771347007,0.8971055963222473,0.32211538461538464
combo,hybrid_seq,1.333521432163324e-05,360,1.73244707345909,1.0932787867701703,2.4433646065141463,0.7694444444444445,0.2277071207259111,0.8221218305277944,0.35096153846153844
combo,hybrid_seq,1.778279410038923e-05,360,1.8085543764976109,1.1578104122958106,2.530423571060065,0.75,0.21237178454533917,0.7384395918583525,0.3894230769230769
combo,hybrid_seq,2.3713737056616554e-05,360,1.896479067167011,1.215967817048279,2.6250317315718372,0.7222222222222222,0.19614793397961525,0.6637201310583704,0.4375
combo,hybrid_seq,3.1622776601683795e-05,360,2.083034646644326,1.4003242071764967,2.799741050420763,0.6861111111111111,0.17427773021436496,0.5857688614389391,0.5
combo,hybrid_seq,4.216965034285822e-05,360,2.2009829619336334,1.5077373863099781,2.9313828897958434,0.6555555555555556,0.1553270309809674,0.540512441911172,0.5528846153846154
combo,hybrid_seq,5.623413251903491e-05,360,2.466272359991114,1.7541163948622596,3.1814593365754105,0.6361111111111111,0.13199494287874197,0.44968050068898974,0.6057692307692307
combo,hybrid_seq,7.498942093324559e-05,360,2.7383332851119184,2.04277853490322,3.4713410527507635,0.6027777777777777,0.11259369788965654,0.3807346558862062,0.6730769230769231
combo,hybrid_seq,0.0001,360,2.9207104230973835,2.212252911935203,3.6244970443456848,0.5833333333333334,0.10149513249763073,0.3238403361167406,0.7163461538461539
combo,hybrid_seq,0.0001333521432163324,360,3.0206474792958806,2.3042181698331476,3.7211984040319463,0.5722222222222222,0.09176754525675075,0.298800599327832,0.7355769230769231
combo,hybrid_seq,0.00017782794100389227,360,3.167194062239696,2.488143440202753,3.8982627393782767,0.5444444444444444,0.083086090700672,0.2716470110028038,0.7884615384615384
combo,hybrid_seq,0.0002371373705661655,360,3.220931486565209,2.5239225869705857,3.9412313851458394,0.5166666666666667,0.0777797377757029,0.2647484014500454,0.8365384615384616
combo,hybrid_seq,0.00031622776601683794,360,3.2716982918930246,2.5927399079263864,3.99717200656544,0.4888888888888889,0.0724189123870219,0.25476514229725983,0.8846153846153846
combo,hybrid_seq,0.00042169650342858224,360,3.3833881572049997,2.6973451946377307,4.091248005902727,0.44166666666666665,0.06505499556582396,0.2457585258139362,0.9663461538461539
combo,hybrid_seq,0.0005623413251903491,360,3.4224540513188106,2.7254585516548033,4.130641318047637,0.425,0.06282691551160093,0.24375334440283042,0.9951923076923077
combo,hybrid_seq,0.0007498942093324559,360,3.4224540513188106,2.7254585516548033,4.130641318047637,0.425,0.06282691551160093,0.24375334440283042,0.9951923076923077
combo,hybrid_seq,0.001,360,3.4224540513188106,2.7254585516548033,4.130641318047637,0.425,0.06282691551160093,0.24375334440283042,0.9951923076923077
combo,hybrid_seq,0.001333521432163324,360,3.4224540513188106,2.7254585516548033,4.130641318047637,0.425,0.06282691551160093,0.24375334440283042,0.9951923076923077
combo,hybrid_seq,0.0017782794100389228,360,3.4224540513188106,2.7254585516548033,4.130641318047637,0.425,0.06282691551160093,0.24375334440283042,0.9951923076923077
combo,hybrid_seq,0.0023713737056616554,360,3.4224540513188106,2.7254585516548033,4.130641318047637,0.425,0.06282691551160093,0.24375334440283042,0.9951923076923077
combo,hybrid_seq,0.0031622776601683794,360,3.4224540513188106,2.7254585516548033,4.130641318047637,0.425,0.06282691551160093,0.24375334440283042,0.9951923076923077
combo,hybrid_seq,0.004216965034285822,360,3.4224540513188106,2.7254585516548033,4.130641318047637,0.425,0.06282691551160093,0.24375334440283042,0.9951923076923077
combo,hybrid_seq,0.005623413251903491,360,6.176620717985477,2.923592731257562,12.046886810197407,0.4222222222222222,0.062189103081291976,0.2414074580750619,1.0
combo,hybrid_seq,0.007498942093324558,360,6.176620717985477,2.923592731257562,12.046886810197407,0.4222222222222222,0.062189103081291976,0.2414074580750619,1.0
combo,hybrid_seq,0.01,360,6.176620717985477,2.923592731257562,12.046886810197407,0.4222222222222222,0.062189103081291976,0.2414074580750619,1.0
combo,oracle,0.0,360,0.20020130181447923,0.1650918363742386,0.23474335227254267,1.0,0.24809059482129722,1.0489136534027037,0.0
combo,oracle_voc,0.0,360,0.04596850933561597,0.009972818780407618,0.1032779807577762,0.9888888888888889,0.5193774203614295,2.3326898271054435,0.0
combo,oracle_voc,1e-08,360,0.05007979849626653,0.015276614716701789,0.10764039168100598,0.9888888888888889,0.35357966528425344,1.7878972704720684,0.0
combo,oracle_voc,1.333521432163324e-08,360,0.05212855186874783,0.01686156276023268,0.10972055317509173,0.9888888888888889,0.3518704477337584,1.762959566294295,0.0
combo,oracle_voc,1.7782794100389228e-08,360,0.05211220201182612,0.016861561286641406,0.10966291227918826,0.9888888888888889,0.3515470271561257,1.7621471433109743,0.0
combo,oracle_voc,2.371373705661655e-08,360,0.05359594797656587,0.017380260957307495,0.10969826507302247,0.9888888888888889,0.34826172511496684,1.7089302121054162,0.0
combo,oracle_voc,3.162277660168379e-08,360,0.055703808142367764,0.01898709932653011,0.11182866985537356,0.9888888888888889,0.3451776356289118,1.6640919780526424,0.0
combo,oracle_voc,4.2169650342858225e-08,360,0.06280851435476363,0.0241640759707289,0.12077835061842178,0.9861111111111112,0.3422449732488222,1.6032918399332023,0.0
combo,oracle_voc,5.6234132519034905e-08,360,0.06280851435476363,0.0241640759707289,0.12077835061842178,0.9861111111111112,0.3422449732488222,1.6032918399332023,0.0
combo,oracle_voc,7.498942093324559e-08,360,0.06310010348519356,0.024494760705914727,0.12106268878870927,0.9861111111111112,0.338759149257842,1.5516819314193324,0.0
combo,oracle_voc,1e-07,360,0.06921234154454087,0.027898370221987812,0.12414696296043995,0.9833333333333333,0.3339176695637468,1.5148494935332262,0.0
combo,oracle_voc,1.333521432163324e-07,360,0.06955221141226468,0.028328923491888872,0.12447251690581412,0.9833333333333333,0.3259344790030258,1.4101853966526607,0.0
combo,oracle_voc,1.7782794100389227e-07,360,0.06955221141226468,0.028328923491888872,0.12447251690581412,0.9833333333333333,0.3259344790030258,1.4101853966526607,0.0
combo,oracle_voc,2.3713737056616554e-07,360,0.105239648262697,0.0490986015545977,0.19618818731866414,0.9777777777777777,0.3211295223747221,1.3316939649887798,0.0
combo,oracle_voc,3.162277660168379e-07,360,0.11000070156244898,0.052825503549087674,0.20075855092930872,0.9777777777777777,0.31799161538044673,1.307594935260992,0.0
combo,oracle_voc,4.2169650342858225e-07,360,0.1106382972053741,0.05295744799353212,0.2016488441973999,0.9777777777777777,0.3134098630320852,1.2545982993026579,0.0
combo,oracle_voc,5.62341325190349e-07,360,0.11098188139209794,0.05334269080267325,0.20198219361923198,0.9777777777777777,0.3103705790650652,1.231922339961006,0.0
combo,oracle_voc,7.498942093324558e-07,360,0.11125965916987571,0.05373852413600658,0.20266969361923198,0.9777777777777777,0.30973339562282626,1.2254069547832236,0.0
combo,oracle_voc,1e-06,360,0.12239311329795804,0.05828734933922013,0.22017039127051885,0.975,0.30809509094569965,1.1970758701887867,0.0
combo,oracle_voc,1.333521432163324e-06,360,0.12271740233018108,0.058611638371443155,0.2210054355284931,0.975,0.3077853924636322,1.1921295592526702,0.0
combo,oracle_voc,1.7782794100389227e-06,360,0.12459851924640995,0.06107146223553838,0.2227499123828481,0.975,0.3010991569688241,1.1338767886665866,0.0
combo,oracle_voc,2.3713737056616552e-06,360,0.12718623020093942,0.06408687746016334,0.22461294941572657,0.975,0.29817225543044035,1.1094602303249101,0.0
combo,oracle_voc,3.162277660168379e-06,360,0.1324240919106042,0.06941453572726566,0.22950651769551086,0.975,0.2941502056698693,1.060692627833224,0.0
combo,oracle_voc,4.216965034285822e-06,360,0.14387101502789465,0.07615520030712392,0.241945547967289,0.975,0.28986711372086,1.0070188794665733,0.0
combo,oracle_voc,5.623413251903491e-06,360,0.15905080955253365,0.0942525745099203,0.25985802325617796,0.975,0.2840771583332986,0.948350026827696,0.0
combo,oracle_voc,7.498942093324558e-06,360,0.18945184970612425,0.11580105765266817,0.2949666705957006,0.9722222222222222,0.2742099175010356,0.864772429522135,0.009615384615384616
combo,oracle_voc,9.999999999999999e-06,360,0.22469413903140587,0.1497122068552887,0.33032287449075753,0.9611111111111111,0.26415160088845296,0.787195339186039,0.03365384615384615
combo,oracle_voc,1.333521432163324e-05,360,0.27125928877257155,0.18813517858949583,0.3727499836481876,0.9361111111111111,0.25340308426498914,0.715708233577728,0.07692307692307693
combo,oracle_voc,1.778279410038923e-05,360,0.30664155126395315,0.2191324021881559,0.4238340562351281,0.9166666666666666,0.23877632393117357,0.6766680910749427,0.11057692307692307
combo,oracle_voc,2.3713737056616554e-05,360,0.3793527441428229,0.2879451994660676,0.5044543715695675,0.8944444444444445,0.22495543664630108,0.6095399939332613,0.15384615384615385
combo,oracle_voc,3.1622776601683795e-05,360,0.45731138804634114,0.3547665739199789,0.5964033535653174,0.8666666666666667,0.2099872582718298,0.5603763133332803,0.20192307692307693
combo,oracle_voc,4.216965034285822e-05,360,0.5775215760882483,0.4536810292339342,0.7246471420526394,0.8277777777777777,0.19235780055327356,0.5054743010833287,0.27884615384615385
combo,oracle_voc,5.623413251903491e-05,360,0.7110286389200907,0.5713004461844426,0.8805034604601646,0.8,0.18309911122103556,0.46118301774445675,0.3317307692307692
combo,oracle_voc,7.498942093324559e-05,360,0.8410326789653355,0.6972009461284884,1.0266222043246882,0.775,0.17014656965549768,0.4282259683167063,0.38461538461538464
combo,oracle_voc,0.0001,360,1.1518789665264784,0.9645334158631043,1.366394480574886,0.7166666666666667,0.14359360946826413,0.36810153531115347,0.4855769230769231
combo,oracle_voc,0.0001333521432163324,360,1.3534804174449837,1.1560427161769933,1.6202957263559936,0.6888888888888889,0.1305998224745251,0.3401526249278403,0.5384615384615384
combo,oracle_voc,0.00017782794100389227,360,1.7056252990595293,1.4529793161922833,1.975112940744658,0.6361111111111111,0.10679888399597928,0.3041722843611549,0.6298076923076923
combo,oracle_voc,0.0002371373705661655,360,1.8825484649929567,1.634169993931355,2.1685766345693205,0.6,0.09835236755938974,0.2883218338722549,0.6923076923076923
combo,oracle_voc,0.00031622776601683794,360,2.130755933387052,1.8730394954767116,2.447657046317911,0.5333333333333333,0.08569448197674126,0.2741139809000641,0.8076923076923077
combo,oracle_voc,0.00042169650342858224,360,2.4133202239421085,2.0945933285495535,2.7898069383771773,0.48055555555555557,0.07783812464308972,0.26032470856397494,0.8990384615384616
combo,oracle_voc,0.0005623413251903491,360,2.667284827756279,2.3586237314215186,3.0409803068320787,0.44166666666666665,0.06977217506542947,0.2518868874556069,0.9663461538461539
combo,oracle_voc,0.0007498942093324559,360,2.9012599176669798,2.5700655799513035,3.332679076933815,0.4305555555555556,0.06567294695972054,0.2462685658528345,0.9855769230769231
combo,oracle_voc,0.001,360,2.9012599176669798,2.5700655799513035,3.332679076933815,0.4305555555555556,0.06567294695972054,0.2462685658528345,0.9855769230769231
combo,oracle_voc,0.001333521432163324,360,2.9012599176669798,2.5700655799513035,3.332679076933815,0.4305555555555556,0.06567294695972054,0.2462685658528345,0.9855769230769231
combo,oracle_voc,0.0017782794100389228,360,2.9012599176669798,2.5700655799513035,3.332679076933815,0.4305555555555556,0.06567294695972054,0.2462685658528345,0.9855769230769231
combo,oracle_voc,0.0023713737056616554,360,2.9012599176669798,2.5700655799513035,3.332679076933815,0.4305555555555556,0.06567294695972054,0.2462685658528345,0.9855769230769231
combo,oracle_voc,0.0031622776601683794,360,3.4224540513188106,2.7254585516548033,4.130641318047637,0.425,0.06261711330550414,0.24311324789171826,0.9951923076923077
combo,oracle_voc,0.004216965034285822,360,3.4224540513188106,2.7254585516548033,4.130641318047637,0.425,0.06261711330550414,0.24311324789171826,0.9951923076923077
combo,oracle_voc,0.005623413251903491,360,3.4224540513188106,2.7254585516548033,4.130641318047637,0.425,0.06261711330550414,0.24311324789171826,0.9951923076923077
combo,oracle_voc,0.007498942093324558,360,3.4224540513188106,2.7254585516548033,4.130641318047637,0.425,0.06261711330550414,0.24311324789171826,0.9951923076923077
combo,oracle_voc,0.01,360,3.4224540513188106,2.7254585516548033,4.130641318047637,0.425,0.06261711330550414,0.24311324789171826,0.9951923076923077
activation_rate,uniform_coarse,0.0,360,18.55452886052491,15.344314863423003,21.78224951925614,0.22777777777777777,0.021308136916502365,0.46483952005835616,1.0
activation_rate,uniform_medium,1.0,360,2.044486950076836,1.6944735832463298,2.4452549680308726,0.475,0.06424831137972986,0.24358036563340243,1.0
activation_rate,uniform_fine,2.0,360,0.0002152789754014395,8.811584442703297e-05,0.0003479569724387662,1.0,1.0,5.079899505730615,0.0
activation_rate,random,0.0,360,2.044486950076836,1.6944735832463298,2.4452549680308726,0.475,0.06424831137972986,0.24358036563340243,1.0
activation_rate,random,1.0,360,1.6901123817348649,1.3361826206167062,2.0916696643400794,0.5722222222222222,0.21994550056210033,1.114708506694357,0.0
activation_rate,random,2.0,360,0.972538030126763,0.7582903954771267,1.2096978834496748,0.725,0.43455670078438463,2.3129102010916136,0.0
activation_rate,random,3.0,360,0.5083739357024831,0.3375759531310331,0.694196621407348,0.8527777777777777,0.6769100191541699,3.3857573959138083,0.0
activation_rate,random,4.0,360,0.0002152789754014395,8.811584442703297e-05,0.0003479569724387662,1.0,1.0,5.079899505730615,0.0
activation_rate,share,0.0,360,2.044486950076836,1.6944735832463298,2.4452549680308726,0.475,0.06424831137972986,0.24358036563340243,1.0
activation_rate,share,1.0,360,1.203918366472281,0.8734114972707145,1.6192325650187676,0.6555555555555556,0.19319086702648824,1.0448949404831689,0.0
activation_rate,share,2.0,360,0.567890238826729,0.35078006375100684,0.9437256311185278,0.8194444444444444,0.42392691874311134,1.4882452222362392,0.0
activation_rate,share,3.0,360,0.5535749966591753,0.34032271347843474,0.9352630196948458,0.825,0.49705103610583534,1.7193778961332808,0.0
activation_rate,share,4.0,360,0.0002152789754014395,8.811584442703297e-05,0.0003479569724387662,1.0,1.0642483113797299,5.323479871364018,0.0
activation_rate,discrepancy,0.01,360,0.04647913509637044,0.011537843828365996,0.12023627320734591,0.9944444444444445,1.0250711862317912,5.651792975797313,0.0
activation_rate,discrepancy,0.020000000000000004,360,0.0522890705778871,0.016640861088998083,0.12440731960891108,0.9944444444444445,0.9849564016035275,5.571743432197218,0.0
activation_rate,discrepancy,0.030000000000000006,360,0.05228910409761998,0.016640914683171557,0.12440735071538828,0.9944444444444445,0.9635615383938023,5.534931453655372,0.0
activation_rate,discrepancy,0.04000000000000001,360,0.11412249593007387,0.028388759164246418,0.2297244785617385,0.9888888888888889,0.9159772776946066,5.398950201935996,0.0
activation_rate,discrepancy,0.05000000000000001,360,0.11412260651789291,0.028388846508214678,0.2297246071267978,0.9888888888888889,0.8745518223919494,5.309828300633389,0.0
activation_rate,discrepancy,0.06000000000000001,360,0.11412262206295577,0.028388856285842742,0.22972461722573173,0.9888888888888889,0.8667586998603167,5.290420527466712,0.0
activation_rate,discrepancy,0.07,360,0.114123033954678,0.02838888586628679,0.22972519234509364,0.9888888888888889,0.8564488286421879,5.2737771245666405,0.0
activation_rate,discrepancy,0.08,360,0.11414552749301637,0.028407021466868982,0.22975981055616895,0.9888888888888889,0.8447909725261907,5.2179370280082775,0.010582010582010581
activation_rate,discrepancy,0.09000000000000001,360,0.11414588462883633,0.028407382070600867,0.22976016204025265,0.9888888888888889,0.8362064034270277,5.257136904516685,0.010582010582010581
activation_rate,discrepancy,0.1,360,0.11414677691698269,0.028408347133623547,0.22976138950738292,0.9888888888888889,0.8317912603006283,5.173955623377858,0.010582010582010581
activation_rate,discrepancy,0.15,360,0.24537908570991523,0.13451891686787362,0.37816471299454113,0.9333333333333333,0.7944092027363469,4.985696266586092,0.010582010582010581
activation_rate,discrepancy,0.19999999999999998,360,0.24537908354311233,0.13451890950559,0.37816470868828156,0.9333333333333333,0.7797341612055786,4.972237462911117,0.010582010582010581
activation_rate,discrepancy,0.25,360,0.24537909908089672,0.13451891083860273,0.37816471893348297,0.9333333333333333,0.7712111529003279,4.937660489002732,0.010582010582010581
activation_rate,discrepancy,0.3,360,0.24537910184513734,0.13451891086260093,0.37816472548165614,0.9333333333333333,0.7651699518192417,4.926970032699976,0.010582010582010581
activation_rate,discrepancy,0.35,360,0.2982026301973146,0.17510851614088738,0.44267062406008817,0.9222222222222223,0.7462268633684024,4.836047026202818,0.010582010582010581
activation_rate,discrepancy,0.39999999999999997,360,0.33909370283410883,0.21248317750571522,0.47435721588967766,0.9111111111111111,0.7269419545648099,4.816986414936198,0.010582010582010581
activation_rate,discrepancy,0.44999999999999996,360,0.352622610049852,0.22163338059420573,0.48850838694143667,0.9055555555555556,0.7151440997361613,4.805369007111171,0.021164021164021163
activation_rate,discrepancy,0.5,360,0.35262259574509813,0.22163337379944764,0.48850837943144004,0.9055555555555556,0.7121207876152371,4.803309531502853,0.021164021164021163
activation_rate,discrepancy,0.5499999999999999,360,0.38404536904167114,0.26008915152450784,0.5138190266034092,0.8972222222222223,0.7022377234066346,4.791362402094526,0.037037037037037035
activation_rate,discrepancy,0.6,360,0.4272214026204225,0.28534882125101696,0.5874860835578067,0.8861111111111111,0.6867841337374267,4.589412861322307,0.0582010582010582
activation_rate,discrepancy,0.6499999999999999,360,0.4272214279180392,0.28534880128388496,0.587486144778085,0.8861111111111111,0.67234516608048,4.5472106601889815,0.07407407407407407
activation_rate,discrepancy,0.7,360,0.43805412242753067,0.28902756838012617,0.6030140879793309,0.8833333333333333,0.664425614466344,4.538422461388988,0.07936507936507936
activation_rate,discrepancy,0.75,360,0.5136715441292331,0.35260501388551013,0.6864228816943136,0.8666666666666667,0.6490441221138594,4.338526778722341,0.08994708994708994
activation_rate,discrepancy,0.7999999999999999,360,0.5136715406578167,0.3526050138373341,0.6864228802566561,0.8666666666666667,0.6460182157861837,4.334078315089028,0.08994708994708994
activation_rate,discrepancy,0.85,360,0.5482028805062478,0.3921954667678184,0.7120077301922,0.8583333333333333,0.6351915786006995,4.318727399525131,0.10582010582010581
activation_rate,discrepancy,0.8999999999999999,360,0.5789322357988294,0.4204096113566232,0.75666262093819,0.8527777777777777,0.6304623954909914,4.31114436375012,0.10582010582010581
activation_rate,discrepancy,0.95,360,0.6263993966218935,0.45869052050336123,0.8068294174100028,0.8416666666666667,0.6186846613744883,4.247581096186201,0.1164021164021164
activation_rate,sensitivity,0.01,360,0.6963344813635128,0.4347141867860848,1.1107349637739843,0.8388888888888889,0.6406569158614033,3.9749173322644715,0.2962962962962963
activation_rate,sensitivity,0.020000000000000004,360,0.7477826845442775,0.48940638966542427,1.184082944851536,0.8305555555555556,0.6322230624316568,3.8771636150588975,0.2962962962962963
activation_rate,sensitivity,0.030000000000000006,360,0.8018351939283457,0.4987214987343135,1.2657424596300677,0.825,0.6280885022230418,3.8346477462450115,0.2962962962962963
activation_rate,sensitivity,0.04000000000000001,360,0.8858056039495992,0.572341063321404,1.3200654912901124,0.8166666666666667,0.622736314832102,3.748384985311683,0.2962962962962963
activation_rate,sensitivity,0.05000000000000001,360,0.9140169495661651,0.6056913975404199,1.3334885755660875,0.8138888888888889,0.618598135781847,3.665004322739484,0.2962962962962963
activation_rate,sensitivity,0.06000000000000001,360,0.9379647353684308,0.6233978952909892,1.3574378867259447,0.8111111111111111,0.6156991168846515,3.616645719250573,0.2962962962962963
activation_rate,sensitivity,0.07,360,0.9385141865343959,0.6239716469403358,1.3574752414564626,0.8111111111111111,0.6074648914774972,3.4807808806950056,0.2962962962962963
activation_rate,sensitivity,0.08,360,0.9605318487368467,0.6411667909559945,1.393751961102789,0.8083333333333333,0.6050683735332054,3.4495730080477793,0.2962962962962963
activation_rate,sensitivity,0.09000000000000001,360,0.9821135310091168,0.6514754818049788,1.4339717467602415,0.8055555555555556,0.5948263062208201,3.2565342666227983,0.2962962962962963
activation_rate,sensitivity,0.1,360,0.9821193115629417,0.6514782190177865,1.4339717364722586,0.8055555555555556,0.5925228470325572,3.2297767880311463,0.2962962962962963
activation_rate,sensitivity,0.15,360,1.0452894749836914,0.7168052770120926,1.494196304770961,0.8,0.5776402605376105,3.0464050266506293,0.2962962962962963
activation_rate,sensitivity,0.19999999999999998,360,1.0516474061755143,0.7240495667093626,1.5007966568128621,0.8,0.5706080626936616,3.021356838256179,0.2962962962962963
activation_rate,sensitivity,0.25,360,1.0547289197986838,0.7245279498256996,1.5053365021192764,0.8,0.5664509798057296,2.9820209798395,0.2962962962962963
activation_rate,sensitivity,0.3,360,1.0556635646647878,0.7248605585854759,1.5064968113377342,0.8,0.5644797735814562,2.9713128254394783,0.2962962962962963
activation_rate,sensitivity,0.35,360,1.0556635652233206,0.7248605596745636,1.5064968116031745,0.8,0.5627956766922956,2.9590941741922507,0.2962962962962963
activation_rate,sensitivity,0.39999999999999997,360,1.0561231556194397,0.7252397471800324,1.5069349002096515,0.8,0.5590329907866219,2.927458471439473,0.2962962962962963
activation_rate,sensitivity,0.44999999999999996,360,1.0568172524540138,0.7259338438810077,1.507575373076892,0.8,0.5579791552431785,2.9199406156311345,0.2962962962962963
activation_rate,sensitivity,0.5,360,1.0568172560911056,0.7259338456086263,1.5075753697718506,0.8,0.5565821596839362,2.9060584539949965,0.2962962962962963
activation_rate,sensitivity,0.5499999999999999,360,1.0568172519007126,0.7259338438167255,1.5075753683770217,0.8,0.5561712101104956,2.902772978914436,0.2962962962962963
activation_rate,sensitivity,0.6,360,1.078983047384121,0.7472631441194033,1.533872960216768,0.7972222222222223,0.5553870246563875,2.8853223091366593,0.2962962962962963
activation_rate,sensitivity,0.6499999999999999,360,1.0789830321023441,0.7472631279274168,1.5338729281769468,0.7972222222222223,0.5541640259321889,2.8662373876894285,0.2962962962962963
activation_rate,sensitivity,0.7,360,1.0789830343091158,0.7472631309176684,1.5338729296479785,0.7972222222222223,0.5532629324545772,2.858408493119987,0.2962962962962963
activation_rate,sensitivity,0.75,360,1.0794214409207943,0.747679617198763,1.534563420061372,0.7972222222222223,0.5528100774998246,2.8571008362088732,0.2962962962962963
activation_rate,sensitivity,0.7999999999999999,360,1.0794214409207943,0.747679617198763,1.534563420061372,0.7972222222222223,0.5528100774998246,2.8571008362088732,0.2962962962962963
activation_rate,sensitivity,0.85,360,1.0794214409207943,0.747679617198763,1.534563420061372,0.7972222222222223,0.5528100774998246,2.8571008362088732,0.2962962962962963
activation_rate,sensitivity,0.8999999999999999,360,1.0794214703801748,0.7476796591783803,1.534563494446308,0.7972222222222223,0.5514412147035646,2.85414869114221,0.2962962962962963
activation_rate,sensitivity,0.95,360,1.0794214703801748,0.7476796591783803,1.534563494446308,0.7972222222222223,0.5514412147035646,2.85414869114221,0.2962962962962963
activation_rate,novelty,0.5,360,2.0009917853370367,1.6506105432075315,2.4023652102546205,0.48055555555555557,0.12076649579808768,0.7182747271249759,0.8518518518518519
activation_rate,novelty,0.75,360,2.0423277047341295,1.6923323602385614,2.444151278454115,0.475,0.07659280884053032,0.3969242569222641,0.9682539682539683
activation_rate,novelty,0.9,360,2.0422647280315553,1.6922513611021763,2.444088301774419,0.475,0.06728033559223372,0.2736263465250482,0.9894179894179894
activation_rate,novelty,0.95,360,2.044486950253778,1.6944735833243987,2.445254968441086,0.475,0.0648497156154573,0.24427975145838193,0.9894179894179894
activation_rate,novelty,0.99,360,2.044486950253778,1.6944735833243987,2.445254968441086,0.475,0.0648497156154573,0.24427975145838193,0.9894179894179894
activation_rate,uncertainty,0.01,360,0.0007604179586030573,0.00017647449807004214,0.001831757771053324,1.0,0.9739442824550448,5.059301012866611,0.0
activation_rate,uncertainty,0.020000000000000004,360,0.0007674605253438161,0.00018213172892607592,0.0018422395903835837,1.0,0.9057137328326641,4.710915283366497,0.0
activation_rate,uncertainty,0.030000000000000006,360,0.0017894760266786445,0.0002912579225088893,0.004089339582228078,1.0,0.8539802869075773,4.421692619622141,0.0
activation_rate,uncertainty,0.04000000000000001,360,0.0018105862762788287,0.00032640461597552783,0.0041305367882530225,1.0,0.8188949458335916,4.2633825979388345,0.0
activation_rate,uncertainty,0.05000000000000001,360,0.0018477425359872462,0.00035116514415764656,0.0041287857050118565,1.0,0.7930247369209756,4.07971311247218,0.0
activation_rate,uncertainty,0.06000000000000001,360,0.003756452605508673,0.0007962548657175358,0.0077117018579933895,1.0,0.7606720833659987,3.927188926827724,0.0
activation_rate,uncertainty,0.07,360,0.0038185960280519675,0.0008733977743432815,0.0077608997702472895,1.0,0.7342150127516408,3.800841135099957,0.0
activation_rate,uncertainty,0.08,360,0.008451776573866452,0.0019475332542627593,0.018269926083890962,0.9972222222222222,0.7072890357940186,3.5719386045443975,0.0
activation_rate,uncertainty,0.09000000000000001,360,0.008451800977869942,0.001947535108992712,0.01826995719224811,0.9972222222222222,0.686901190414914,3.4779136104249626,0.0
activation_rate,uncertainty,0.1,360,0.009215567553119006,0.0025532378139648186,0.019063992387513995,0.9972222222222222,0.6757238023623235,3.370272891133259,0.0
activation_rate,uncertainty,0.15,360,0.02375930890854836,0.010410721276829958,0.04116276441544471,0.9861111111111112,0.6132967484429195,2.9401181861166354,0.0
activation_rate,uncertainty,0.19999999999999998,360,0.027592943648985853,0.012128604781467567,0.04723870916975045,0.9833333333333333,0.5603450463346455,2.5739583552138963,0.0
activation_rate,uncertainty,0.25,360,0.05059664133491067,0.026103775395357767,0.0828259280831171,0.975,0.526972666722232,2.2512258784583135,0.0
activation_rate,uncertainty,0.3,360,0.06293166433889065,0.035116308481724215,0.09451917336583832,0.9666666666666667,0.5098852584262713,2.1085594998944646,0.0
activation_rate,uncertainty,0.35,360,0.06989601557737887,0.04016690524533584,0.10956784811926666,0.9611111111111111,0.49418481799896263,2.017678553105583,0.0
activation_rate,uncertainty,0.39999999999999997,360,0.07322931073814685,0.04588004130839151,0.11211973163823889,0.9583333333333334,0.4803968861141199,1.913745844205611,0.0
activation_rate,uncertainty,0.44999999999999996,360,0.08339423424544448,0.04937547250981371,0.1227769449823345,0.9555555555555556,0.466608902282946,1.8450174561667154,0.0
activation_rate,uncertainty,0.5,360,0.08589424299143407,0.051483147343165885,0.12507227478340907,0.9555555555555556,0.4526090817642358,1.6877142394389415,0.0
activation_rate,uncertainty,0.5499999999999999,360,0.09558715986330543,0.05792235870205123,0.13462655545639102,0.9527777777777777,0.4454090027044412,1.6318615757805977,0.0
activation_rate,uncertainty,0.6,360,0.09808716016769901,0.0594439025458199,0.13764544316733865,0.9527777777777777,0.4395178032995035,1.6158026222278346,0.0
activation_rate,uncertainty,0.6499999999999999,360,0.1043522868184356,0.06323089486615925,0.14594172137401604,0.95,0.43184245534123955,1.6024992857750677,0.0
activation_rate,uncertainty,0.7,360,0.10435228681843564,0.06323089486615928,0.14594172137401606,0.95,0.4302006902484277,1.6011822504889601,0.0
activation_rate,uncertainty,0.75,360,0.10785048587048202,0.06799273072857606,0.1517746817442334,0.9472222222222222,0.4256927198158067,1.5605178597750637,0.0
activation_rate,uncertainty,0.7999999999999999,360,0.10785048360884247,0.06799272727957574,0.1517746817442334,0.9472222222222222,0.42089676379924057,1.5534958962250736,0.0
activation_rate,uncertainty,0.85,360,0.12010470082532526,0.08260711569683934,0.16479710476544437,0.9416666666666667,0.41437815144351114,1.5169007584528724,0.0
activation_rate,uncertainty,0.8999999999999999,360,0.12010470044386364,0.08260711533445081,0.16479710476544437,0.9416666666666667,0.413889014603741,1.501513779269539,0.0
activation_rate,uncertainty,0.95,360,0.120106638357759,0.0826089563526514,0.16479710476544437,0.9416666666666667,0.4122508056733497,1.4741679575556594,0.0
activation_rate,uncertainty_per_cost,0.0,360,0.0002152789754014395,8.811584442703297e-05,0.0003479569724387662,1.0,1.0642483113797299,5.323479871364018,0.0
activation_rate,uncertainty_per_cost,1e-08,360,0.0007291320804159901,0.00024350051644198297,0.0015180505056238277,1.0,1.030574330859055,4.659637887225047,0.0
activation_rate,uncertainty_per_cost,1.333521432163324e-08,360,0.0007291320804159901,0.00024350051644198297,0.0015180505056238277,1.0,1.0263440044978789,4.574509214333375,0.0
activation_rate,uncertainty_per_cost,1.7782794100389228e-08,360,0.0008111881738390641,0.00030876566558222504,0.00161267950621293,1.0,1.0160808280614588,4.394154931547261,0.0
activation_rate,uncertainty_per_cost,2.371373705661655e-08,360,0.0014123605021007985,0.0006345311258344751,0.0026337614789045316,1.0,0.9757151102299405,3.916347265405612,0.0
activation_rate,uncertainty_per_cost,3.162277660168379e-08,360,0.002422199330726518,0.0008170323318523929,0.004763321224053822,1.0,0.9284199440714417,3.5665834872389195,0.0
activation_rate,uncertainty_per_cost,4.2169650342858225e-08,360,0.0025610781373618433,0.0009569037341657854,0.004930463395532545,1.0,0.9015928803588241,3.360476304341652,0.0
activation_rate,uncertainty_per_cost,5.6234132519034905e-08,360,0.002976079904482233,0.0011906363618345089,0.00539198828642977,1.0,0.8674755294280042,3.071426328108343,0.0
activation_rate,uncertainty_per_cost,7.498942093324559e-08,360,0.003106530011179694,0.001288782741949329,0.005517676000816567,1.0,0.8447489590120593,2.9338063539916117,0.0
activation_rate,uncertainty_per_cost,1e-07,360,0.003114372980453813,0.0012959327334348472,0.005520939078979827,1.0,0.8156282880937874,2.842445856486059,0.0
activation_rate,uncertainty_per_cost,1.333521432163324e-07,360,0.020952801017473942,0.0062190510670748775,0.039215105917672965,0.9916666666666667,0.7665825499548004,2.433374065013908,0.0
activation_rate,uncertainty_per_cost,1.7782794100389227e-07,360,0.027943257631242634,0.011350261596787935,0.04979742332359319,0.9861111111111112,0.7125881222020058,2.2708891001806073,0.0
activation_rate,uncertainty_per_cost,2.3713737056616554e-07,360,0.03837522874635188,0.01906674539258994,0.06022596001343281,0.9805555555555555,0.667177177926252,2.0837223666278177,0.0
activation_rate,uncertainty_per_cost,3.162277660168379e-07,360,0.07829673481975744,0.044130345041008066,0.12060849560592043,0.9666666666666667,0.6044166954793014,1.7409838706250311,0.0
activation_rate,uncertainty_per_cost,4.2169650342858225e-07,360,0.09075138958434754,0.053671450741755396,0.1338049645948653,0.9638888888888889,0.5362125658934529,1.5769935260471963,0.0
activation_rate,uncertainty_per_cost,5.62341325190349e-07,360,0.1130105304661985,0.07544352422018294,0.15504058584413838,0.9555555555555556,0.49049234789614177,1.369648780261044,0.015873015873015872
activation_rate,uncertainty_per_cost,7.498942093324558e-07,360,0.13242351178539677,0.09256829269231676,0.17903958148534704,0.9444444444444444,0.4497171667159746,1.2724919797472063,0.026455026455026454
activation_rate,uncertainty_per_cost,1e-06,360,0.21080851738182116,0.14467246772519277,0.2761431802916169,0.9138888888888889,0.4045418704359426,1.0719012328166273,0.06349206349206349
activation_rate,uncertainty_per_cost,1.333521432163324e-06,360,0.24156846470561028,0.17234217351426798,0.3095587910200504,0.9,0.36134515131003003,0.9683944774666391,0.08994708994708994
activation_rate,uncertainty_per_cost,1.7782794100389227e-06,360,0.3886182340155297,0.3057329677656453,0.464544199642619,0.8333333333333334,0.30334041754410984,0.799296104358301,0.21164021164021163
activation_rate,uncertainty_per_cost,2.3713737056616552e-06,360,0.4956387071290195,0.40049035203378097,0.5988871227825611,0.7972222222222223,0.2731311831652274,0.7044685994861033,0.2751322751322751
activation_rate,uncertainty_per_cost,3.162277660168379e-06,360,0.6365970159938004,0.5103185663979858,0.7723057175601421,0.7638888888888888,0.2298097290978905,0.5923766516111048,0.35978835978835977
activation_rate,uncertainty_per_cost,4.216965034285822e-06,360,0.911804719779541,0.7442456246514703,1.0773943612641745,0.7166666666666667,0.18711520725314273,0.5088231972833758,0.455026455026455
activation_rate,uncertainty_per_cost,5.623413251903491e-06,360,1.2032602311554152,0.9793850188069344,1.4017072342037136,0.675,0.154641724320815,0.40198059825008586,0.5714285714285714
activation_rate,uncertainty_per_cost,7.498942093324558e-06,360,1.3755514033272545,1.1116377459173707,1.582152430807008,0.6361111111111111,0.13116320862532713,0.3568157086834516,0.656084656084656
activation_rate,uncertainty_per_cost,9.999999999999999e-06,360,1.4997972904477044,1.2493438520929603,1.7070752251636847,0.5944444444444444,0.11515313330897017,0.3303125427056734,0.7354497354497355
activation_rate,uncertainty_per_cost,1.333521432163324e-05,360,1.6690401729866144,1.4013473203978792,1.9096282692086168,0.5555555555555556,0.0965803779901236,0.30003885113343737,0.8148148148148148
activation_rate,uncertainty_per_cost,1.778279410038923e-05,360,1.7338508263636538,1.4731955770707434,1.9815630818268484,0.5222222222222223,0.08746912709140883,0.2853575803612027,0.8888888888888888
activation_rate,uncertainty_per_cost,2.3713737056616554e-05,360,1.9383580975012797,1.5552801918861456,2.3372990354119945,0.49722222222222223,0.07758097177371975,0.2728824831306257,0.9470899470899471
activation_rate,uncertainty_per_cost,3.1622776601683795e-05,360,1.9597071209733328,1.5820286001178196,2.354917581398723,0.49166666666666664,0.07476668191357044,0.2697506896500777,0.9629629629629629
activation_rate,uncertainty_per_cost,4.216965034285822e-05,360,1.9874848987511105,1.6242546487282836,2.3804339241211556,0.4888888888888889,0.07394707801668751,0.26677251045007827,0.9682539682539683
activation_rate,uncertainty_per_cost,5.623413251903491e-05,360,1.990588244147631,1.6288320831881515,2.386198059823609,0.4861111111111111,0.07211831314113265,0.2640152928806351,0.9735449735449735
activation_rate,uncertainty_per_cost,7.498942093324559e-05,360,2.031817867951232,1.683952284229314,2.4336393708404063,0.48055555555555557,0.06870672470160645,0.2589138395111857,0.9841269841269841
activation_rate,uncertainty_per_cost,0.0001,360,2.03393139452128,1.6870625636989947,2.438161218030873,0.48055555555555557,0.06678348115941718,0.2567655154278428,0.9894179894179894
activation_rate,uncertainty_per_cost,0.0001333521432163324,360,2.0358758389657248,1.6870625636989947,2.4390848291419838,0.48055555555555557,0.06633550016645645,0.25315111973062204,0.9894179894179894
activation_rate,uncertainty_per_cost,0.00017782794100389227,360,2.0385147278546136,1.6894105365080159,2.4403383013642057,0.4777777777777778,0.06588751917349574,0.2495367240334013,0.9947089947089947
activation_rate,uncertainty_per_cost,0.0002371373705661655,360,2.0385147278546136,1.6894105365080159,2.4403383013642057,0.4777777777777778,0.06588751917349574,0.2495367240334013,0.9947089947089947
activation_rate,uncertainty_per_cost,0.00031622776601683794,360,2.0385147278546136,1.6894105365080159,2.4403383013642057,0.4777777777777778,0.06588751917349574,0.2495367240334013,0.9947089947089947
activation_rate,uncertainty_per_cost,0.00042169650342858224,360,2.0385147278546136,1.6894105365080159,2.4403383013642057,0.4777777777777778,0.06588751917349574,0.2495367240334013,0.9947089947089947
activation_rate,uncertainty_per_cost,0.0005623413251903491,360,2.0407369500768358,1.692839511110181,2.4415049680308725,0.4777777777777778,0.0650679152766128,0.24655854483340187,0.9947089947089947
activation_rate,uncertainty_per_cost,0.0007498942093324559,360,2.0407369500768358,1.692839511110181,2.4415049680308725,0.4777777777777778,0.0650679152766128,0.24655854483340187,0.9947089947089947
activation_rate,uncertainty_per_cost,0.001,360,2.044486950076836,1.6944735832463298,2.4452549680308726,0.475,0.06424831137972986,0.24358036563340243,1.0
activation_rate,uncertainty_per_cost,0.001333521432163324,360,2.044486950076836,1.6944735832463298,2.4452549680308726,0.475,0.06424831137972986,0.24358036563340243,1.0
activation_rate,uncertainty_per_cost,0.0017782794100389228,360,2.044486950076836,1.6944735832463298,2.4452549680308726,0.475,0.06424831137972986,0.24358036563340243,1.0
activation_rate,uncertainty_per_cost,0.0023713737056616554,360,2.044486950076836,1.6944735832463298,2.4452549680308726,0.475,0.06424831137972986,0.24358036563340243,1.0
activation_rate,uncertainty_per_cost,0.0031622776601683794,360,2.044486950076836,1.6944735832463298,2.4452549680308726,0.475,0.06424831137972986,0.24358036563340243,1.0
activation_rate,uncertainty_per_cost,0.004216965034285822,360,2.044486950076836,1.6944735832463298,2.4452549680308726,0.475,0.06424831137972986,0.24358036563340243,1.0
activation_rate,uncertainty_per_cost,0.005623413251903491,360,2.044486950076836,1.6944735832463298,2.4452549680308726,0.475,0.06424831137972986,0.24358036563340243,1.0
activation_rate,uncertainty_per_cost,0.007498942093324558,360,2.044486950076836,1.6944735832463298,2.4452549680308726,0.475,0.06424831137972986,0.24358036563340243,1.0
activation_rate,uncertainty_per_cost,0.01,360,2.044486950076836,1.6944735832463298,2.4452549680308726,0.475,0.06424831137972986,0.24358036563340243,1.0
activation_rate,fullstate_voc,0.0,360,0.48276247545365025,0.21625317537399724,0.8523852577231876,0.9083333333333333,0.6299833149765909,4.148650699408336,0.0
activation_rate,fullstate_voc,1e-08,360,0.4827628976868122,0.2162534400237811,0.8523856536856496,0.9083333333333333,0.6087123762636714,4.031545401269341,0.0
activation_rate,fullstate_voc,1.333521432163324e-08,360,0.4827628976868122,0.2162534400237811,0.8523856536856496,0.9083333333333333,0.6087123762636714,4.031545401269341,0.0
activation_rate,fullstate_voc,1.7782794100389228e-08,360,0.4827617780827484,0.21625232008496673,0.8523817642432538,0.9083333333333333,0.6022234861465975,3.996751496630471,0.0
activation_rate,fullstate_voc,2.371373705661655e-08,360,0.48276184423644664,0.21625221901184435,0.8523820437320283,0.9083333333333333,0.5978593564080169,3.870728958644324,0.0
activation_rate,fullstate_voc,3.162277660168379e-08,360,0.48276129109268956,0.21625137789990184,0.8523806770473294,0.9083333333333333,0.5925275911571533,3.8216968334775934,0.0
activation_rate,fullstate_voc,4.2169650342858225e-08,360,0.48276164913203623,0.21625156739350346,0.8523814404535118,0.9083333333333333,0.5879341646998965,3.7981431007276316,0.0
activation_rate,fullstate_voc,5.6234132519034905e-08,360,0.5187211076556965,0.24978887112602555,0.9044939425395837,0.8972222222222223,0.5589536548937766,3.5750847432554718,0.0
activation_rate,fullstate_voc,7.498942093324559e-08,360,0.5416605196817366,0.26711577254683666,0.926586420047758,0.8916666666666667,0.5434254129139721,3.355834101074874,0.0
activation_rate,fullstate_voc,1e-07,360,0.5524976103618412,0.27508707877654015,0.9337166884289199,0.8888888888888888,0.5369059938023102,3.3418096273109565,0.0
activation_rate,fullstate_voc,1.333521432163324e-07,360,0.5632408537037599,0.2892535941297194,0.9425621486846385,0.8833333333333333,0.5327430179303588,3.3342160370331033,0.0
activation_rate,fullstate_voc,1.7782794100389227e-07,360,0.563239643606724,0.2892531652035806,0.9425618329780935,0.8833333333333333,0.5318615980560669,3.326833629644221,0.0
activation_rate,fullstate_voc,2.3713737056616554e-07,360,0.5779062705015559,0.3057579860132363,0.9686522254261929,0.8777777777777778,0.5127442156554423,3.1420634775415035,0.0
activation_rate,fullstate_voc,3.162277660168379e-07,360,0.5779051222441103,0.3057574330210988,0.9686516229894471,0.8777777777777778,0.5122454872525455,3.1232781615554006,0.0
activation_rate,fullstate_voc,4.2169650342858225e-07,360,0.5819127689850185,0.3106042626703003,0.9726545604357498,0.875,0.5030886699776812,2.9460756710693,0.0
activation_rate,fullstate_voc,5.62341325190349e-07,360,0.5970149365311225,0.3293636502810074,0.9868670301348255,0.8694444444444445,0.48014325945722375,2.6090394795748075,0.0
activation_rate,fullstate_voc,7.498942093324558e-07,360,0.6068661678689609,0.3379942639672928,0.9961936384001387,0.8638888888888889,0.46884228683397655,2.4697955459553365,0.0
activation_rate,fullstate_voc,1e-06,360,0.6257493928911967,0.35371300688193397,1.013777721741997,0.8611111111111112,0.453784005555068,2.4494775233108865,0.0
activation_rate,fullstate_voc,1.333521432163324e-06,360,0.6727760258872273,0.39193950951778156,1.0620238483515332,0.8388888888888889,0.4211040730365961,2.113166264610946,0.0
activation_rate,fullstate_voc,1.7782794100389227e-06,360,0.6889113506976289,0.41019381511773156,1.070135496133666,0.8277777777777777,0.38746596465364874,1.627322865694219,0.0
activation_rate,fullstate_voc,2.3713737056616552e-06,360,0.697012644733282,0.4172378805727799,1.0792344426532987,0.825,0.3815504895176245,1.6200970742192313,0.0
activation_rate,fullstate_voc,3.162277660168379e-06,360,0.6970130490382882,0.41723869139689107,1.0792346341169754,0.825,0.3811818899668381,1.6172268009414337,0.0
activation_rate,fullstate_voc,4.216965034285822e-06,360,0.7171616199504399,0.4300801544639307,1.0861237085839348,0.8222222222222222,0.3729077086304763,1.4304150914969795,0.0
activation_rate,fullstate_voc,5.623413251903491e-06,360,0.7171616199504399,0.4300801544639307,1.0861237085839348,0.8222222222222222,0.3729077086304763,1.4304150914969795,0.0
activation_rate,fullstate_voc,7.498942093324558e-06,360,0.7192464071874785,0.43214245182593153,1.088476645886745,0.8222222222222222,0.3516492426034393,1.3451402967859092,0.0
activation_rate,fullstate_voc,9.999999999999999e-06,360,0.7192464071874785,0.43214245182593153,1.088476645886745,0.8222222222222222,0.3516492426034393,1.3451402967859092,0.0
activation_rate,fullstate_voc,1.333521432163324e-05,360,0.7617338343833447,0.47615354025439105,1.154494563947637,0.8055555555555556,0.3343403775655295,1.2980443490136773,0.0
activation_rate,fullstate_voc,1.778279410038923e-05,360,0.9839550828023597,0.6943352499932164,1.4170195764479006,0.7555555555555555,0.27982132101996754,1.1685142691998711,0.010582010582010581
activation_rate,fullstate_voc,2.3713737056616554e-05,360,1.0968584360271731,0.7751371569781197,1.5213184789129468,0.725,0.23669099154683854,1.0998880714442647,0.010582010582010581
activation_rate,fullstate_voc,3.1622776601683795e-05,360,1.100729463579873,0.7782819966571155,1.52396621863394,0.725,0.21613323433538775,1.062223058599769,0.010582010582010581
activation_rate,fullstate_voc,4.216965034285822e-05,360,1.2187924493230526,0.8802013349056166,1.6381685984093524,0.7111111111111111,0.20130354267106562,0.933191084355278,0.047619047619047616
activation_rate,fullstate_voc,5.623413251903491e-05,360,1.2859193694671343,0.9479326705657573,1.7009066010691254,0.7,0.18990667129014582,0.829359323285866,0.07936507936507936
activation_rate,fullstate_voc,7.498942093324559e-05,360,1.4757446960774192,1.1351283703720882,1.8880094114075738,0.6694444444444444,0.17437930381153546,0.5735185654664444,0.1693121693121693
activation_rate,fullstate_voc,0.0001,360,1.6823144766982194,1.3210498195421805,2.1046125955214467,0.6277777777777778,0.15890052693710818,0.385336182519283,0.25925925925925924
activation_rate,fullstate_voc,0.0001333521432163324,360,1.7145254611407614,1.3635118435667317,2.1245567926801896,0.6222222222222222,0.1541004062012296,0.3430135479553529,0.2751322751322751
activation_rate,fullstate_voc,0.00017782794100389227,360,1.7145254961927348,1.3635118922009226,2.1245568318013732,0.6222222222222222,0.14161584465452245,0.3281120967053943,0.2751322751322751
activation_rate,fullstate_voc,0.0002371373705661655,360,1.850538915364741,1.4889218189625784,2.2483646993061974,0.5472222222222223,0.1259177222728788,0.31076519972206773,0.2857142857142857
activation_rate,fullstate_voc,0.00031622776601683794,360,1.8608705244396129,1.5013357304544894,2.251479758744931,0.5444444444444444,0.1227976611230749,0.3070337377887376,0.30158730158730157
activation_rate,fullstate_voc,0.00042169650342858224,360,1.8863543114367434,1.53894829337797,2.2748508549655617,0.5333333333333333,0.1164868280260259,0.30092653448877577,0.3439153439153439
activation_rate,fullstate_voc,0.0005623413251903491,360,1.9924375422783893,1.6334163743661578,2.4015590919711203,0.49722222222222223,0.1006110220114234,0.28382215268882444,0.4497354497354497
activation_rate,fullstate_voc,0.0007498942093324559,360,2.031216054207985,1.6847500353881393,2.43285375547957,0.48055555555555557,0.09285186570293774,0.27302357336658234,0.544973544973545
activation_rate,fullstate_voc,0.001,360,2.0444869967748995,1.6944736230572026,2.445255025382283,0.475,0.08446826655535332,0.2627963802082579,0.6825396825396826
activation_rate,fullstate_voc,0.001333521432163324,360,2.0444869682974893,1.6944736080082698,2.4452549961636016,0.475,0.07512854346750289,0.25363183777501236,0.8201058201058201
activation_rate,fullstate_voc,0.0017782794100389228,360,2.0444869610550214,1.6944736025620506,2.445254981445827,0.475,0.06851523544818153,0.24759518159176475,0.9312169312169312
activation_rate,fullstate_voc,0.0023713737056616554,360,2.044486950076836,1.6944735832463298,2.4452549680308726,0.475,0.06424831137972986,0.24358036563340243,1.0
activation_rate,fullstate_voc,0.0031622776601683794,360,2.044486950076836,1.6944735832463298,2.4452549680308726,0.475,0.06424831137972986,0.24358036563340243,1.0
activation_rate,fullstate_voc,0.004216965034285822,360,2.044486950076836,1.6944735832463298,2.4452549680308726,0.475,0.06424831137972986,0.24358036563340243,1.0
activation_rate,fullstate_voc,0.005623413251903491,360,2.044486950076836,1.6944735832463298,2.4452549680308726,0.475,0.06424831137972986,0.24358036563340243,1.0
activation_rate,fullstate_voc,0.007498942093324558,360,2.044486950076836,1.6944735832463298,2.4452549680308726,0.475,0.06424831137972986,0.24358036563340243,1.0
activation_rate,fullstate_voc,0.01,360,2.044486950076836,1.6944735832463298,2.4452549680308726,0.475,0.06424831137972986,0.24358036563340243,1.0
activation_rate,voc,0.0,360,0.000237530214667917,0.0001109908541179769,0.000369334143320954,1.0,0.7440514151462212,4.332841939894347,0.0
activation_rate,hybrid,0.0,360,0.603943052018239,0.47256598804058875,0.7422089257796255,0.7916666666666666,0.38356948300881727,1.4264321400164994,0.08994708994708994
activation_rate,voc,1e-08,360,0.0002474598352639935,0.00011924144783419858,0.0003851212039648514,1.0,0.733875895253352,4.195428958483242,0.0
activation_rate,hybrid,1e-08,360,0.6039429489560618,0.47256597213953105,0.7422088308307311,0.7916666666666666,0.3805041750529431,1.420089988160938,0.12169312169312169
activation_rate,voc,1.333521432163324e-08,360,0.00025536665002272275,0.00012714207143392224,0.0003875050863293438,1.0,0.7253510055167551,4.080442595813808,0.0
activation_rate,hybrid,1.333521432163324e-08,360,0.6039429584318511,0.4725659865901095,0.7422088452813096,0.7916666666666666,0.3788584248879006,1.4168050832387256,0.12169312169312169
activation_rate,voc,1.7782794100389228e-08,360,0.000321542187749375,0.00018058476764709426,0.0005185092773567932,1.0,0.7156873143652225,3.9030107110276933,0.0
activation_rate,hybrid,1.7782794100389228e-08,360,0.6039429584318511,0.4725659865901095,0.7422088452813096,0.7916666666666666,0.37814278972412396,1.413307608205408,0.12169312169312169
activation_rate,voc,2.371373705661655e-08,360,0.000487354635629611,0.0002965197497409814,0.0006994862414764736,1.0,0.6887436490035902,3.387603564988826,0.0
activation_rate,hybrid,2.371373705661655e-08,360,0.6039430633274862,0.4725660862409629,0.742209159968215,0.7916666666666666,0.37794442651650734,1.4060469707526257,0.12169312169312169
activation_rate,voc,3.162277660168379e-08,360,0.0017067719108204008,0.0004222522004710157,0.0037179150479075976,1.0,0.665737055557147,3.0059274222054833,0.0
activation_rate,hybrid,3.162277660168379e-08,360,0.6039430619549719,0.47256608413728707,0.7422091578779552,0.7916666666666666,0.3773431717030094,1.4051308471248376,0.12698412698412698
activation_rate,voc,4.2169650342858225e-08,360,0.003273700475753335,0.0008117026838379646,0.006480349757957569,1.0,0.6516872414698942,2.7779401008693436,0.0
activation_rate,hybrid,4.2169650342858225e-08,360,0.603942377122351,0.47256506707557433,0.7422088334524097,0.7916666666666666,0.3756277699678784,1.3965839493109444,0.12698412698412698
activation_rate,voc,5.6234132519034905e-08,360,0.0036991418417104565,0.00128355038253461,0.006974040912788155,1.0,0.6355026235087796,2.6036956054249356,0.0
activation_rate,hybrid,5.6234132519034905e-08,360,0.6039371191689528,0.47255462994472325,0.7421982983917461,0.7916666666666666,0.3737641067756423,1.3890355291914906,0.13227513227513227
activation_rate,voc,7.498942093324559e-08,360,0.0037117624131087026,0.0012960975166423163,0.006983490659691505,1.0,0.622504358688613,2.5139288834915736,0.0
activation_rate,hybrid,7.498942093324559e-08,360,0.6039371170045212,0.4725546289166185,0.7421982983917461,0.7916666666666666,0.3704719692972882,1.3826956567803588,0.13756613756613756
activation_rate,voc,1e-07,360,0.003988988584194276,0.001457309672760562,0.0072490300782351086,1.0,0.6080638444027063,2.381513676091567,0.0
activation_rate,hybrid,1e-07,360,0.603937972963347,0.472555496540329,0.7421995634229963,0.7916666666666666,0.36750130360078004,1.3723865924248053,0.13756613756613756
activation_rate,voc,1.333521432163324e-07,360,0.00545857882565201,0.0024383693966342815,0.009699109764839967,1.0,0.5927776327901885,2.267999244761025,0.0
activation_rate,hybrid,1.333521432163324e-07,360,0.6039379738947946,0.4725555379792474,0.7421995528291487,0.7916666666666666,0.36374132307260554,1.3644053187525869,0.14814814814814814
activation_rate,voc,1.7782794100389227e-07,360,0.01054974950935733,0.003432624810735686,0.021119712985541276,0.9972222222222222,0.5572251829054389,2.0915020124749186,0.0
activation_rate,hybrid,1.7782794100389227e-07,360,0.6039403137133829,0.4725589035981924,0.7422052925441525,0.7916666666666666,0.3606647229618808,1.354923249224804,0.15343915343915343
activation_rate,voc,2.3713737056616554e-07,360,0.01055045197178851,0.003432728006691045,0.021120461838601588,0.9972222222222222,0.5326435132674106,2.0448061888581934,0.0
activation_rate,hybrid,2.3713737056616554e-07,360,0.6039408790598549,0.4725591503819942,0.7422058620615902,0.7916666666666666,0.35061449276131584,1.3359614426386746,0.164021164021164
activation_rate,voc,3.162277660168379e-07,360,0.022900584453223707,0.007431478240503805,0.04441331446579138,0.9916666666666667,0.5061783244381862,1.8794120402332435,0.0
activation_rate,hybrid,3.162277660168379e-07,360,0.6039426620034398,0.4725618249137629,0.7422068132070649,0.7916666666666666,0.3424884411337143,1.2884881991304207,0.19047619047619047
activation_rate,voc,4.2169650342858225e-07,360,0.030912347343338805,0.010215570599740242,0.05841225207852734,0.9888888888888889,0.48290347060264155,1.807694612169386,0.0
activation_rate,hybrid,4.2169650342858225e-07,360,0.6039426182226553,0.4725617855108697,0.7422067817233787,0.7916666666666666,0.3313719969878412,1.275318112863796,0.20105820105820105
activation_rate,voc,5.62341325190349e-07,360,0.04666483993928827,0.01792111463024503,0.07384970843908024,0.9833333333333333,0.45410024816742606,1.6850752328416092,0.0
activation_rate,hybrid,5.62341325190349e-07,360,0.6039426372747946,0.4725617951867122,0.7422068069458868,0.7916666666666666,0.31531850310898585,1.259414374561018,0.2275132275132275
activation_rate,voc,7.498942093324558e-07,360,0.06515689123278645,0.03217751425110983,0.10124700227444737,0.9694444444444444,0.43701091784585516,1.520271030574976,0.0
activation_rate,hybrid,7.498942093324558e-07,360,0.6039425384764079,0.47256167188648407,0.7422066862530242,0.7916666666666666,0.30923493640263583,1.254608968583236,0.24338624338624337
activation_rate,voc,1e-06,360,0.06515699270856949,0.032177627957850057,0.1012471547250309,0.9694444444444444,0.4269158121689227,1.5063505766666216,0.0
activation_rate,hybrid,1e-06,360,0.6039424664190695,0.47256156227269674,0.7422066172257419,0.7916666666666666,0.30550843073426215,1.2474332472221148,0.24867724867724866
activation_rate,voc,1.333521432163324e-06,360,0.07022011305616706,0.03527449150515369,0.1076371640437252,0.9666666666666667,0.4065811874903111,1.4318768886583106,0.0
activation_rate,hybrid,1.333521432163324e-06,360,0.6039432710246483,0.4725619547891216,0.7422073454330234,0.7916666666666666,0.2936567254792389,1.2294383288971504,0.25925925925925924
activation_rate,voc,1.7782794100389227e-06,360,0.08978050778047368,0.04078447124934508,0.1368132585274062,0.9638888888888889,0.39255549739121925,1.365234836655519,0.0
activation_rate,hybrid,1.7782794100389227e-06,360,0.6043375617508572,0.47318273342535233,0.7427692574561402,0.7916666666666666,0.2836825635920667,1.205197064327745,0.2698412698412698
activation_rate,voc,2.3713737056616552e-06,360,0.09358641091734042,0.04334990776202941,0.14080024311194825,0.9638888888888889,0.3854185959237848,1.3196341537583471,0.0
activation_rate,hybrid,2.3713737056616552e-06,360,0.6081434758859567,0.4767371833525176,0.7480203237632591,0.7916666666666666,0.27803819409766245,1.1615923585694368,0.2857142857142857
activation_rate,voc,3.162277660168379e-06,360,0.09602047794332898,0.04730396430984359,0.1432173552916306,0.9638888888888889,0.3706073938211226,1.2711430127277707,0.0
activation_rate,hybrid,3.162277660168379e-06,360,0.6105774415912674,0.4785616968646508,0.7493602327034483,0.7916666666666666,0.2648269953827531,1.1152478655416416,0.30158730158730157
activation_rate,voc,4.216965034285822e-06,360,0.10024601255149936,0.051453582553442574,0.1484595003484526,0.9638888888888889,0.36563757352334536,1.2280000505639186,0.0
activation_rate,hybrid,4.216965034285822e-06,360,0.6140392648659989,0.48118304977756904,0.7509689595028438,0.7916666666666666,0.26110187583244204,1.0860305397527756,0.31216931216931215
activation_rate,voc,5.623413251903491e-06,360,0.11517407399493584,0.0673535524422179,0.16388097528253046,0.9611111111111111,0.3566855482868773,1.1550634322556208,0.005291005291005291
activation_rate,hybrid,5.623413251903491e-06,360,0.6289674292596165,0.4922509264955511,0.7701294285148748,0.7888888888888889,0.2519309725808874,1.0129687150666946,0.31746031746031744
activation_rate,voc,7.498942093324558e-06,360,0.13751892150344663,0.08460678771719188,0.18671182805322853,0.9527777777777777,0.345576600606494,1.0663941446639607,0.021164021164021163
activation_rate,hybrid,7.498942093324558e-06,360,0.6513123014403269,0.515205650610831,0.7913751380702034,0.7805555555555556,0.24081515776064133,0.9243329763250282,0.3492063492063492
activation_rate,voc,9.999999999999999e-06,360,0.19204958962416707,0.1328328885924657,0.24913121227748758,0.9305555555555556,0.33527007505853795,0.9386074047834275,0.06349206349206349
activation_rate,hybrid,9.999999999999999e-06,360,0.7058429695610593,0.5577792513017197,0.8461340647850292,0.7583333333333333,0.2308839194881635,0.7971002845444874,0.3915343915343915
activation_rate,voc,1.333521432163324e-05,360,0.25516617619843224,0.18150914993117517,0.31505277349591354,0.9,0.3186539625918793,0.843441676583441,0.12169312169312169
activation_rate,hybrid,1.333521432163324e-05,360,0.7555666977410753,0.6110426246497903,0.9030738624915529,0.7305555555555555,0.21895896447331142,0.7117067476861646,0.4444444444444444
activation_rate,voc,1.778279410038923e-05,360,0.34293984195027477,0.2586985251998523,0.4125391669872873,0.8583333333333333,0.2847339155083688,0.7312536488084637,0.20105820105820105
activation_rate,hybrid,1.778279410038923e-05,360,0.8306564589953751,0.6806063908409593,0.9785939321102594,0.6944444444444444,0.19297264045448925,0.6127298246583854,0.5132275132275133
activation_rate,voc,2.3713737056616554e-05,360,0.4179488584141303,0.3207213470360931,0.5044542066212702,0.8333333333333334,0.25753907053535363,0.6680980440278896,0.24867724867724866
activation_rate,hybrid,2.3713737056616554e-05,360,0.8769343391733682,0.7338740326093101,1.0337540958760063,0.6833333333333333,0.18025520092824365,0.5678789464833749,0.5343915343915344
activation_rate,voc,3.1622776601683795e-05,360,0.5437392548096144,0.4416289377760959,0.6407565416932046,0.7972222222222223,0.21381214938537943,0.5883236865611959,0.32275132275132273
activation_rate,hybrid,3.1622776601683795e-05,360,0.9458330301332046,0.8072425105778188,1.113637966758438,0.6638888888888889,0.15580056717011476,0.5119535278166748,0.5767195767195767
activation_rate,voc,4.216965034285822e-05,360,0.928362300723333,0.6633929300657445,1.3344647938673946,0.7305555555555555,0.1639929107390923,0.5104060533361917,0.4497354497354497
activation_rate,hybrid,4.216965034285822e-05,360,1.197784658903923,0.9027280051784047,1.5890043506812412,0.6305555555555555,0.1292357493198266,0.46543174480556343,0.6455026455026455
activation_rate,voc,5.623413251903491e-05,360,1.153598459441381,0.8290419867785098,1.5625364464141736,0.6972222222222222,0.1438953452307578,0.46726698214452983,0.5238095238095238
activation_rate,hybrid,5.623413251903491e-05,360,1.346883636989183,1.0219380908972815,1.7536731168061008,0.6083333333333333,0.1162972596344152,0.4329851063639075,0.6931216931216931
activation_rate,voc,7.498942093324559e-05,360,1.5187997439696062,1.1473829152856088,1.9236631954873322,0.6527777777777778,0.11594657026336908,0.3409307307056729,0.6507936507936508
activation_rate,hybrid,7.498942093324559e-05,360,1.6706740286359794,1.2895941947552816,2.0669379832498875,0.5722222222222222,0.0928571312810806,0.3120342930028225,0.8042328042328042
activation_rate,voc,0.0001,360,1.6112049654503007,1.23742358649558,2.017326625654171,0.6416666666666667,0.10862253033844026,0.30988950371676965,0.6825396825396826
activation_rate,hybrid,0.0001,360,1.7498698646762938,1.3813134155418816,2.16287578212845,0.5666666666666667,0.0888302464949615,0.2869387861833679,0.8253968253968254
activation_rate,voc,0.0001333521432163324,360,1.6838776171089567,1.3237102052308325,2.089823180602455,0.6361111111111111,0.1034048998792814,0.2966195088612241,0.6931216931216931
activation_rate,hybrid,0.0001333521432163324,360,1.8158758496682827,1.4533400997291446,2.216645245174452,0.5611111111111111,0.08487935156936313,0.2751098483528343,0.8359788359788359
activation_rate,voc,0.00017782794100389227,360,1.7693060207902631,1.4068968992152748,2.1720778922896833,0.6,0.08931159493221674,0.2767100571167652,0.7619047619047619
activation_rate,hybrid,0.00017782794100389227,360,1.8413290864243907,1.4844419421266566,2.2440413207120122,0.5527777777777778,0.08104917256972838,0.26806831093895706,0.8518518518518519
activation_rate,voc,0.0002371373705661655,360,1.8617747433730674,1.5124676216683586,2.2608320048631967,0.5444444444444444,0.0792361021630398,0.2659604124556204,0.8677248677248677
activation_rate,hybrid,0.0002371373705661655,360,1.8617747433730674,1.5124676216683586,2.2608320048631967,0.5444444444444444,0.0792361021630398,0.2659604124556204,0.8677248677248677
activation_rate,voc,0.00031622776601683794,360,1.9396899057300534,1.5878413220477023,2.3310894433728224,0.5194444444444445,0.07180180651243158,0.2585992565528411,0.9153439153439153
activation_rate,hybrid,0.00031622776601683794,360,1.9396899057300534,1.5878413220477023,2.3310894433728224,0.5194444444444445,0.07180180651243158,0.2585992565528411,0.9153439153439153
activation_rate,voc,0.00042169650342858224,360,1.9981563321568119,1.6505070241587385,2.4067964564669495,0.49444444444444446,0.06826171915300645,0.2518535714972839,0.9629629629629629
activation_rate,hybrid,0.00042169650342858224,360,1.9981563321568119,1.6505070241587385,2.4067964564669495,0.49444444444444446,0.06826171915300645,0.2518535714972839,0.9629629629629629
activation_rate,voc,0.0005623413251903491,360,2.03098699911521,1.6831839356158371,2.4331869590617723,0.48055555555555557,0.0662165989535559,0.2499220951556203,0.9894179894179894
activation_rate,hybrid,0.0005623413251903491,360,2.03098699911521,1.6831839356158371,2.4331869590617723,0.48055555555555557,0.0662165989535559,0.2499220951556203,0.9894179894179894
activation_rate,voc,0.0007498942093324559,360,2.0385147278546136,1.6894105365080159,2.4403383013642057,0.4777777777777778,0.06588751917349574,0.2495367240334013,0.9947089947089947
activation_rate,hybrid,0.0007498942093324559,360,2.0385147278546136,1.6894105365080159,2.4403383013642057,0.4777777777777778,0.06588751917349574,0.2495367240334013,0.9947089947089947
activation_rate,voc,0.001,360,2.0385147278546136,1.6894105365080159,2.4403383013642057,0.4777777777777778,0.06588751917349574,0.2495367240334013,0.9947089947089947
activation_rate,hybrid,0.001,360,2.0385147278546136,1.6894105365080159,2.4403383013642057,0.4777777777777778,0.06588751917349574,0.2495367240334013,0.9947089947089947
activation_rate,voc,0.001333521432163324,360,2.0385147278546136,1.6894105365080159,2.4403383013642057,0.4777777777777778,0.06588751917349574,0.2495367240334013,0.9947089947089947
activation_rate,hybrid,0.001333521432163324,360,2.0385147278546136,1.6894105365080159,2.4403383013642057,0.4777777777777778,0.06588751917349574,0.2495367240334013,0.9947089947089947
activation_rate,voc,0.0017782794100389228,360,2.044486950076836,1.6944735832463298,2.4452549680308726,0.475,0.06424831137972986,0.24358036563340243,1.0
activation_rate,hybrid,0.0017782794100389228,360,2.044486950076836,1.6944735832463298,2.4452549680308726,0.475,0.06424831137972986,0.24358036563340243,1.0
activation_rate,voc,0.0023713737056616554,360,2.044486950076836,1.6944735832463298,2.4452549680308726,0.475,0.06424831137972986,0.24358036563340243,1.0
activation_rate,hybrid,0.0023713737056616554,360,2.044486950076836,1.6944735832463298,2.4452549680308726,0.475,0.06424831137972986,0.24358036563340243,1.0
activation_rate,voc,0.0031622776601683794,360,2.044486950076836,1.6944735832463298,2.4452549680308726,0.475,0.06424831137972986,0.24358036563340243,1.0
activation_rate,hybrid,0.0031622776601683794,360,2.044486950076836,1.6944735832463298,2.4452549680308726,0.475,0.06424831137972986,0.24358036563340243,1.0
activation_rate,voc,0.004216965034285822,360,2.044486950076836,1.6944735832463298,2.4452549680308726,0.475,0.06424831137972986,0.24358036563340243,1.0
activation_rate,hybrid,0.004216965034285822,360,2.044486950076836,1.6944735832463298,2.4452549680308726,0.475,0.06424831137972986,0.24358036563340243,1.0
activation_rate,voc,0.005623413251903491,360,2.044486950076836,1.6944735832463298,2.4452549680308726,0.475,0.06424831137972986,0.24358036563340243,1.0
activation_rate,hybrid,0.005623413251903491,360,2.044486950076836,1.6944735832463298,2.4452549680308726,0.475,0.06424831137972986,0.24358036563340243,1.0
activation_rate,voc,0.007498942093324558,360,2.044486950076836,1.6944735832463298,2.4452549680308726,0.475,0.06424831137972986,0.24358036563340243,1.0
activation_rate,hybrid,0.007498942093324558,360,2.044486950076836,1.6944735832463298,2.4452549680308726,0.475,0.06424831137972986,0.24358036563340243,1.0
activation_rate,voc,0.01,360,2.044486950076836,1.6944735832463298,2.4452549680308726,0.475,0.06424831137972986,0.24358036563340243,1.0
activation_rate,hybrid,0.01,360,2.044486950076836,1.6944735832463298,2.4452549680308726,0.475,0.06424831137972986,0.24358036563340243,1.0
activation_rate,hardlabel,0.01,360,0.01200434572768605,0.007210330916616749,0.01689498461428462,1.0,0.495508126730212,2.1731544040471413,0.0
activation_rate,hardlabel,0.020000000000000004,360,0.018716364625665116,0.012436651718709854,0.026429145424618068,1.0,0.4456649003051937,1.908203047119423,0.0
activation_rate,hardlabel,0.030000000000000006,360,0.022062000991934925,0.015127697769249807,0.030048744686276538,1.0,0.41568881104591726,1.8101411877278326,0.0
activation_rate,hardlabel,0.04000000000000001,360,0.027054338551347545,0.018831798089601393,0.03624295476474447,1.0,0.4033206542490192,1.7864819946306447,0.0
activation_rate,hardlabel,0.05000000000000001,360,0.0365458481687786,0.02341735696737714,0.05003273364948875,1.0,0.39948000540005163,1.7810412877778616,0.0
activation_rate,hardlabel,0.06000000000000001,360,0.19870301493508294,0.03414871786328418,0.518629211633645,0.9944444444444445,0.38684480734732185,1.7458397264806484,0.010582010582010581
activation_rate,hardlabel,0.07,360,0.2084284670380782,0.04258712587953757,0.5332757259369509,0.9944444444444445,0.37697941223882026,1.7036294862917505,0.010582010582010581
activation_rate,hardlabel,0.08,360,0.2094424663567626,0.04336403242852006,0.5352807312398856,0.9944444444444445,0.37476266986772094,1.6939552579834123,0.010582010582010581
activation_rate,hardlabel,0.09000000000000001,360,0.2108200670040755,0.04502536050106974,0.5352807312398856,0.9944444444444445,0.37417980402732093,1.6925774574500791,0.010582010582010581
activation_rate,hardlabel,0.1,360,0.21082006645535473,0.04502535992491296,0.5352807306637287,0.9944444444444445,0.37215397010625934,1.69037458345564,0.010582010582010581
activation_rate,hardlabel,0.15,360,0.2434155043257106,0.07189613562025479,0.5711198920332071,0.9861111111111112,0.36104893419238177,1.600771340116747,0.026455026455026454
activation_rate,hardlabel,0.19999999999999998,360,0.259201049453337,0.08501502987056564,0.5881768379717607,0.9805555555555555,0.3480102603803603,1.5610642717889682,0.031746031746031744
activation_rate,hardlabel,0.25,360,0.27891149388797315,0.10198725205662779,0.60433280497967,0.9777777777777777,0.3361643550474956,1.484816861541751,0.037037037037037035
activation_rate,hardlabel,0.3,360,0.2946260002990541,0.11915779558552045,0.6234991506885854,0.9722222222222222,0.3303659869101443,1.4689891354667552,0.047619047619047616
activation_rate,hardlabel,0.35,360,0.33109241522076815,0.14791309335638414,0.6661584407773035,0.9611111111111111,0.3150963013605727,1.4260041846639675,0.06878306878306878
activation_rate,hardlabel,0.39999999999999997,360,0.3650387405870267,0.18182765169388396,0.6993661010287777,0.95,0.3007933806709407,1.3781204249834142,0.08994708994708994
activation_rate,hardlabel,0.44999999999999996,360,0.3964061111600403,0.2155292360605881,0.731498232136812,0.9333333333333333,0.28810038621466966,1.3451692588778619,0.12169312169312169
activation_rate,hardlabel,0.5,360,0.4786609284631808,0.2733660495841739,0.8229473609333491,0.9111111111111111,0.26862567419193295,1.3051820000444827,0.164021164021164
activation_rate,hardlabel,0.5499999999999999,360,0.5209866385062202,0.3110273524072819,0.8763435558248471,0.8944444444444445,0.25339898978570885,1.2796216994167178,0.19576719576719576
activation_rate,hardlabel,0.6,360,0.6044786922995016,0.39169564180176175,0.9886521728475895,0.8638888888888889,0.23235859043768833,1.194003219744516,0.24867724867724866
activation_rate,hardlabel,0.6499999999999999,360,0.6966484751192201,0.4611267008358461,1.0832643044583339,0.85,0.21872033300213403,1.153260924369513,0.2751322751322751
activation_rate,hardlabel,0.7,360,0.8041253792048155,0.572323215078778,1.2094951130946585,0.8138888888888889,0.2023770145917055,1.1192819756972818,0.3439153439153439
activation_rate,hardlabel,0.75,360,0.9011427144935364,0.657431901441973,1.2903343111790349,0.775,0.18420379391523253,1.0347552910945321,0.41798941798941797
activation_rate,hardlabel,0.7999999999999999,360,1.0433886858352872,0.772376920270183,1.4232228100102975,0.7277777777777777,0.15801820025222812,0.9582994668167581,0.5079365079365079
activation_rate,hardlabel,0.85,360,1.2316296938245834,0.9594814252340855,1.6147494335501462,0.6611111111111111,0.12823678627620635,0.813581302172295,0.6243386243386243
activation_rate,hardlabel,0.8999999999999999,360,1.3834390186806729,1.0956448426988512,1.7520140123762962,0.6111111111111112,0.10552634589721586,0.7429299981556343,0.7195767195767195
activation_rate,hardlabel,0.95,360,1.6441801346011542,1.3423065792696247,2.087570873804836,0.5083333333333333,0.08104493895248766,0.5257453594222776,0.8888888888888888
activation_rate,voc_seq,0.0,360,0.0003552260263302204,0.00012330965928173911,0.0006907178622369233,1.0,1.6854598194860249,8.873536704286067,0.0
activation_rate,voc_seq,1e-08,360,0.0003876809992113374,0.00014766168337227616,0.0007155916762315351,1.0,1.6432147114021989,8.357589846958328,0.0
activation_rate,voc_seq,1.333521432163324e-08,360,0.0004256732460979713,0.0001623251942536656,0.0007556852769511588,1.0,1.6208176624794628,8.071901889836095,0.0
activation_rate,voc_seq,1.7782794100389228e-08,360,0.0004525253833920862,0.0002089282682271403,0.0007931301932746002,1.0,1.60422861368401,7.758701671916646,0.0
activation_rate,voc_seq,2.371373705661655e-08,360,0.0005194178233295506,0.0002469420242437865,0.0008364883575513272,1.0,1.5654586182949093,7.305665549044423,0.0
activation_rate,voc_seq,3.162277660168379e-08,360,0.0005426015009894808,0.0002691438765048318,0.0008628574553234469,1.0,1.502621212468676,6.34255738723054,0.0
activation_rate,voc_seq,4.2169650342858225e-08,360,0.0008795365463418978,0.000442476381809643,0.0014417378314616818,1.0,1.4741469121633786,5.937596616538869,0.0
activation_rate,voc_seq,5.6234132519034905e-08,360,0.002098894990258767,0.0006895181592739512,0.004392539696760599,1.0,1.431462042484757,5.454591331933312,0.0
activation_rate,voc_seq,7.498942093324559e-08,360,0.002568191972843562,0.0010115257515074549,0.005025430766861794,1.0,1.3574753188209174,4.840037432058277,0.0
activation_rate,voc_seq,1e-07,360,0.0025653802148834027,0.0010086951399928977,0.0050181375826446415,1.0,1.2564831277693311,4.415484704638796,0.0
activation_rate,voc_seq,1.333521432163324e-07,360,0.003261467254704933,0.0015452006901188644,0.005723775756080465,1.0,1.1875233477058162,3.908472799341578,0.0
activation_rate,voc_seq,1.7782794100389227e-07,360,0.0032832750732618857,0.0015668942177236172,0.005755885667514843,1.0,1.0692923667156293,3.517388439924889,0.0
activation_rate,voc_seq,2.3713737056616554e-07,360,0.004162319334177872,0.001844237080614345,0.0070943688874288,1.0,0.9978099921478637,3.1829516168526726,0.0
activation_rate,voc_seq,3.162277660168379e-07,360,0.0053001852999222205,0.0020789252443077625,0.008906493514925961,1.0,0.9422492209609602,2.903228484366607,0.0
activation_rate,voc_seq,4.2169650342858225e-07,360,0.005300200506329117,0.002078935521920001,0.008906436859575347,1.0,0.8503170279121354,2.7046797961971807,0.0
activation_rate,voc_seq,5.62341325190349e-07,360,0.011340762869907012,0.003745529075993451,0.022534239137791855,0.9972222222222222,0.7629519893221557,2.4672875246249126,0.0
activation_rate,voc_seq,7.498942093324558e-07,360,0.015755164542022353,0.00494053453863038,0.02826499378131617,0.9944444444444445,0.6752340373121306,2.2968295626027104,0.0
activation_rate,voc_seq,1e-06,360,0.03495403385213821,0.011741638612015447,0.05951616617969976,0.9861111111111112,0.614901610732817,2.0373255212499823,0.0
activation_rate,voc_seq,1.333521432163324e-06,360,0.05677146369785256,0.02684723792586188,0.08643605661602534,0.975,0.5430426217960216,1.7770437810805764,0.0
activation_rate,voc_seq,1.7782794100389227e-06,360,0.06556200190038793,0.03277771894287159,0.10125487468302655,0.9694444444444444,0.4734904349699921,1.5937682375361166,0.0
activation_rate,voc_seq,2.3713737056616552e-06,360,0.06936793340260683,0.03585293644253448,0.10484141924102724,0.9694444444444444,0.4529291897486249,1.5181731400861382,0.0
activation_rate,voc_seq,3.162277660168379e-06,360,0.09602046695652224,0.04730395714035107,0.1432173523547382,0.9638888888888889,0.4045775937813698,1.327364770202813,0.0
activation_rate,voc_seq,4.216965034285822e-06,360,0.09948225834664509,0.05017482493753805,0.14809671710114683,0.9638888888888889,0.38606750118966193,1.2791418268195027,0.0
activation_rate,voc_seq,5.623413251903491e-06,360,0.1144103197900816,0.0668205757844666,0.16255974565094652,0.9611111111111111,0.37520472392841797,1.2038642351389777,0.005291005291005291
activation_rate,voc_seq,7.498942093324558e-06,360,0.13751892283249847,0.08460679044174818,0.18671183001358002,0.9527777777777777,0.36126521394876804,1.0965460110445444,0.021164021164021163
activation_rate,voc_seq,9.999999999999999e-06,360,0.19204958962416682,0.13283288859246523,0.24913121227748736,0.9305555555555556,0.34816002164640386,0.9565332627778844,0.06349206349206349
activation_rate,voc_seq,1.333521432163324e-05,360,0.2551661761984319,0.18150914993117517,0.3150527734959134,0.9,0.32589803820166474,0.853913134844576,0.12169312169312169
activation_rate,voc_seq,1.778279410038923e-05,360,0.34293984195027477,0.2586985251998523,0.4125391669872873,0.8583333333333333,0.28680554515912265,0.7341189687473666,0.20105820105820105
activation_rate,voc_seq,2.3713737056616554e-05,360,0.4179488584141303,0.3207213470360931,0.5044542066212702,0.8333333333333334,0.25772593383788855,0.6682793289056765,0.24867724867724866
activation_rate,voc_seq,3.1622776601683795e-05,360,0.5437392548096144,0.4416289377760959,0.6407565416932046,0.7972222222222223,0.21399901268791438,0.5885049714389828,0.32275132275132273
activation_rate,voc_seq,4.216965034285822e-05,360,0.928362300723333,0.6633929300657445,1.3344647938673946,0.7305555555555555,0.1639929107390923,0.5104060533361917,0.4497354497354497
activation_rate,voc_seq,5.623413251903491e-05,360,1.153598459441381,0.8290419867785098,1.5625364464141736,0.6972222222222222,0.1438953452307578,0.46726698214452983,0.5238095238095238
activation_rate,voc_seq,7.498942093324559e-05,360,1.5187997439696062,1.1473829152856088,1.9236631954873322,0.6527777777777778,0.11594657026336908,0.3409307307056729,0.6507936507936508
activation_rate,voc_seq,0.0001,360,1.6112049654503007,1.23742358649558,2.017326625654171,0.6416666666666667,0.10862253033844026,0.30988950371676965,0.6825396825396826
activation_rate,voc_seq,0.0001333521432163324,360,1.6838776171089567,1.3237102052308325,2.089823180602455,0.6361111111111111,0.1034048998792814,0.2966195088612241,0.6931216931216931
activation_rate,voc_seq,0.00017782794100389227,360,1.7693060207902631,1.4068968992152748,2.1720778922896833,0.6,0.08931159493221674,0.2767100571167652,0.7619047619047619
activation_rate,voc_seq,0.0002371373705661655,360,1.8617747433730674,1.5124676216683586,2.2608320048631967,0.5444444444444444,0.0792361021630398,0.2659604124556204,0.8677248677248677
activation_rate,voc_seq,0.00031622776601683794,360,1.9396899057300534,1.5878413220477023,2.3310894433728224,0.5194444444444445,0.07180180651243158,0.2585992565528411,0.9153439153439153
activation_rate,voc_seq,0.00042169650342858224,360,1.9981563321568119,1.6505070241587385,2.4067964564669495,0.49444444444444446,0.06826171915300645,0.2518535714972839,0.9629629629629629
activation_rate,voc_seq,0.0005623413251903491,360,2.03098699911521,1.6831839356158371,2.4331869590617723,0.48055555555555557,0.0662165989535559,0.2499220951556203,0.9894179894179894
activation_rate,voc_seq,0.0007498942093324559,360,2.0385147278546136,1.6894105365080159,2.4403383013642057,0.4777777777777778,0.06588751917349574,0.2495367240334013,0.9947089947089947
activation_rate,voc_seq,0.001,360,2.0385147278546136,1.6894105365080159,2.4403383013642057,0.4777777777777778,0.06588751917349574,0.2495367240334013,0.9947089947089947
activation_rate,voc_seq,0.001333521432163324,360,2.0385147278546136,1.6894105365080159,2.4403383013642057,0.4777777777777778,0.06588751917349574,0.2495367240334013,0.9947089947089947
activation_rate,voc_seq,0.0017782794100389228,360,2.044486950076836,1.6944735832463298,2.4452549680308726,0.475,0.06424831137972986,0.24358036563340243,1.0
activation_rate,voc_seq,0.0023713737056616554,360,2.044486950076836,1.6944735832463298,2.4452549680308726,0.475,0.06424831137972986,0.24358036563340243,1.0
activation_rate,voc_seq,0.0031622776601683794,360,2.044486950076836,1.6944735832463298,2.4452549680308726,0.475,0.06424831137972986,0.24358036563340243,1.0
activation_rate,voc_seq,0.004216965034285822,360,2.044486950076836,1.6944735832463298,2.4452549680308726,0.475,0.06424831137972986,0.24358036563340243,1.0
activation_rate,voc_seq,0.005623413251903491,360,2.044486950076836,1.6944735832463298,2.4452549680308726,0.475,0.06424831137972986,0.24358036563340243,1.0
activation_rate,voc_seq,0.007498942093324558,360,2.044486950076836,1.6944735832463298,2.4452549680308726,0.475,0.06424831137972986,0.24358036563340243,1.0
activation_rate,voc_seq,0.01,360,2.044486950076836,1.6944735832463298,2.4452549680308726,0.475,0.06424831137972986,0.24358036563340243,1.0
activation_rate,hybrid_seq,0.0,360,0.603910296910282,0.4724657254167242,0.7421743693982064,0.7916666666666666,0.7099615226960917,2.6111544393970485,0.08994708994708994
activation_rate,hybrid_seq,1e-08,360,0.603910246568677,0.4724656947500951,0.7421743838702003,0.7916666666666666,0.6953036777422038,2.5287050662054047,0.12169312169312169
activation_rate,hybrid_seq,1.333521432163324e-08,360,0.6039102443197647,0.4724656947547617,0.742174382689077,0.7916666666666666,0.6891930379759827,2.510136474655408,0.12169312169312169
activation_rate,hybrid_seq,1.7782794100389228e-08,360,0.6039127755379223,0.4724694289995369,0.7421793281143887,0.7916666666666666,0.6825750786248643,2.441527117933199,0.12169312169312169
activation_rate,hybrid_seq,2.371373705661655e-08,360,0.6039129156566413,0.47246949677623273,0.7421794597499611,0.7916666666666666,0.6762609285680355,2.394973719083191,0.12169312169312169
activation_rate,hybrid_seq,3.162277660168379e-08,360,0.6039129143123715,0.4724694947262214,0.7421794576999499,0.7916666666666666,0.6740144597547963,2.373005929433182,0.12698412698412698
activation_rate,hybrid_seq,4.2169650342858225e-08,360,0.6039129124337776,0.47246949078117434,0.7421794568076178,0.7916666666666666,0.6719632826449086,2.3443551101331854,0.12698412698412698
activation_rate,hybrid_seq,5.6234132519034905e-08,360,0.6039137964018341,0.47247121379096324,0.7421812676305175,0.7916666666666666,0.6589111168329307,2.2842474978331766,0.13227513227513227
activation_rate,hybrid_seq,7.498942093324559e-08,360,0.6039102096480826,0.472466898799155,0.7421713721568098,0.7916666666666666,0.6284890792531203,2.165410167913736,0.13756613756613756
activation_rate,hybrid_seq,1e-07,360,0.6039102706404091,0.47246749098187263,0.7421703441427555,0.7916666666666666,0.6080218313331968,2.0480874421109245,0.13756613756613756
activation_rate,hybrid_seq,1.333521432163324e-07,360,0.6039418620027764,0.4725654181257242,0.7422019274785543,0.7916666666666666,0.5882953579378224,1.9377801552998284,0.14814814814814814
activation_rate,hybrid_seq,1.7782794100389227e-07,360,0.6039442076859847,0.47256878899495947,0.742207683368959,0.7916666666666666,0.5503308620152273,1.7993700123526246,0.15343915343915343
activation_rate,hybrid_seq,2.3713737056616554e-07,360,0.6039450676558442,0.47256933065071965,0.7422091195605648,0.7916666666666666,0.5367661308541308,1.7369281779776329,0.164021164021164
activation_rate,hybrid_seq,3.162277660168379e-07,360,0.6039451062107427,0.4725694040508466,0.7422093067771511,0.7916666666666666,0.5150309276924403,1.5669979070249207,0.19047619047619047
activation_rate,hybrid_seq,4.2169650342858225e-07,360,0.60394504153252,0.4725693368174417,0.7422092021317048,0.7916666666666666,0.46078650057705584,1.4982728625415904,0.20105820105820105
activation_rate,hybrid_seq,5.62341325190349e-07,360,0.6039450731586571,0.4725693694362018,0.7422092155734704,0.7916666666666666,0.4309356781074374,1.4571493094110135,0.2275132275132275
activation_rate,hybrid_seq,7.498942093324558e-07,360,0.6039450370816345,0.47256929263493147,0.7422092370680549,0.7916666666666666,0.3848766769657842,1.3982649498915634,0.24338624338624337
activation_rate,hybrid_seq,1e-06,360,0.6039458761273568,0.47256975567044135,0.7422100565759805,0.7916666666666666,0.36353366588068875,1.3535556192749127,0.24867724867724866
activation_rate,hybrid_seq,1.333521432163324e-06,360,0.6039433369026342,0.4725620654706441,0.7422074116896056,0.7916666666666666,0.32645247777975567,1.3038348900665975,0.25925925925925924
activation_rate,hybrid_seq,1.7782794100389227e-06,360,0.6043375624308107,0.47318273407130823,0.7427692577791182,0.7916666666666666,0.2941335748908051,1.2461195456666245,0.2698412698412698
activation_rate,hybrid_seq,2.3713737056616552e-06,360,0.6081434758859567,0.4767371833525176,0.7480203237632591,0.7916666666666666,0.28493483752345544,1.1890158783416558,0.2857142857142857
activation_rate,hybrid_seq,3.162277660168379e-06,360,0.6105774415912674,0.4785616968646508,0.7493602327034483,0.7916666666666666,0.2679168453512083,1.1285151267194125,0.30158730158730157
activation_rate,hybrid_seq,4.216965034285822e-06,360,0.6140392648659989,0.48118304977756904,0.7509689595028438,0.7916666666666666,0.2625697701502192,1.096916120494441,0.31216931216931215
activation_rate,hybrid_seq,5.623413251903491e-06,360,0.6289674292596165,0.4922509264955511,0.7701294285148748,0.7888888888888889,0.2528274390568146,1.023093402438917,0.31746031746031744
activation_rate,hybrid_seq,7.498942093324558e-06,360,0.6513123014403269,0.515205650610831,0.7913751380702034,0.7805555555555556,0.24171162423656858,0.9344576636972508,0.3492063492063492
activation_rate,hybrid_seq,9.999999999999999e-06,360,0.7058429695610593,0.5577792513017197,0.8461340647850292,0.7583333333333333,0.23120328914995497,0.797630020777817,0.3915343915343915
activation_rate,hybrid_seq,1.333521432163324e-05,360,0.7555666977410753,0.6110426246497903,0.9030738624915529,0.7305555555555555,0.21895896447331142,0.7117067476861646,0.4444444444444444
activation_rate,hybrid_seq,1.778279410038923e-05,360,0.8306564589953751,0.6806063908409593,0.9785939321102594,0.6944444444444444,0.19297264045448925,0.6127298246583854,0.5132275132275133
activation_rate,hybrid_seq,2.3713737056616554e-05,360,0.8769343391733682,0.7338740326093101,1.0337540958760063,0.6833333333333333,0.18025520092824365,0.5678789464833749,0.5343915343915344
activation_rate,hybrid_seq,3.1622776601683795e-05,360,0.9458330301332046,0.8072425105778188,1.113637966758438,0.6638888888888889,0.15580056717011476,0.5119535278166748,0.5767195767195767
activation_rate,hybrid_seq,4.216965034285822e-05,360,1.197784658903923,0.9027280051784047,1.5890043506812412,0.6305555555555555,0.1292357493198266,0.46543174480556343,0.6455026455026455
activation_rate,hybrid_seq,5.623413251903491e-05,360,1.346883636989183,1.0219380908972815,1.7536731168061008,0.6083333333333333,0.1162972596344152,0.4329851063639075,0.6931216931216931
activation_rate,hybrid_seq,7.498942093324559e-05,360,1.6706740286359794,1.2895941947552816,2.0669379832498875,0.5722222222222222,0.0928571312810806,0.3120342930028225,0.8042328042328042
activation_rate,hybrid_seq,0.0001,360,1.7498698646762938,1.3813134155418816,2.16287578212845,0.5666666666666667,0.0888302464949615,0.2869387861833679,0.8253968253968254
activation_rate,hybrid_seq,0.0001333521432163324,360,1.8158758496682827,1.4533400997291446,2.216645245174452,0.5611111111111111,0.08487935156936313,0.2751098483528343,0.8359788359788359
activation_rate,hybrid_seq,0.00017782794100389227,360,1.8413290864243907,1.4844419421266566,2.2440413207120122,0.5527777777777778,0.08104917256972838,0.26806831093895706,0.8518518518518519
activation_rate,hybrid_seq,0.0002371373705661655,360,1.8617747433730674,1.5124676216683586,2.2608320048631967,0.5444444444444444,0.0792361021630398,0.2659604124556204,0.8677248677248677
activation_rate,hybrid_seq,0.00031622776601683794,360,1.9396899057300534,1.5878413220477023,2.3310894433728224,0.5194444444444445,0.07180180651243158,0.2585992565528411,0.9153439153439153
activation_rate,hybrid_seq,0.00042169650342858224,360,1.9981563321568119,1.6505070241587385,2.4067964564669495,0.49444444444444446,0.06826171915300645,0.2518535714972839,0.9629629629629629
activation_rate,hybrid_seq,0.0005623413251903491,360,2.03098699911521,1.6831839356158371,2.4331869590617723,0.48055555555555557,0.0662165989535559,0.2499220951556203,0.9894179894179894
activation_rate,hybrid_seq,0.0007498942093324559,360,2.0385147278546136,1.6894105365080159,2.4403383013642057,0.4777777777777778,0.06588751917349574,0.2495367240334013,0.9947089947089947
activation_rate,hybrid_seq,0.001,360,2.0385147278546136,1.6894105365080159,2.4403383013642057,0.4777777777777778,0.06588751917349574,0.2495367240334013,0.9947089947089947
activation_rate,hybrid_seq,0.001333521432163324,360,2.0385147278546136,1.6894105365080159,2.4403383013642057,0.4777777777777778,0.06588751917349574,0.2495367240334013,0.9947089947089947
activation_rate,hybrid_seq,0.0017782794100389228,360,2.044486950076836,1.6944735832463298,2.4452549680308726,0.475,0.06424831137972986,0.24358036563340243,1.0
activation_rate,hybrid_seq,0.0023713737056616554,360,2.044486950076836,1.6944735832463298,2.4452549680308726,0.475,0.06424831137972986,0.24358036563340243,1.0
activation_rate,hybrid_seq,0.0031622776601683794,360,2.044486950076836,1.6944735832463298,2.4452549680308726,0.475,0.06424831137972986,0.24358036563340243,1.0
activation_rate,hybrid_seq,0.004216965034285822,360,2.044486950076836,1.6944735832463298,2.4452549680308726,0.475,0.06424831137972986,0.24358036563340243,1.0
activation_rate,hybrid_seq,0.005623413251903491,360,2.044486950076836,1.6944735832463298,2.4452549680308726,0.475,0.06424831137972986,0.24358036563340243,1.0
activation_rate,hybrid_seq,0.007498942093324558,360,2.044486950076836,1.6944735832463298,2.4452549680308726,0.475,0.06424831137972986,0.24358036563340243,1.0
activation_rate,hybrid_seq,0.01,360,2.044486950076836,1.6944735832463298,2.4452549680308726,0.475,0.06424831137972986,0.24358036563340243,1.0
activation_rate,oracle,0.0,360,0.2050166771967173,0.17477679350035705,0.24054543478473403,1.0,0.24381578259443776,1.1836051414722533,0.0
activation_rate,oracle_voc,0.0,360,0.059079593421844656,0.017990124793152807,0.1060250210218723,0.9777777777777777,0.5028238726364884,2.190130774361094,0.0
activation_rate,oracle_voc,1e-08,360,0.05913820043556866,0.01803198682992994,0.10610821381835638,0.9777777777777777,0.34521650972745205,1.7296044706027514,0.0
activation_rate,oracle_voc,1.333521432163324e-08,360,0.059174627201532264,0.018032019104795682,0.10612556248284541,0.9777777777777777,0.3431787524630875,1.70191135914166,0.0
activation_rate,oracle_voc,1.7782794100389228e-08,360,0.05921590258334163,0.018051821390168074,0.1061468558041889,0.9777777777777777,0.3414455976380791,1.674180637794426,0.0
activation_rate,oracle_voc,2.371373705661655e-08,360,0.062171878105903806,0.0206705622003814,0.10961168297802115,0.975,0.3346936641458495,1.5564553156805434,0.0
activation_rate,oracle_voc,3.162277660168379e-08,360,0.06700290587580747,0.02572337788785437,0.11176201164172474,0.9722222222222222,0.3330739706856788,1.5298727569055397,0.0
activation_rate,oracle_voc,4.2169650342858225e-08,360,0.0681406712181063,0.026861143230153196,0.11360823202255714,0.9722222222222222,0.3314357617552876,1.5025269351916601,0.0
activation_rate,oracle_voc,5.6234132519034905e-08,360,0.06815750692298514,0.02689083508142096,0.11362371107349221,0.9722222222222222,0.32856941289171526,1.4905614474083348,0.0
activation_rate,oracle_voc,7.498942093324559e-08,360,0.08672501940617455,0.03808448420398917,0.13234826942269987,0.9638888888888889,0.32207487848600963,1.3486687295666746,0.0
activation_rate,oracle_voc,1e-07,360,0.08702528676801843,0.03812612733986248,0.13278368756544567,0.9638888888888889,0.3187880390933495,1.3068854247416715,0.0
activation_rate,oracle_voc,1.333521432163324e-07,360,0.08785862010135156,0.03869557178430672,0.13358065733811006,0.9638888888888889,0.3122670732369576,1.17763089330278,0.0
activation_rate,oracle_voc,1.7782794100389227e-07,360,0.08785862010135156,0.03869557178430672,0.13358065733811006,0.9638888888888889,0.3122670732369576,1.17763089330278,0.0
activation_rate,oracle_voc,2.3713737056616554e-07,360,0.08876126319509473,0.04028905241623747,0.1347453825005128,0.9638888888888889,0.30898991534891046,1.136359495494455,0.0
activation_rate,oracle_voc,3.162277660168379e-07,360,0.08876126319509473,0.04028905241623747,0.1347453825005128,0.9638888888888889,0.30898991534891046,1.136359495494455,0.0
activation_rate,oracle_voc,4.2169650342858225e-07,360,0.08876126319509473,0.04028905241623747,0.1347453825005128,0.9638888888888889,0.30898991534891046,1.136359495494455,0.0
activation_rate,oracle_voc,5.62341325190349e-07,360,0.08973348541731693,0.040869037290938215,0.13714632939451477,0.9638888888888889,0.3073350790816381,1.098997153605564,0.0
activation_rate,oracle_voc,7.498942093324558e-07,360,0.08991054525536119,0.04095314071400924,0.13731453624065681,0.9638888888888889,0.3070593261590297,1.093607356600003,0.0
activation_rate,oracle_voc,1e-06,360,0.0901342626044006,0.04142294714699199,0.1374319878489025,0.9638888888888889,0.3067878299191786,1.0880344950500027,0.0
activation_rate,oracle_voc,1.333521432163324e-06,360,0.09052833476600088,0.04181701930859227,0.1378260600105028,0.9638888888888889,0.3065234332961789,1.0815133516916628,0.0
activation_rate,oracle_voc,1.7782794100389227e-06,360,0.09132816239589078,0.04271304413043623,0.13882872243125705,0.9638888888888889,0.30458121506156927,1.0620683309277714,0.0
activation_rate,oracle_voc,2.3713737056616552e-06,360,0.09423744940352742,0.04464743822186708,0.14217887020188452,0.9638888888888889,0.3033653063015914,1.03669817346666,0.0
activation_rate,oracle_voc,3.162277660168379e-06,360,0.09723411586749009,0.04806085250716412,0.14484584516119053,0.9638888888888889,0.2995395421042246,1.0179135251777653,0.0
activation_rate,oracle_voc,4.216965034285822e-06,360,0.10626304713617687,0.05645320926210855,0.1534361280225183,0.9638888888888889,0.29045038406312995,0.973912897894469,0.0
activation_rate,oracle_voc,5.623413251903491e-06,360,0.12240878182136095,0.07165461052039017,0.17029449488630244,0.9638888888888889,0.283270105488682,0.9141203486972194,0.0
activation_rate,oracle_voc,7.498942093324558e-06,360,0.1393656729513868,0.08742393417958848,0.19263134318220546,0.9638888888888889,0.274522582295136,0.8699034904333631,0.0
activation_rate,oracle_voc,9.999999999999999e-06,360,0.1693346641186023,0.11449914608512596,0.22104088218958567,0.9555555555555556,0.26273558181931983,0.8076901846167149,0.015873015873015872
activation_rate,oracle_voc,1.333521432163324e-05,360,0.2238768556132617,0.1668447043804001,0.27859694132600354,0.9222222222222223,0.24813150981837345,0.7270902359417253,0.07936507936507936
activation_rate,oracle_voc,1.778279410038923e-05,360,0.3141381471878174,0.2479186394298438,0.373033528437663,0.8805555555555555,0.22766032006884013,0.6232243678139741,0.15873015873015872
activation_rate,oracle_voc,2.3713737056616554e-05,360,0.397640244433733,0.3186124723451957,0.4606351361858456,0.8416666666666667,0.20281589689550658,0.5537770919834455,0.2328042328042328
activation_rate,oracle_voc,3.1622776601683795e-05,360,0.4293952631899365,0.34894581093859856,0.5002450076329634,0.825,0.19530474113799864,0.5330388304556638,0.26455026455026454
activation_rate,oracle_voc,4.216965034285822e-05,360,0.5619695652134412,0.4529031133448552,0.6522712499259755,0.7777777777777778,0.16689078443407118,0.4751079237584337,0.36507936507936506
activation_rate,oracle_voc,5.623413251903491e-05,360,0.7525211051211207,0.6091944721694652,0.8889178178676699,0.7333333333333333,0.1434646505203855,0.4075429561834224,0.4708994708994709
activation_rate,oracle_voc,7.498942093324559e-05,360,0.9819340873189276,0.7957173902514404,1.1581886601373403,0.6972222222222222,0.12428924512539755,0.3490282813556506,0.5608465608465608
activation_rate,oracle_voc,0.0001,360,1.2083004882241952,0.9983136762302792,1.383434856487012,0.6666666666666666,0.10814487367213661,0.3026552204945296,0.6349206349206349
activation_rate,oracle_voc,0.0001333521432163324,360,1.3379231707584003,1.1062876365427912,1.5399085650976343,0.6527777777777778,0.09694949992353334,0.2842306065361703,0.6613756613756614
activation_rate,oracle_voc,0.00017782794100389227,360,1.4650780477995307,1.1991866744863227,1.6628675659320962,0.625,0.08699832074777039,0.2715515031639471,0.7142857142857143
activation_rate,oracle_voc,0.0002371373705661655,360,1.6347075977137675,1.3833905596910605,1.8528977479609732,0.5611111111111111,0.07567348416654646,0.25784409132787306,0.8359788359788359
activation_rate,oracle_voc,0.00031622776601683794,360,1.7724257103908523,1.4992183829300316,2.025439899876835,0.525,0.07049420705110944,0.24968477640563327,0.9047619047619048
activation_rate,oracle_voc,0.00042169650342858224,360,1.8279900094186807,1.552281894633322,2.0865975462897017,0.5027777777777778,0.06788944012651575,0.24724107455841576,0.9470899470899471
activation_rate,oracle_voc,0.0005623413251903491,360,1.8814915006523203,1.6157249975923138,2.1468945248386677,0.48055555555555557,0.06589284143796606,0.24517288383897015,0.9894179894179894
activation_rate,oracle_voc,0.0007498942093324559,360,1.8814915006523203,1.6157249975923138,2.1468945248386677,0.48055555555555557,0.06589284143796606,0.24517288383897015,0.9894179894179894
activation_rate,oracle_voc,0.001,360,1.8890192293917238,1.619677055180501,2.1538226295510574,0.4777777777777778,0.06570718939937284,0.2448952845750783,0.9947089947089947
activation_rate,oracle_voc,0.001333521432163324,360,1.8890192293917238,1.619677055180501,2.1538226295510574,0.4777777777777778,0.06570718939937284,0.2448952845750783,0.9947089947089947
activation_rate,oracle_voc,0.0017782794100389228,360,1.8890192293917238,1.619677055180501,2.1538226295510574,0.4777777777777778,0.06570718939937284,0.2448952845750783,0.9947089947089947
activation_rate,oracle_voc,0.0023713737056616554,360,2.044486950076836,1.6944735832463298,2.4452549680308726,0.475,0.06424831137972986,0.24358036563340243,1.0
activation_rate,oracle_voc,0.0031622776601683794,360,2.044486950076836,1.6944735832463298,2.4452549680308726,0.475,0.06424831137972986,0.24358036563340243,1.0
activation_rate,oracle_voc,0.004216965034285822,360,2.044486950076836,1.6944735832463298,2.4452549680308726,0.475,0.06424831137972986,0.24358036563340243,1.0
activation_rate,oracle_voc,0.005623413251903491,360,2.044486950076836,1.6944735832463298,2.4452549680308726,0.475,0.06424831137972986,0.24358036563340243,1.0
activation_rate,oracle_voc,0.007498942093324558,360,2.044486950076836,1.6944735832463298,2.4452549680308726,0.475,0.06424831137972986,0.24358036563340243,1.0
activation_rate,oracle_voc,0.01,360,2.044486950076836,1.6944735832463298,2.4452549680308726,0.475,0.06424831137972986,0.24358036563340243,1.0
id,abl_baseonly_voc,0.0,720,0.0038907096832785856,0.001409542908398749,0.007133843732383224,1.0,0.765114233539726,4.726385496227708,0.0
id,abl_baseonly_hybrid,0.0,720,0.5868346160111988,0.4805131327790926,0.7060944507219474,0.7888888888888889,0.35664117939462614,1.6465517781805374,0.10473815461346633
id,abl_baseonly_voc,1e-08,720,0.003909367551683416,0.0014235902723574985,0.00714792244990174,1.0,0.7456899700857506,4.410108348812431,0.0
id,abl_baseonly_hybrid,1e-08,720,0.5868346161984414,0.4805131332390739,0.7060944508229047,0.7888888888888889,0.3563513006332384,1.6441432744249798,0.10723192019950124
id,abl_baseonly_voc,1.333521432163324e-08,720,0.003952763112703397,0.001445704566623404,0.007189293244361816,1.0,0.7408953235595299,4.318358526047162,0.0
id,abl_baseonly_hybrid,1.333521432163324e-08,720,0.5868346184968807,0.4805131356524351,0.7060944542131027,0.7888888888888889,0.35624303417626335,1.6440723815347005,0.10723192019950124
id,abl_baseonly_voc,1.7782794100389228e-08,720,0.0050667837464281615,0.0017204114592811368,0.009035745429090046,1.0,0.7311155905551502,4.17089016795549,0.0
id,abl_baseonly_hybrid,1.7782794100389228e-08,720,0.586834620022465,0.4805131356096936,0.7060944548587508,0.7888888888888889,0.3560263511752143,1.6435982275708132,0.10972568578553615
id,abl_baseonly_voc,2.371373705661655e-08,720,0.0055356167016856975,0.002070662403624006,0.009524822087497753,1.0,0.7238974535819181,4.036810412879105,0.0
id,abl_baseonly_hybrid,2.371373705661655e-08,720,0.5868352962887579,0.4805137414756272,0.7060950765249008,0.7888888888888889,0.35542182919566434,1.6387132474194155,0.10972568578553615
id,abl_baseonly_voc,3.162277660168379e-08,720,0.009388707320203273,0.0041922128467523365,0.016490325068453243,0.9972222222222222,0.7068278296681756,3.7441514668068723,0.0
id,abl_baseonly_hybrid,3.162277660168379e-08,720,0.5868352962887579,0.4805137414756272,0.7060950765249008,0.7888888888888889,0.3552932546743827,1.6377425955846876,0.10972568578553615
id,abl_baseonly_voc,4.2169650342858225e-08,720,0.009429542237039835,0.004290925113309519,0.016551146908759362,0.9972222222222222,0.6953950096599437,3.554160836958262,0.0
id,abl_baseonly_hybrid,4.2169650342858225e-08,720,0.5868339969300851,0.48051248982005745,0.7060928707624361,0.7888888888888889,0.35450215584984984,1.6328674462944137,0.10972568578553615
id,abl_baseonly_voc,5.6234132519034905e-08,720,0.0368752016070687,0.01917348128929481,0.0605661145407166,0.9875,0.6732802280999018,3.2190594561721455,0.0
id,abl_baseonly_hybrid,5.6234132519034905e-08,720,0.586831984829262,0.48051057656696705,0.7060918853537353,0.7888888888888889,0.35331023777489867,1.6276517966805335,0.10972568578553615
id,abl_baseonly_voc,7.498942093324559e-08,720,0.06471612707191625,0.0379821193223545,0.10195798431232349,0.9791666666666666,0.6467744187276215,2.8180570386902017,0.0
id,abl_baseonly_hybrid,7.498942093324559e-08,720,0.5868299921786592,0.4805081718524823,0.706089706264166,0.7888888888888889,0.3514287954548019,1.6189569478277412,0.10972568578553615
id,abl_baseonly_voc,1e-07,720,0.07285858388397232,0.04300369248654941,0.11142330130072169,0.975,0.6291099792222277,2.564267475438828,0.0
id,abl_baseonly_hybrid,1e-07,720,0.5868297964174194,0.48050818730447625,0.706089857037736,0.7888888888888889,0.35077390808366954,1.6112182997652529,0.10972568578553615
id,abl_baseonly_voc,1.333521432163324e-07,720,0.0903758726889044,0.05591189294506382,0.14398352240111495,0.9708333333333333,0.6152021763144151,2.403634645995766,0.0
id,abl_baseonly_hybrid,1.333521432163324e-07,720,0.586832014849062,0.4805110467547052,0.7060904709573321,0.7888888888888889,0.34912266608885606,1.5983595217610855,0.11221945137157108
id,abl_baseonly_voc,1.7782794100389227e-07,720,0.10590705381611379,0.05935515555311513,0.16758850390026994,0.9694444444444444,0.594911516681855,2.2136054979832855,0.0
id,abl_baseonly_hybrid,1.7782794100389227e-07,720,0.5868323415663295,0.4805112283907675,0.7060915184793078,0.7888888888888889,0.3446561398900384,1.581813246541651,0.11471321695760599
id,abl_baseonly_voc,2.3713737056616554e-07,720,0.10946745106594015,0.0634442911477585,0.17350158040695945,0.9680555555555556,0.5812813339241938,2.1512560621082937,0.0
id,abl_baseonly_hybrid,2.3713737056616554e-07,720,0.5868327315605959,0.48051164864775947,0.7060917130043364,0.7888888888888889,0.34085139799628383,1.5703902021027716,0.1172069825436409
id,abl_baseonly_voc,3.162277660168379e-07,720,0.10953683781218362,0.06351681472501634,0.17357122684191392,0.9680555555555556,0.5644319690288766,2.092636161394436,0.0
id,abl_baseonly_hybrid,3.162277660168379e-07,720,0.5868325294666044,0.4805116900622221,0.7060922083937761,0.7888888888888889,0.33596699215436,1.555486397434758,0.12219451371571072
id,abl_baseonly_voc,4.2169650342858225e-07,720,0.10975414277507771,0.06377367035967825,0.1738122582658353,0.9680555555555556,0.5463786560392708,2.02612587551393,0.0
id,abl_baseonly_hybrid,4.2169650342858225e-07,720,0.586832367046942,0.480511538373915,0.7060921189284737,0.7888888888888889,0.3298288256549006,1.5416125527889513,0.13466334164588528
id,abl_baseonly_voc,5.62341325190349e-07,720,0.10975325364595875,0.06377330066265803,0.17381135997284794,0.9680555555555556,0.5215489091296008,1.9712678464361337,0.0
id,abl_baseonly_hybrid,5.62341325190349e-07,720,0.5868314912684297,0.4805100688172451,0.7060909202409571,0.7888888888888889,0.3233831106296565,1.5272073575375695,0.1396508728179551
id,abl_baseonly_voc,7.498942093324558e-07,720,0.109752331622546,0.0637733371359093,0.17380819959024837,0.9680555555555556,0.4962332537682512,1.9103121537097396,0.0
id,abl_baseonly_hybrid,7.498942093324558e-07,720,0.5868305071817983,0.48050995293778515,0.7060888174927241,0.7888888888888889,0.31564157318716074,1.514151804783387,0.15211970074812967
id,abl_baseonly_voc,1e-06,720,0.10974906134599925,0.06377151839716519,0.17380605420236675,0.9680555555555556,0.47704162640976067,1.8799509601208633,0.0
id,abl_baseonly_hybrid,1e-06,720,0.5868269998514491,0.4805050294939789,0.7060836389391342,0.7888888888888889,0.3066426088616729,1.4985486052653516,0.16209476309226933
id,abl_baseonly_voc,1.333521432163324e-06,720,0.11152403491612602,0.06487148111753803,0.17452834515338805,0.9666666666666667,0.4515891325710666,1.7556574792000448,0.0
id,abl_baseonly_hybrid,1.333521432163324e-06,720,0.5871457305725879,0.4806621786963325,0.7060954715859589,0.7888888888888889,0.2978460137304602,1.469474354115376,0.1770573566084788
id,abl_baseonly_voc,1.7782794100389227e-06,720,0.11374241719641982,0.06767107457602481,0.17629531798553552,0.9666666666666667,0.42828945873547736,1.6799777542139458,0.0
id,abl_baseonly_hybrid,1.7782794100389227e-06,720,0.5893640321837075,0.4828403854537229,0.7090258088057351,0.7888888888888889,0.2838111924515607,1.4094404416098314,0.2144638403990025
id,abl_baseonly_voc,2.3713737056616552e-06,720,0.11530690984092974,0.06978865828640354,0.17765551178810438,0.9666666666666667,0.40790086921395463,1.5730178545098876,0.0
id,abl_baseonly_hybrid,2.3713737056616552e-06,720,0.5909251312341185,0.4831700947399262,0.7112434738360144,0.7888888888888889,0.2756775605472621,1.3731574868668202,0.2344139650872818
id,abl_baseonly_voc,3.162277660168379e-06,720,0.1178122377364864,0.07275321680262184,0.18028813430014737,0.9666666666666667,0.39631436929818953,1.5363742866904533,0.0
id,abl_baseonly_hybrid,3.162277660168379e-06,720,0.5934304410209915,0.48675598896838707,0.7139049816033111,0.7888888888888889,0.2686208815880269,1.3453202495793195,0.23940149625935161
id,abl_baseonly_voc,4.216965034285822e-06,720,0.12100365290691631,0.07599463639508464,0.18422304003729076,0.9666666666666667,0.3838218545730148,1.4994950533820985,0.0
id,abl_baseonly_hybrid,4.216965034285822e-06,720,0.5966218084952104,0.4897709057616679,0.7178140725750054,0.7888888888888889,0.2622318930656054,1.3158278588612626,0.256857855361596
id,abl_baseonly_voc,5.623413251903491e-06,720,0.12901993799191688,0.08363593012561421,0.19196247439143752,0.9666666666666667,0.3728789562445821,1.4346451547098644,0.0
id,abl_baseonly_hybrid,5.623413251903491e-06,720,0.6046382397345733,0.4966795362110623,0.7257736867977872,0.7888888888888889,0.2550300789245854,1.2561127511529422,0.26932668329177056
id,abl_baseonly_voc,7.498942093324558e-06,720,0.15928003220005496,0.11101245696990307,0.2232117764763477,0.9555555555555556,0.35520137213230085,1.3115553629487395,0.0199501246882793
id,abl_baseonly_hybrid,7.498942093324558e-06,720,0.6348983651514735,0.5295073138919314,0.7539230128103483,0.7777777777777778,0.2433113793496292,1.139410542304318,0.30423940149625933
id,abl_baseonly_voc,9.999999999999999e-06,720,0.21776225016532852,0.16601881720663184,0.28222700244468746,0.9333333333333333,0.33924485916027486,1.1572956302723822,0.057356608478802994
id,abl_baseonly_hybrid,9.999999999999999e-06,720,0.693380564043487,0.5854682084629006,0.8101334572553366,0.7555555555555555,0.22894917849936902,0.9873638793251556,0.3566084788029925
id,abl_baseonly_voc,1.333521432163324e-05,720,0.2684400329533463,0.21552705953710172,0.3298195777905226,0.9055555555555556,0.32038462090382247,1.059800840540432,0.10224438902743142
id,abl_baseonly_hybrid,1.333521432163324e-05,720,0.730692212868321,0.623101263172583,0.8432259510930469,0.7347222222222223,0.2178955006672932,0.9062780647404098,0.3915211970074813
id,abl_baseonly_voc,1.778279410038923e-05,720,0.36998451529885207,0.3012719071830406,0.45178386945665244,0.8722222222222222,0.294456102339349,0.9396525713890191,0.1596009975062344
id,abl_baseonly_hybrid,1.778279410038923e-05,720,0.8016503588703939,0.6821655778314547,0.9159517122516381,0.7180555555555556,0.2040655195845726,0.8099948334917826,0.42144638403990026
id,abl_baseonly_voc,2.3713737056616554e-05,720,0.4831234185618794,0.4105202699602776,0.562451184371377,0.8236111111111111,0.25554426912902606,0.7877935112362037,0.24688279301745636
id,abl_baseonly_hybrid,2.3713737056616554e-05,720,0.8791341070948562,0.7636080918811003,0.9965432625073838,0.6875,0.18161958940070272,0.685108581133429,0.48129675810473815
id,abl_baseonly_voc,3.1622776601683795e-05,720,0.6037730605240785,0.5275132735668302,0.6931493416181419,0.7791666666666667,0.21559716038414492,0.7131232578931456,0.32169576059850374
id,abl_baseonly_hybrid,3.1622776601683795e-05,720,0.952637997123021,0.8321825066240602,1.0624746061981938,0.6611111111111111,0.1582890184085855,0.6343430554820164,0.5336658354114713
id,abl_baseonly_voc,4.216965034285822e-05,720,0.8908550788579008,0.764118199666032,1.0147066086549124,0.7125,0.16962836683989957,0.585796756630609,0.4513715710723192
id,abl_baseonly_hybrid,4.216965034285822e-05,720,1.1798778245470272,1.0325240835424836,1.325648730519239,0.6166666666666667,0.1293471180645343,0.5289791769958962,0.6234413965087282
id,abl_baseonly_voc,5.623413251903491e-05,720,1.1899111485730973,1.0351891359431582,1.3479410200360833,0.6597222222222222,0.13558354583788237,0.4736961449555969,0.5685785536159601
id,abl_baseonly_hybrid,5.623413251903491e-05,720,1.394912276449826,1.2297268607925165,1.59827225819096,0.5861111111111111,0.11045997095040341,0.44018626588340337,0.7032418952618454
id,abl_baseonly_voc,7.498942093324559e-05,720,1.4924548003187974,1.302214127579309,1.7428915982503936,0.6291666666666667,0.11525964558477413,0.38084951909863773,0.6483790523690773
id,abl_baseonly_hybrid,7.498942093324559e-05,720,1.6340324385478544,1.4224745494934097,1.8875988765106828,0.5708333333333333,0.09939745989650063,0.3608934868889416,0.7581047381546134
id,abl_baseonly_voc,0.0001,720,1.6483729608893232,1.433885265924651,1.9004677638504786,0.6166666666666667,0.10442108540248039,0.35223745999168793,0.6783042394014963
id,abl_baseonly_hybrid,0.0001,720,1.743636710580296,1.5330454000362885,1.9921479884359468,0.5611111111111111,0.09180696399316632,0.3360034397097681,0.7830423940149626
id,abl_baseonly_voc,0.0001333521432163324,720,1.747421330743942,1.5318680461221643,2.0235273242311433,0.5972222222222222,0.09335295944658523,0.3257837885347372,0.71571072319202
id,abl_baseonly_hybrid,0.0001333521432163324,720,1.821178091595017,1.6051499937291331,2.086596683582273,0.55,0.08476299949793029,0.31569302919587144,0.8054862842892768
id,abl_baseonly_voc,0.00017782794100389227,720,1.9002917693972248,1.6884270898592373,2.1773594786581194,0.5611111111111111,0.08084042315609952,0.3022210355042009,0.7830423940149626
id,abl_baseonly_hybrid,0.00017782794100389227,720,1.932914899130263,1.721107628215273,2.218479479770972,0.5402777777777777,0.0775141539503734,0.2983031558028213,0.8254364089775561
id,abl_baseonly_voc,0.0002371373705661655,720,1.9623910852390478,1.7433065875733866,2.23974035193843,0.525,0.074563080077808,0.29527140765142373,0.8478802992518704
id,abl_baseonly_hybrid,0.0002371373705661655,720,1.9651746754541082,1.7459509983923187,2.243846146961177,0.5236111111111111,0.07414747161806906,0.29478215350559367,0.8553615960099751
id,abl_baseonly_voc,0.00031622776601683794,720,2.033528567807255,1.7983242265608264,2.3167532024263746,0.49166666666666664,0.06898653665558287,0.2851086213472475,0.9077306733167082
id,abl_baseonly_hybrid,0.00031622776601683794,720,2.0335285689535,1.7983242265608264,2.31675320357262,0.49166666666666664,0.06874456105213632,0.2848450199264183,0.912718204488778
id,abl_baseonly_voc,0.00042169650342858224,720,2.1151478387090967,1.8717270977631881,2.390563271118154,0.4583333333333333,0.06407348088329608,0.28002063029447427,0.9650872817955112
id,abl_baseonly_hybrid,0.00042169650342858224,720,2.115147839855342,1.871727098364967,2.39056327292349,0.4583333333333333,0.0638315052798495,0.27975702887364506,0.970074812967581
id,abl_baseonly_voc,0.0005623413251903491,720,2.7203388307778065,1.9518775121596068,3.816964807357607,0.4486111111111111,0.062582150384846,0.2758765533125269,0.9850374064837906
id,abl_baseonly_hybrid,0.0005623413251903491,720,2.7203388319240513,1.9518775132485395,3.8169648097074096,0.4486111111111111,0.062340174781399436,0.27561295189169766,0.9900249376558603
id,abl_baseonly_voc,0.0007498942093324559,720,2.732706701463088,1.9597768693258402,3.8324838720747563,0.44305555555555554,0.061630739588380674,0.2738485522528006,0.9950124688279302
id,abl_baseonly_hybrid,0.0007498942093324559,720,2.732706702609333,1.9597768704147729,3.8324838744245584,0.44305555555555554,0.06138876398493412,0.2735849508319714,1.0
id,abl_baseonly_voc,0.001,720,2.732706702609333,1.9597768704147729,3.8324838744245584,0.44305555555555554,0.06138876398493412,0.2735849508319714,1.0
id,abl_baseonly_hybrid,0.001,720,2.732706702609333,1.9597768704147729,3.8324838744245584,0.44305555555555554,0.06138876398493412,0.2735849508319714,1.0
id,abl_baseonly_voc,0.001333521432163324,720,2.732706702609333,1.9597768704147729,3.8324838744245584,0.44305555555555554,0.06138876398493412,0.2735849508319714,1.0
id,abl_baseonly_hybrid,0.001333521432163324,720,2.732706702609333,1.9597768704147729,3.8324838744245584,0.44305555555555554,0.06138876398493412,0.2735849508319714,1.0
id,abl_baseonly_voc,0.0017782794100389228,720,2.732706702609333,1.9597768704147729,3.8324838744245584,0.44305555555555554,0.06138876398493412,0.2735849508319714,1.0
id,abl_baseonly_hybrid,0.0017782794100389228,720,2.732706702609333,1.9597768704147729,3.8324838744245584,0.44305555555555554,0.06138876398493412,0.2735849508319714,1.0
id,abl_baseonly_voc,0.0023713737056616554,720,2.732706702609333,1.9597768704147729,3.8324838744245584,0.44305555555555554,0.06138876398493412,0.2735849508319714,1.0
id,abl_baseonly_hybrid,0.0023713737056616554,720,2.732706702609333,1.9597768704147729,3.8324838744245584,0.44305555555555554,0.06138876398493412,0.2735849508319714,1.0
id,abl_baseonly_voc,0.0031622776601683794,720,2.732706702609333,1.9597768704147729,3.8324838744245584,0.44305555555555554,0.06138876398493412,0.2735849508319714,1.0
id,abl_baseonly_hybrid,0.0031622776601683794,720,2.732706702609333,1.9597768704147729,3.8324838744245584,0.44305555555555554,0.06138876398493412,0.2735849508319714,1.0
id,abl_baseonly_voc,0.004216965034285822,720,2.732706702609333,1.9597768704147729,3.8324838744245584,0.44305555555555554,0.06138876398493412,0.2735849508319714,1.0
id,abl_baseonly_hybrid,0.004216965034285822,720,2.732706702609333,1.9597768704147729,3.8324838744245584,0.44305555555555554,0.06138876398493412,0.2735849508319714,1.0
id,abl_baseonly_voc,0.005623413251903491,720,2.732706702609333,1.9597768704147729,3.8324838744245584,0.44305555555555554,0.06138876398493412,0.2735849508319714,1.0
id,abl_baseonly_hybrid,0.005623413251903491,720,2.732706702609333,1.9597768704147729,3.8324838744245584,0.44305555555555554,0.06138876398493412,0.2735849508319714,1.0
id,abl_baseonly_voc,0.007498942093324558,720,2.732706702609333,1.9597768704147729,3.8324838744245584,0.44305555555555554,0.06138876398493412,0.2735849508319714,1.0
id,abl_baseonly_hybrid,0.007498942093324558,720,2.732706702609333,1.9597768704147729,3.8324838744245584,0.44305555555555554,0.06138876398493412,0.2735849508319714,1.0
id,abl_baseonly_voc,0.01,720,2.732706702609333,1.9597768704147729,3.8324838744245584,0.44305555555555554,0.06138876398493412,0.2735849508319714,1.0
id,abl_baseonly_hybrid,0.01,720,2.732706702609333,1.9597768704147729,3.8324838744245584,0.44305555555555554,0.06138876398493412,0.2735849508319714,1.0
id,abl_baseonly_voc_seq,0.0,720,0.0035015782320518174,0.0010994341589774526,0.006679903767937998,1.0,1.3909350116307768,7.2451695848653745,0.0
id,abl_baseonly_voc_seq,1e-08,720,0.003728282128995317,0.0012265024795772472,0.006938973255315556,1.0,1.3590265111875206,6.776354463582053,0.0
id,abl_baseonly_voc_seq,1.333521432163324e-08,720,0.0037562051039332313,0.0012618644841201144,0.006991490620055157,1.0,1.350791096489163,6.676948574465389,0.0
id,abl_baseonly_voc_seq,1.7782794100389228e-08,720,0.0037705980955431797,0.0012707730234807675,0.007010401957512384,1.0,1.3392953506324947,6.504217011319557,0.0
id,abl_baseonly_voc_seq,2.371373705661655e-08,720,0.004186527971546671,0.0016316349265845435,0.007497319486296651,1.0,1.3201924679130588,6.245288880339017,0.0
id,abl_baseonly_voc_seq,3.162277660168379e-08,720,0.006694916250246863,0.0028541875904457754,0.011817127067012675,1.0,1.2931042223267701,5.850583513893192,0.0
id,abl_baseonly_voc_seq,4.2169650342858225e-08,720,0.0234602378939804,0.011798080138026003,0.04076269758698976,0.9916666666666667,1.2606642152248304,5.343403345768198,0.0
id,abl_baseonly_voc_seq,5.6234132519034905e-08,720,0.051118222741168604,0.02587291647006615,0.08194362451678919,0.9819444444444444,1.2272488308847977,4.866762324445972,0.0
id,abl_baseonly_voc_seq,7.498942093324559e-08,720,0.06972605921677838,0.040517782440504274,0.10747139852155514,0.9763888888888889,1.1856335237584046,4.420796687770992,0.0
id,abl_baseonly_voc_seq,1e-07,720,0.07473650346714811,0.04498434496186615,0.11330237987642808,0.9736111111111111,1.158417676863555,4.139737950848778,0.0
id,abl_baseonly_voc_seq,1.333521432163324e-07,720,0.08796730220251324,0.052890392859464126,0.14148783991565528,0.9722222222222222,1.131955713844565,3.920410390682087,0.0
id,abl_baseonly_voc_seq,1.7782794100389227e-07,720,0.10559964506551563,0.05893206731903123,0.167032026404458,0.9694444444444444,1.0854707046467684,3.536101421490432,0.0
id,abl_baseonly_voc_seq,2.3713737056616554e-07,720,0.10922874063990082,0.06310802521194876,0.1732432844018163,0.9680555555555556,1.0458182209437135,3.394133847480715,0.0
id,abl_baseonly_voc_seq,3.162277660168379e-07,720,0.10936824836723602,0.06321769777135469,0.17355447512657654,0.9680555555555556,0.9935822919500474,3.224186231929318,0.0
id,abl_baseonly_voc_seq,4.2169650342858225e-07,720,0.1095109966445295,0.06343061948206188,0.1735564155187048,0.9680555555555556,0.9410504324314444,3.0463795538793166,0.0
id,abl_baseonly_voc_seq,5.62341325190349e-07,720,0.10975466185897507,0.06377783438863335,0.17381225200081857,0.9680555555555556,0.8724317984408448,2.8095554897223995,0.0
id,abl_baseonly_voc_seq,7.498942093324558e-07,720,0.10975230649737505,0.06377670964881857,0.17381215602896263,0.9680555555555556,0.801853791060545,2.6481309701237934,0.0
id,abl_baseonly_voc_seq,1e-06,720,0.11120660113649422,0.0646378680119127,0.17450061282527168,0.9666666666666667,0.7443108946085224,2.409678626475175,0.0
id,abl_baseonly_voc_seq,1.333521432163324e-06,720,0.11152558123306831,0.06487661600008916,0.17452928814684926,0.9666666666666667,0.6844914439318898,2.2461769300487604,0.0
id,abl_baseonly_voc_seq,1.7782794100389227e-06,720,0.11374715109866797,0.06767341842174128,0.1762960561639677,0.9666666666666667,0.6030060102664999,1.993838265444573,0.0
id,abl_baseonly_voc_seq,2.3713737056616552e-06,720,0.1153094941088977,0.06978989761206979,0.1776567393741549,0.9666666666666667,0.5473959604379373,1.854168725975165,0.0
id,abl_baseonly_voc_seq,3.162277660168379e-06,720,0.11781482200445499,0.07275582355611519,0.18028936188619904,0.9666666666666667,0.5075379574243308,1.7550650090390567,0.0
id,abl_baseonly_voc_seq,4.216965034285822e-06,720,0.12100622511735061,0.07599721382689865,0.18422425563089392,0.9666666666666667,0.4696361497964092,1.6658570306668379,0.0
id,abl_baseonly_voc_seq,5.623413251903491e-06,720,0.1290199501023104,0.08363595985039902,0.1919624743769133,0.9666666666666667,0.4414659224459566,1.5571262897431906,0.0
id,abl_baseonly_voc_seq,7.498942093324558e-06,720,0.15928005011550186,0.11101248160929304,0.22321179752571788,0.9555555555555556,0.411827907739725,1.4050553249390052,0.0199501246882793
id,abl_baseonly_voc_seq,9.999999999999999e-06,720,0.2177623300253138,0.1660188591331211,0.2822270823046786,0.9333333333333333,0.3816437208700118,1.2246610633237347,0.057356608478802994
id,abl_baseonly_voc_seq,1.333521432163324e-05,720,0.2684401128133316,0.21552710146358273,0.3298197415034961,0.9055555555555556,0.35193508999093964,1.1112604432876094,0.10224438902743142
id,abl_baseonly_voc_seq,1.778279410038923e-05,720,0.36998451529884624,0.30127190718302926,0.4517838694566494,0.8722222222222222,0.3173620994539861,0.9732293717098148,0.1596009975062344
id,abl_baseonly_voc_seq,2.3713737056616554e-05,720,0.4831234185618794,0.4105202699602776,0.562451184371377,0.8236111111111111,0.2719894772300508,0.8104734321181291,0.24688279301745636
id,abl_baseonly_voc_seq,3.1622776601683795e-05,720,0.6037730605240785,0.5275132735668302,0.6931493416181419,0.7791666666666667,0.2228999271200936,0.7226271262681369,0.32169576059850374
id,abl_baseonly_voc_seq,4.216965034285822e-05,720,0.8908550749137331,0.7641181975953439,1.0147066045135364,0.7125,0.17408204993041773,0.591080439313944,0.4513715710723192
id,abl_baseonly_voc_seq,5.623413251903491e-05,720,1.1899111446289299,1.035189132196199,1.347941012147748,0.6597222222222222,0.13885940214898157,0.4765636474944939,0.5685785536159601
id,abl_baseonly_voc_seq,7.498942093324559e-05,720,1.4924548002095024,1.3022141274645493,1.7428915982503936,0.6291666666666667,0.11820994181584303,0.38459671033059145,0.6483790523690773
id,abl_baseonly_voc_seq,0.0001,720,1.6483729607800286,1.4338852658672714,1.9004677637985632,0.6166666666666667,0.10678938658163986,0.35532647907225007,0.6783042394014963
id,abl_baseonly_voc_seq,0.0001333521432163324,720,1.7474213306346473,1.5318680460702492,2.023527324173764,0.5972222222222222,0.094624876185948,0.3273943987597401,0.71571072319202
id,abl_baseonly_voc_seq,0.00017782794100389227,720,1.9002917693972248,1.6884270898592373,2.1773594786581194,0.5611111111111111,0.08125582335873377,0.30261863051808985,0.7830423940149626
id,abl_baseonly_voc_seq,0.0002371373705661655,720,1.9623910852390478,1.7433065875733866,2.23974035193843,0.525,0.07497848028044224,0.2956690026653127,0.8478802992518704
id,abl_baseonly_voc_seq,0.00031622776601683794,720,2.033528567807255,1.7983242265608264,2.3167532024263746,0.49166666666666664,0.06940193685821712,0.2855062163611365,0.9077306733167082
id,abl_baseonly_voc_seq,0.00042169650342858224,720,2.1151478387090967,1.8717270977631881,2.390563271118154,0.4583333333333333,0.06407348088329608,0.28002063029447427,0.9650872817955112
id,abl_baseonly_voc_seq,0.0005623413251903491,720,2.7203388307778065,1.9518775121596068,3.816964807357607,0.4486111111111111,0.062582150384846,0.2758765533125269,0.9850374064837906
id,abl_baseonly_voc_seq,0.0007498942093324559,720,2.732706701463088,1.9597768693258402,3.8324838720747563,0.44305555555555554,0.061630739588380674,0.2738485522528006,0.9950124688279302
id,abl_baseonly_voc_seq,0.001,720,2.732706702609333,1.9597768704147729,3.8324838744245584,0.44305555555555554,0.06138876398493412,0.2735849508319714,1.0
id,abl_baseonly_voc_seq,0.001333521432163324,720,2.732706702609333,1.9597768704147729,3.8324838744245584,0.44305555555555554,0.06138876398493412,0.2735849508319714,1.0
id,abl_baseonly_voc_seq,0.0017782794100389228,720,2.732706702609333,1.9597768704147729,3.8324838744245584,0.44305555555555554,0.06138876398493412,0.2735849508319714,1.0
id,abl_baseonly_voc_seq,0.0023713737056616554,720,2.732706702609333,1.9597768704147729,3.8324838744245584,0.44305555555555554,0.06138876398493412,0.2735849508319714,1.0
id,abl_baseonly_voc_seq,0.0031622776601683794,720,2.732706702609333,1.9597768704147729,3.8324838744245584,0.44305555555555554,0.06138876398493412,0.2735849508319714,1.0
id,abl_baseonly_voc_seq,0.004216965034285822,720,2.732706702609333,1.9597768704147729,3.8324838744245584,0.44305555555555554,0.06138876398493412,0.2735849508319714,1.0
id,abl_baseonly_voc_seq,0.005623413251903491,720,2.732706702609333,1.9597768704147729,3.8324838744245584,0.44305555555555554,0.06138876398493412,0.2735849508319714,1.0
id,abl_baseonly_voc_seq,0.007498942093324558,720,2.732706702609333,1.9597768704147729,3.8324838744245584,0.44305555555555554,0.06138876398493412,0.2735849508319714,1.0
id,abl_baseonly_voc_seq,0.01,720,2.732706702609333,1.9597768704147729,3.8324838744245584,0.44305555555555554,0.06138876398493412,0.2735849508319714,1.0
id,abl_baseonly_hybrid_seq,0.0,720,0.5868324980996932,0.4805109406693859,0.7060910818953691,0.7888888888888889,0.5637051539799186,2.6037245634056942,0.10473815461346633
id,abl_baseonly_hybrid_seq,1e-08,720,0.5868324980706642,0.48051094062032096,0.7060910819013037,0.7888888888888889,0.5619298332312491,2.596382882719586,0.10723192019950124
id,abl_baseonly_hybrid_seq,1.333521432163324e-08,720,0.5868330250895923,0.4805111428868755,0.706091911458184,0.7888888888888889,0.5604184554574393,2.580655210476526,0.10723192019950124
id,abl_baseonly_hybrid_seq,1.7782794100389228e-08,720,0.586832998355415,0.4805110844662427,0.7060918993447646,0.7888888888888889,0.559378316646851,2.568764744500135,0.10972568578553615
id,abl_baseonly_hybrid_seq,2.371373705661655e-08,720,0.5868329848791826,0.48051108445378127,0.7060918923178369,0.7888888888888889,0.5573652144951605,2.5609643486070786,0.10972568578553615
id,abl_baseonly_hybrid_seq,3.162277660168379e-08,720,0.5868329848791826,0.48051108445378127,0.7060918923178369,0.7888888888888889,0.5554193375838955,2.552646933809855,0.10972568578553615
id,abl_baseonly_hybrid_seq,4.2169650342858225e-08,720,0.5868326716776939,0.48051093568307596,0.706091892317835,0.7888888888888889,0.5519674822467735,2.538013229373746,0.10972568578553615
id,abl_baseonly_hybrid_seq,5.6234132519034905e-08,720,0.5868320717087869,0.4805101226147903,0.7060909633731095,0.7888888888888889,0.550200178154255,2.5032733623848547,0.10972568578553615
id,abl_baseonly_hybrid_seq,7.498942093324559e-08,720,0.5868302184389574,0.4805081984309033,0.7060882006006347,0.7888888888888889,0.5437366845662603,2.447138637609866,0.10972568578553615
id,abl_baseonly_hybrid_seq,1e-07,720,0.5868302244205599,0.4805082116330977,0.706088200101006,0.7888888888888889,0.5393762794851888,2.4270047100515413,0.10972568578553615
id,abl_baseonly_hybrid_seq,1.333521432163324e-07,720,0.5868305610865577,0.4805094209765462,0.706088640965094,0.7888888888888889,0.5332588595250483,2.378715325214029,0.11221945137157108
id,abl_baseonly_hybrid_seq,1.7782794100389227e-07,720,0.5868335621404525,0.48051279355764764,0.7060927729891953,0.7888888888888889,0.5232450627429122,2.3296925606890353,0.11471321695760599
id,abl_baseonly_hybrid_seq,2.3713737056616554e-07,720,0.586833183674506,0.48051245182563657,0.706092251468625,0.7888888888888889,0.512279452990796,2.276346752589042,0.1172069825436409
id,abl_baseonly_hybrid_seq,3.162277660168379e-07,720,0.586833244447685,0.4805123581054879,0.7060924331976726,0.7888888888888889,0.4913784014193437,2.1920873804959786,0.12219451371571072
id,abl_baseonly_hybrid_seq,4.2169650342858225e-07,720,0.58683294438271,0.4805110234533135,0.7060923446268719,0.7888888888888889,0.47428057823282127,2.123426761133487,0.13466334164588528
id,abl_baseonly_hybrid_seq,5.62341325190349e-07,720,0.5868329896011779,0.4805110665937148,0.70609242918333,0.7888888888888889,0.4498947830198535,2.0035022490362735,0.1396508728179551
id,abl_baseonly_hybrid_seq,7.498942093324558e-07,720,0.5868303934429712,0.48050694881981265,0.7060886224460826,0.7888888888888889,0.42618994667042026,1.929644795905713,0.15211970074812967
id,abl_baseonly_hybrid_seq,1e-06,720,0.5868287885256046,0.4805054568224766,0.706085608237862,0.7888888888888889,0.4013705692091625,1.8064061905029627,0.16209476309226933
id,abl_baseonly_hybrid_seq,1.333521432163324e-06,720,0.5871473517542217,0.48066383521297923,0.7060969448856392,0.7888888888888889,0.3804837151100834,1.7263528000460155,0.1770573566084788
id,abl_baseonly_hybrid_seq,1.7782794100389227e-06,720,0.5893655932796682,0.482843490504492,0.7090272765964812,0.7888888888888889,0.34986916842176385,1.6068877553890566,0.2144638403990025
id,abl_baseonly_hybrid_seq,2.3713737056616552e-06,720,0.5909276645864295,0.4831725303886275,0.7112457915982991,0.7888888888888889,0.3264377009460893,1.519453603137678,0.2344139650872818
id,abl_baseonly_hybrid_seq,3.162277660168379e-06,720,0.5934329743733033,0.48675973499451014,0.7139072993655968,0.7888888888888889,0.3044593648279721,1.455404224608502,0.23940149625935161
id,abl_baseonly_hybrid_seq,4.216965034285822e-06,720,0.5966243872929103,0.48977362351248044,0.7178167636520807,0.7888888888888889,0.2903128959390943,1.399059653279346,0.256857855361596
id,abl_baseonly_hybrid_seq,5.623413251903491e-06,720,0.6046382584322324,0.49667956316778356,0.7257736897698197,0.7888888888888889,0.27925264998691224,1.3140843742862773,0.26932668329177056
id,abl_baseonly_hybrid_seq,7.498942093324558e-06,720,0.6348983830669261,0.5295073284253955,0.7539230286923094,0.7777777777777778,0.26469706760310785,1.1823401764320958,0.30423940149625933
id,abl_baseonly_hybrid_seq,9.999999999999999e-06,720,0.6933806439034781,0.5854682503893959,0.810133579041823,0.7555555555555555,0.2456317429872708,1.019041571614025,0.3566084788029925
id,abl_baseonly_hybrid_seq,1.333521432163324e-05,720,0.7306922927283122,0.6231013809660697,0.8432259890265427,0.7347222222222223,0.23039697473506443,0.9309672060098314,0.3915211970074813
id,abl_baseonly_hybrid_seq,1.778279410038923e-05,720,0.8016503588703939,0.6821655778314547,0.9159517122516381,0.7180555555555556,0.21461868635038656,0.8275489647139845,0.42144638403990026
id,abl_baseonly_hybrid_seq,2.3713737056616554e-05,720,0.8791341070948562,0.7636080918811003,0.9965432625073838,0.6875,0.1888831487096172,0.6959683836000902,0.48129675810473815
id,abl_baseonly_hybrid_seq,3.1622776601683795e-05,720,0.952637997123021,0.8321825066240602,1.0624746061981938,0.6611111111111111,0.16119732480957047,0.6383261404625702,0.5336658354114713
id,abl_baseonly_hybrid_seq,4.216965034285822e-05,720,1.1798778206028595,1.032524077527628,1.3256487284485512,0.6166666666666667,0.13111597609843267,0.5307882755431214,0.6234413965087282
id,abl_baseonly_hybrid_seq,5.623413251903491e-05,720,1.3949122725056582,1.2297268570455573,1.5982722503026248,0.5861111111111111,0.11184239279338064,0.44039612142229695,0.7032418952618454
id,abl_baseonly_hybrid_seq,7.498942093324559e-05,720,1.6340324385478544,1.4224745494934097,1.8875988765106828,0.5708333333333333,0.10058298150943802,0.3621425727597802,0.7581047381546134
id,abl_baseonly_hybrid_seq,0.0001,720,1.743636710580296,1.5330454000362885,1.9921479884359468,0.5611111111111111,0.09246223209886868,0.33666642836810245,0.7830423940149626
id,abl_baseonly_hybrid_seq,0.0001333521432163324,720,1.821178091595017,1.6051499937291331,2.086596683582273,0.55,0.08517839970056452,0.31609062420976036,0.8054862842892768
id,abl_baseonly_hybrid_seq,0.00017782794100389227,720,1.932914899130263,1.721107628215273,2.218479479770972,0.5402777777777777,0.07792955415300765,0.29870075081671027,0.8254364089775561
id,abl_baseonly_hybrid_seq,0.0002371373705661655,720,1.9651746754541082,1.7459509983923187,2.243846146961177,0.5236111111111111,0.0745628718207033,0.29517974851948264,0.8553615960099751
id,abl_baseonly_hybrid_seq,0.00031622776601683794,720,2.0335285689535,1.7983242265608264,2.31675320357262,0.49166666666666664,0.06915996125477057,0.2852426149403072,0.912718204488778
id,abl_baseonly_hybrid_seq,0.00042169650342858224,720,2.115147839855342,1.871727098364967,2.39056327292349,0.4583333333333333,0.0638315052798495,0.27975702887364506,0.970074812967581
id,abl_baseonly_hybrid_seq,0.0005623413251903491,720,2.7203388319240513,1.9518775132485395,3.8169648097074096,0.4486111111111111,0.062340174781399436,0.27561295189169766,0.9900249376558603
id,abl_baseonly_hybrid_seq,0.0007498942093324559,720,2.732706702609333,1.9597768704147729,3.8324838744245584,0.44305555555555554,0.06138876398493412,0.2735849508319714,1.0
id,abl_baseonly_hybrid_seq,0.001,720,2.732706702609333,1.9597768704147729,3.8324838744245584,0.44305555555555554,0.06138876398493412,0.2735849508319714,1.0
id,abl_baseonly_hybrid_seq,0.001333521432163324,720,2.732706702609333,1.9597768704147729,3.8324838744245584,0.44305555555555554,0.06138876398493412,0.2735849508319714,1.0
id,abl_baseonly_hybrid_seq,0.0017782794100389228,720,2.732706702609333,1.9597768704147729,3.8324838744245584,0.44305555555555554,0.06138876398493412,0.2735849508319714,1.0
id,abl_baseonly_hybrid_seq,0.0023713737056616554,720,2.732706702609333,1.9597768704147729,3.8324838744245584,0.44305555555555554,0.06138876398493412,0.2735849508319714,1.0
id,abl_baseonly_hybrid_seq,0.0031622776601683794,720,2.732706702609333,1.9597768704147729,3.8324838744245584,0.44305555555555554,0.06138876398493412,0.2735849508319714,1.0
id,abl_baseonly_hybrid_seq,0.004216965034285822,720,2.732706702609333,1.9597768704147729,3.8324838744245584,0.44305555555555554,0.06138876398493412,0.2735849508319714,1.0
id,abl_baseonly_hybrid_seq,0.005623413251903491,720,2.732706702609333,1.9597768704147729,3.8324838744245584,0.44305555555555554,0.06138876398493412,0.2735849508319714,1.0
id,abl_baseonly_hybrid_seq,0.007498942093324558,720,2.732706702609333,1.9597768704147729,3.8324838744245584,0.44305555555555554,0.06138876398493412,0.2735849508319714,1.0
id,abl_baseonly_hybrid_seq,0.01,720,2.732706702609333,1.9597768704147729,3.8324838744245584,0.44305555555555554,0.06138876398493412,0.2735849508319714,1.0
