family,policy,param,n,err_rel_tol_mean,err_lo,err_hi,success_rate,cost_frac_fine,wall_mean,false_safe_rate
A,uniform_coarse,0.0,2400,22.043858463530444,19.460264328636807,25.428036443257373,0.18,0.021752383154406633,0.505266102448962,1.0
A,uniform_medium,1.0,2400,8.030663642151834,5.482513080927351,11.074338516654297,0.4554166666666667,0.0619444732594499,0.26008640629974555,1.0
A,uniform_fine,2.0,2400,0.00040447938369767705,0.0003076812150160679,0.000527965640619506,1.0,1.0,5.684569916464865,0.0
A,random,0.0,2400,8.030663642151834,5.482513080927351,11.074338516654297,0.4554166666666667,0.0619444732594499,0.26008640629974555,1.0
A,random,1.0,2400,6.447449979484116,4.289670386468846,9.085775212983995,0.5891666666666666,0.2154314970189033,1.0806601858603668,0.0
A,random,2.0,2400,4.420167980201953,2.622877458539888,6.8440112469105845,0.7154166666666667,0.39209087295904965,2.196428248963366,0.0
A,random,3.0,2400,1.3566430072867628,0.5799229371305286,2.498197126191834,0.8608333333333333,0.6091673475147155,3.5785062457291708,0.0
A,random,4.0,2400,0.00040447938369767705,0.0003076812150160679,0.000527965640619506,1.0,1.0,5.684569916464865,0.0
A,share,0.0,2400,8.030663642151834,5.482513080927351,11.074338516654297,0.4554166666666667,0.0619444732594499,0.26008640629974555,1.0
A,share,1.0,2400,3.3946907185037483,1.806190404620672,5.163313904101173,0.6725,0.19515568149980042,1.2044343091244476,0.0
A,share,2.0,2400,0.4570431179084528,0.41094574951691043,0.5041618545082792,0.8333333333333334,0.37205200099300145,1.583917949492555,0.0
A,share,3.0,2400,0.3892467129433057,0.34871078938902517,0.42874151202779787,0.86,0.4219612450471337,1.7959080151742606,0.0
A,share,4.0,2400,0.00040447938369767705,0.0003076812150160679,0.000527965640619506,1.0,1.0619444732594499,5.94465632276461,0.0
A,discrepancy,0.01,2400,2.93364991656508,1.2683641041536586,5.312872523309433,0.9916666666666667,1.0308205849527843,6.206645072667698,0.0
A,discrepancy,0.020000000000000004,2400,3.1749553966343975,1.338036469852901,5.548950153344292,0.9883333333333333,0.9917254791911064,6.1004540510805505,0.0
A,discrepancy,0.030000000000000006,2400,3.1878616250355174,1.3515412889913812,5.576114996995089,0.98625,0.9368854837191859,5.991795488603954,0.0
A,discrepancy,0.04000000000000001,2400,4.016505144933406,1.7419574269093,6.915969089464998,0.9804166666666667,0.8719755168248736,5.888353837829342,0.0
A,discrepancy,0.05000000000000001,2400,4.4472166005254,2.1731973338483628,7.305869633425319,0.9766666666666667,0.850927776736852,5.804391099639891,0.001530221882172915
A,discrepancy,0.06000000000000001,2400,4.458092303981928,2.175280817983283,7.315674914177167,0.9754166666666667,0.8389109015232225,5.732165079221625,0.013771996939556235
A,discrepancy,0.07,2400,4.516190422128856,2.2553520765438693,7.3713157424794815,0.97125,0.8252659539812718,5.678670782992946,0.02142310635042081
A,discrepancy,0.08,2400,4.521292427018029,2.2632034339268836,7.375525191584586,0.97,0.8128676370463241,5.612868715645015,0.02142310635042081
A,discrepancy,0.09000000000000001,2400,4.538067003471801,2.2837302284838787,7.393107565305706,0.9666666666666667,0.7990030892300871,5.509920179132914,0.02218821729150727
A,discrepancy,0.1,2400,5.178439988069769,2.69350003855592,8.256225579537688,0.9625,0.7872123653650843,5.391114676063784,0.02218821729150727
A,discrepancy,0.15,2400,5.272729443219126,2.78537707682681,8.336187364465587,0.92875,0.7505905405108639,5.082338812187223,0.028309104820198928
A,discrepancy,0.19999999999999998,2400,5.30084432153186,2.813623586752221,8.361931478798423,0.91625,0.7404706356977623,5.032349069804653,0.029074215761285386
A,discrepancy,0.25,2400,5.3161587887862,2.8287337050147663,8.378195071766633,0.9108333333333334,0.7360657669030805,5.007937644045893,0.029074215761285386
A,discrepancy,0.3,2400,5.366840206749573,2.882962102114814,8.42917265414746,0.89375,0.7280972280764865,4.964288173213748,0.03136954858454476
A,discrepancy,0.35,2400,5.437905551013751,2.963432950164498,8.483016714823288,0.875,0.7150959019046188,4.885568375223756,0.03519510328997705
A,discrepancy,0.39999999999999997,2400,5.477397474705676,3.01367701844733,8.526507850865375,0.8654166666666666,0.7058971759935716,4.827853151202902,0.03978576893649579
A,discrepancy,0.44999999999999996,2400,5.501929473361762,3.0337043392648573,8.543165921659533,0.8608333333333333,0.7003451491550656,4.80144126518664,0.04361132364192808
A,discrepancy,0.5,2400,5.542958929882249,3.0757795560740675,8.576350162147385,0.8525,0.6929413555205771,4.736702620036655,0.04437643458301454
A,discrepancy,0.5499999999999999,2400,5.564665019105914,3.1178516852800096,8.596323935453633,0.8466666666666667,0.6885391657071664,4.714655126975388,0.04973221117061974
A,discrepancy,0.6,2400,5.575274224525997,3.126569964133978,8.6069692824828,0.8433333333333334,0.6806508580298304,4.701516835115371,0.05508798775822494
A,discrepancy,0.6499999999999999,2400,5.595064609318198,3.15335994081941,8.630150905232542,0.8391666666666666,0.6732007262066739,4.690827613285431,0.06350420811017597
A,discrepancy,0.7,2400,5.636200444135968,3.186121448519632,8.670957649827018,0.8304166666666667,0.662730651066898,4.657871383542925,0.07268553940321347
A,discrepancy,0.75,2400,5.682716356332096,3.241025046933933,8.721243487011973,0.81875,0.6487755094304487,4.608798063035829,0.08875286916602908
A,discrepancy,0.7999999999999999,2400,5.726499181248835,3.2902836556445605,8.767069133735957,0.8104166666666667,0.6326408374039635,4.557999223662873,0.11094108645753634
A,discrepancy,0.85,2400,5.758589677740908,3.3403497741744004,8.786625715525101,0.8016666666666666,0.6231037555060684,4.496583760052032,0.12241775057383321
A,discrepancy,0.8999999999999999,2400,5.8198756076483145,3.3905408177610434,8.849001303370109,0.79125,0.6135158113318817,4.411321896391243,0.12930374904361133
A,discrepancy,0.95,2400,5.854363529797543,3.4345712876785264,8.884921376942318,0.78375,0.6050315855623666,4.367700282009176,0.14001530221882172
A,sensitivity,0.01,2400,5.995269474495849,3.6296905403708957,8.909106532035175,0.8329166666666666,0.6326178404643391,4.33001460109751,0.2930374904361132
A,sensitivity,0.020000000000000004,2400,6.143818648232529,3.7808704207035175,9.04246253200936,0.8170833333333334,0.6220130004615632,4.15854008169755,0.2930374904361132
A,sensitivity,0.030000000000000006,2400,6.229475401930852,3.855583972335566,9.139668852594735,0.8075,0.6162809673856667,4.0745118589079965,0.2930374904361132
A,sensitivity,0.04000000000000001,2400,6.3042158687207195,3.9145766162017677,9.21430695746397,0.8,0.6101946679824017,3.9968527926796287,0.2930374904361132
A,sensitivity,0.05000000000000001,2400,6.342063892956914,3.9472531334119227,9.24720134085472,0.79625,0.6039036326660161,3.894588237524613,0.2930374904361132
A,sensitivity,0.06000000000000001,2400,6.355803816141943,3.9581952330223125,9.271285280935293,0.7945833333333333,0.5991661645516395,3.825485046368373,0.2930374904361132
A,sensitivity,0.07,2400,6.375864964877616,3.9768457827580086,9.29499771174526,0.7920833333333334,0.593659170426268,3.7434811421650407,0.2930374904361132
A,sensitivity,0.08,2400,6.399735153845045,4.008666794272513,9.309536326768844,0.7895833333333333,0.588304008806588,3.654352313645465,0.2930374904361132
A,sensitivity,0.09000000000000001,2400,6.431106980530114,4.028796482877496,9.343852097906913,0.7870833333333334,0.5830275047987571,3.579865544746705,0.2930374904361132
A,sensitivity,0.1,2400,6.439594777699843,4.03325429937297,9.348358655784589,0.78625,0.579437232204589,3.5122417641483663,0.2930374904361132
A,sensitivity,0.15,2400,6.458903070292905,4.056615708535609,9.377546221251455,0.7829166666666667,0.568551009895056,3.373470071674986,0.2930374904361132
A,sensitivity,0.19999999999999998,2400,6.464913599471558,4.065521825050536,9.382697533421673,0.7820833333333334,0.5622006180920264,3.3091684604895546,0.2930374904361132
A,sensitivity,0.25,2400,6.494305565864296,4.086992424862214,9.403067541062438,0.7804166666666666,0.5587154557447972,3.2736322600141343,0.2930374904361132
A,sensitivity,0.3,2400,6.50184605423988,4.096410590891484,9.409616895642323,0.7795833333333333,0.5547069482655169,3.2377275057349895,0.2930374904361132
A,sensitivity,0.35,2400,6.518509030852012,4.107693880835638,9.427120976563781,0.7783333333333333,0.5520614279731144,3.210626719451672,0.2930374904361132
A,sensitivity,0.39999999999999997,2400,6.522141727121541,4.117672900979922,9.431617855247953,0.7775,0.5507359106937433,3.197470639131228,0.2930374904361132
A,sensitivity,0.44999999999999996,2400,6.532223613004289,4.13689238127649,9.455070266305041,0.7766666666666666,0.5496535660366507,3.1847188014062278,0.2930374904361132
A,sensitivity,0.5,2400,6.536976300675122,4.14378008693727,9.463697582867503,0.7754166666666666,0.5480103548850955,3.1605583550287033,0.2930374904361132
A,sensitivity,0.5499999999999999,2400,6.5374271951678145,4.144125514903365,9.464098637143406,0.7754166666666666,0.546766621518614,3.146000734092031,0.2930374904361132
A,sensitivity,0.6,2400,6.547377929038194,4.149901822726811,9.476952228226725,0.7745833333333333,0.5460736538254068,3.138461258889941,0.2930374904361132
A,sensitivity,0.6499999999999999,2400,6.551408074928999,4.153692815996375,9.483480003406902,0.77375,0.5450090886690868,3.1285637223145266,0.2930374904361132
A,sensitivity,0.7,2400,6.553780060018887,4.160927370520533,9.48585198849679,0.7733333333333333,0.5446250802087217,3.122570485372022,0.2930374904361132
A,sensitivity,0.75,2400,6.5541005728394,4.161095639751303,9.486172501317302,0.7733333333333333,0.5443525688889553,3.1197631430224493,0.2930374904361132
A,sensitivity,0.7999999999999999,2400,6.556526911287639,4.165416365032406,9.488726201775922,0.7725,0.5436155916297103,3.1099600979832847,0.2930374904361132
A,sensitivity,0.85,2400,6.556647832916157,4.165559534946534,9.48887449832697,0.7725,0.5433905742912992,3.107036405914117,0.2930374904361132
A,sensitivity,0.8999999999999999,2400,6.563825447289187,4.1763400984279935,9.489492953580346,0.7716666666666666,0.5429587841234457,3.099067417783699,0.2930374904361132
A,sensitivity,0.95,2400,6.565484991295805,4.178550425837755,9.492675540284102,0.7708333333333334,0.5426501364882798,3.093420269704117,0.2930374904361132
A,novelty,0.5,2400,0.8866680062731211,0.7980207252403525,0.9735670379643885,0.7633333333333333,0.6365654348119345,4.120952365130173,0.3389441469013007
A,novelty,0.75,2400,2.3900143097050646,1.5805446324964258,3.594135343139829,0.5954166666666667,0.3207719906592554,2.1151515215943495,0.6465187452180566
A,novelty,0.9,2400,5.103818576574082,3.310089691171256,7.150195956263908,0.5270833333333333,0.1782696166773477,1.0155511114551337,0.8079571537872992
A,novelty,0.95,2400,6.669307709838029,4.332781527799057,9.154932068917956,0.4945833333333333,0.13155497731803345,0.8144582476372397,0.8936495791889824
A,novelty,0.99,2400,7.5720450195419895,5.141616402523703,10.195220298930243,0.46291666666666664,0.07436006032127418,0.4395210359735423,0.9671002295332823
A,uncertainty,0.01,2400,0.001711638132890683,0.0006315713361986518,0.0036077408175457185,0.9995833333333334,0.9441091104541947,5.3445071647142415,0.0
A,uncertainty,0.020000000000000004,2400,0.0017987099554095303,0.0006913752784821752,0.003644150887996046,0.9995833333333334,0.8704513899345532,4.912686025557241,0.0
A,uncertainty,0.030000000000000006,2400,0.0030881815481017833,0.0012281923326998897,0.005512848274783207,0.9991666666666666,0.8173921164855535,4.5476405571906104,0.0
A,uncertainty,0.04000000000000001,2400,0.0032942413904388877,0.0013750201024458166,0.005700918297242411,0.9991666666666666,0.7747524251078547,4.27257285722773,0.0
A,uncertainty,0.05000000000000001,2400,0.006436618714826218,0.0027245208835005416,0.011985084232916846,0.9979166666666667,0.7381751297934219,4.028834330206882,0.0
A,uncertainty,0.06000000000000001,2400,0.00789775091796695,0.003883090189320052,0.013231091095879045,0.9970833333333333,0.7086147121618515,3.8418046342743706,0.0
A,uncertainty,0.07,2400,0.010802646491832322,0.0058738046670190345,0.01749047693853386,0.9954166666666666,0.6871056115832742,3.680592870478119,0.0
A,uncertainty,0.08,2400,0.013285234565430449,0.008180888782816214,0.019741344439717208,0.9941666666666666,0.6670921454131793,3.52310072663898,0.0
A,uncertainty,0.09000000000000001,2400,0.015298740024744942,0.01016776600640594,0.02205042590703278,0.9933333333333333,0.6492050859793879,3.3701911576623056,0.0
A,uncertainty,0.1,2400,0.021128500068480296,0.014187624061091371,0.028972429788534145,0.99125,0.6319639555319336,3.219874151540607,0.0
A,uncertainty,0.15,2400,0.038724773861402814,0.028788044558753105,0.04993329011282323,0.9845833333333334,0.5735760587225891,2.697174783918087,0.0
A,uncertainty,0.19999999999999998,2400,0.057563589350550594,0.0420931135079205,0.07240855155388319,0.9779166666666667,0.5327260607156923,2.407414323396012,0.0
A,uncertainty,0.25,2400,0.07917780025799094,0.05592358285218786,0.09685584196525139,0.9716666666666667,0.5031794151243135,2.1925818696706756,0.0
A,uncertainty,0.3,2400,0.08733733768358944,0.06572256922886992,0.1059542634404159,0.96875,0.4829946804040456,2.0947034176731965,0.0
A,uncertainty,0.35,2400,0.09540661375113219,0.07490796865570795,0.11572697548218502,0.9658333333333333,0.46990900333845426,2.007941321425287,0.0
A,uncertainty,0.39999999999999997,2400,0.10003537852891634,0.07854435299877692,0.12048522197975485,0.9641666666666666,0.45991165998979994,1.9381398044548466,0.0
A,uncertainty,0.44999999999999996,2400,0.11221234643725289,0.08610246472813658,0.13629780350028667,0.96,0.44687430299355657,1.849413437433183,0.0
A,uncertainty,0.5,2400,0.12210557184095715,0.09345891574667357,0.148595515900108,0.9583333333333334,0.438129672121078,1.7825444343677705,0.0
A,uncertainty,0.5499999999999999,2400,0.12568632853333248,0.09660466886760166,0.1521744061058965,0.9570833333333333,0.4328080531494231,1.767674200711111,0.0
A,uncertainty,0.6,2400,0.13165736239695316,0.10272740859762731,0.15839511093941427,0.9545833333333333,0.42715694911645596,1.717535195557357,0.0
A,uncertainty,0.6499999999999999,2400,0.13580472944626815,0.10607216605349305,0.16442894248207893,0.9529166666666666,0.4214589134382506,1.6991299865848608,0.0
A,uncertainty,0.7,2400,0.1388371836935979,0.10908492040691903,0.16691677781762157,0.9520833333333333,0.4167009731248301,1.6656566629940275,0.0
A,uncertainty,0.75,2400,0.14823595943725054,0.11356656233645271,0.17997852755270746,0.9504166666666667,0.4121894446446668,1.645722186051953,0.0
A,uncertainty,0.7999999999999999,2400,0.15618350135939166,0.12388466916416957,0.18550735739874596,0.9495833333333333,0.4083176483210206,1.625029044442793,0.0
A,uncertainty,0.85,2400,0.15726683482007045,0.12479106297125196,0.18664902458845878,0.9495833333333333,0.4050525945215289,1.6133255483065476,0.0
A,uncertainty,0.8999999999999999,2400,0.1637104850813906,0.1304213613140267,0.19491912989687135,0.9470833333333334,0.40225984115395463,1.5959792382686404,0.0
A,uncertainty,0.95,2400,0.16590588106382437,0.13218954415375317,0.1967839941196252,0.9458333333333333,0.3989921315357601,1.5875093579286599,0.0
A,uncertainty_per_cost,0.0,2400,0.02733681761755885,0.006871810125389721,0.05735707327515087,0.9979166666666667,1.0636760933985303,5.946172337954607,0.0
A,uncertainty_per_cost,1e-08,2400,0.028529255218933423,0.008334812021381153,0.058704942023668216,0.9979166666666667,1.0026253904867892,4.8448066651647395,0.0
A,uncertainty_per_cost,1.333521432163324e-08,2400,0.028811051375154235,0.008526814647221518,0.05887269359918689,0.9979166666666667,0.98551470186809,4.572653270859382,0.0
A,uncertainty_per_cost,1.7782794100389228e-08,2400,0.02931321845698369,0.008767779882690263,0.059082330851567624,0.9979166666666667,0.9690961560841341,4.344602204768162,0.0
A,uncertainty_per_cost,2.371373705661655e-08,2400,0.029672832390365566,0.00899997805357556,0.05933955256158265,0.9979166666666667,0.9428262978852043,4.08925182862773,0.0
A,uncertainty_per_cost,3.162277660168379e-08,2400,0.029875891560474224,0.009262135477108836,0.059600408193406784,0.9979166666666667,0.923711585439587,3.872847714173501,0.0
A,uncertainty_per_cost,4.2169650342858225e-08,2400,0.03207186528664495,0.011548792459371095,0.06061047477462814,0.9970833333333333,0.8917275377547828,3.5757788286485295,0.0
A,uncertainty_per_cost,5.6234132519034905e-08,2400,0.03491661211410177,0.014677384388901574,0.06346926911438772,0.9958333333333333,0.8620161594450292,3.335009768731015,0.0
A,uncertainty_per_cost,7.498942093324559e-08,2400,0.043186316363623155,0.02037134600506896,0.07240584398196537,0.9916666666666667,0.8257899267201302,3.082108509701035,0.0
A,uncertainty_per_cost,1e-07,2400,0.054087237730526545,0.02884978408540142,0.08385519773734951,0.9895833333333334,0.7733990456085184,2.848261113327732,0.0
A,uncertainty_per_cost,1.333521432163324e-07,2400,0.06889977273903802,0.0432415822015782,0.09859425321216872,0.9841666666666666,0.6981468397327615,2.54524087714514,0.0022953328232593728
A,uncertainty_per_cost,1.7782794100389227e-07,2400,0.08769011758054467,0.0575419180478236,0.1200803874621785,0.9779166666666667,0.641243393264397,2.316954108422636,0.0022953328232593728
A,uncertainty_per_cost,2.3713737056616554e-07,2400,0.11066086555529639,0.08199517330937968,0.1412966991580956,0.97,0.5949647861523918,2.0807534516455415,0.0038255547054322878
A,uncertainty_per_cost,3.162277660168379e-07,2400,0.1295795885990043,0.10062719737352703,0.16319080492069873,0.965,0.5528494952082599,1.8660116107559437,0.011476664116296864
A,uncertainty_per_cost,4.2169650342858225e-07,2400,0.1821833444950698,0.14889758092898223,0.21864042076639054,0.9479166666666666,0.49677229218154517,1.5975150481567957,0.02448355011476664
A,uncertainty_per_cost,5.62341325190349e-07,2400,0.20980189325949175,0.1742010344293826,0.24628753601688433,0.9354166666666667,0.43893776141543733,1.4314894198748607,0.03978576893649579
A,uncertainty_per_cost,7.498942093324558e-07,2400,0.254724778453249,0.21857702830838008,0.2910060388649323,0.9154166666666667,0.3956628466668343,1.2578973473407282,0.06503442999234889
A,uncertainty_per_cost,1e-06,2400,0.30436715489396815,0.2627635101277045,0.34371634853422733,0.9004166666666666,0.36161457079568265,1.1366831392723604,0.0811017597551645
A,uncertainty_per_cost,1.333521432163324e-06,2400,0.4176422966178802,0.3646310627215921,0.46915431335178126,0.8691666666666666,0.32406470954709776,0.988532018646071,0.12700841622035194
A,uncertainty_per_cost,1.7782794100389227e-06,2400,0.5656027150757656,0.5022141636310181,0.619050464714317,0.83,0.2814771802563196,0.8482024852473083,0.20428462127008415
A,uncertainty_per_cost,2.3713737056616552e-06,2400,0.7543358692889603,0.6834819044633833,0.8263554000832235,0.7829166666666667,0.24056966472858296,0.7167530506568619,0.3029839326702372
A,uncertainty_per_cost,3.162277660168379e-06,2400,1.353025596380187,0.9138109074232822,2.180494882368366,0.73875,0.20301654244909234,0.6080008343218802,0.4039785768936496
A,uncertainty_per_cost,4.216965034285822e-06,2400,1.5842323363660087,1.1307544863435641,2.413129725875665,0.6958333333333333,0.1704906845919173,0.5061083145643624,0.5065034429992349
A,uncertainty_per_cost,5.623413251903491e-06,2400,1.79546076258392,1.3489805882194548,2.6483969683038007,0.6375,0.13488771855256096,0.43587421189229947,0.62203519510329
A,uncertainty_per_cost,7.498942093324558e-06,2400,1.9887158711112594,1.5288505703511708,2.834861310601018,0.5920833333333333,0.10865008845520455,0.38318365024189005,0.7130833970925784
A,uncertainty_per_cost,9.999999999999999e-06,2400,2.1532438551636015,1.6808072959458535,2.982050847910974,0.5466666666666666,0.09066313582094858,0.3477459293885507,0.8048967100229534
A,uncertainty_per_cost,1.333521432163324e-05,2400,2.275847159013607,1.8019892584243506,3.0982419766794624,0.515,0.07996597765257869,0.32486704617771767,0.8684009181331293
A,uncertainty_per_cost,1.778279410038923e-05,2400,2.41387117706206,1.9369438646946258,3.2352348200074,0.49416666666666664,0.07187234923775548,0.30045109453604407,0.9150726855394032
A,uncertainty_per_cost,2.3713737056616554e-05,2400,2.4702990926063473,1.9886575472508292,3.2950699137758828,0.48083333333333333,0.06827326924736983,0.2907058691943712,0.9433817903596021
A,uncertainty_per_cost,3.1622776601683795e-05,2400,2.5007767908901504,2.0218750480994205,3.3289530737989743,0.4741666666666667,0.06670381173265177,0.2863670936643545,0.9594491201224178
A,uncertainty_per_cost,4.216965034285822e-05,2400,2.515984208618093,2.0338306511129915,3.3515879658264778,0.4691666666666667,0.06561276138958026,0.28408863869810375,0.9709257842387146
A,uncertainty_per_cost,5.623413251903491e-05,2400,2.9356435478059364,2.0868432297371724,4.205088863181194,0.4675,0.06530126939765879,0.2831601827964399,0.9747513389441469
A,uncertainty_per_cost,7.498942093324559e-05,2400,3.3557449537949324,2.2503495769529254,4.923850418144359,0.46541666666666665,0.06487213145205874,0.2813582109143529,0.9793420045906657
A,uncertainty_per_cost,0.0001,2400,3.5766929294461214,2.4099015545734597,5.360620091777983,0.46458333333333335,0.06466349233452749,0.27854611169310073,0.9824024483550114
A,uncertainty_per_cost,0.0001333521432163324,2400,3.5985556746631686,2.431764299671499,5.37370015647139,0.46416666666666667,0.06439609980416823,0.2781933791356005,0.9839326702371843
A,uncertainty_per_cost,0.00017782794100389227,2400,3.8606634952549954,2.664645180801704,5.73259466020547,0.4625,0.0636654292231981,0.27642832382393256,0.9869931140015302
A,uncertainty_per_cost,0.0002371373705661655,2400,4.328663495254996,2.832089114529367,6.2097118419804245,0.46166666666666667,0.0634929529589628,0.27432136362934517,0.9885233358837031
A,uncertainty_per_cost,0.00031622776601683794,2400,4.328663495254996,2.832089114529367,6.2097118419804245,0.46166666666666667,0.0634929529589628,0.27432136362934517,0.9885233358837031
A,uncertainty_per_cost,0.00042169650342858224,2400,5.575168544112617,3.614526108809952,7.6939424626528,0.4583333333333333,0.06265565737488316,0.267573751254334,0.9946442234123948
A,uncertainty_per_cost,0.0005623413251903491,2400,6.174288642151833,4.121756912066535,8.490902396633146,0.4575,0.06250290957375272,0.2652218211572472,0.9961744452945677
A,uncertainty_per_cost,0.0007498942093324559,2400,6.792080308818498,4.612388425134181,9.032637253307406,0.45666666666666667,0.0622286646035066,0.26249866255807924,0.9977046671767407
A,uncertainty_per_cost,0.001,2400,7.2043303088184985,4.841663253605098,9.603687146306124,0.45625,0.06214811946144806,0.26073619353808075,0.9984697781178271
A,uncertainty_per_cost,0.001333521432163324,2400,7.620955308818499,5.130337093592823,10.725118931588685,0.4558333333333333,0.0620452434706262,0.260353557651412,0.9992348890589136
A,uncertainty_per_cost,0.0017782794100389228,2400,7.620955308818499,5.130337093592823,10.725118931588685,0.4558333333333333,0.0620452434706262,0.260353557651412,0.9992348890589136
A,uncertainty_per_cost,0.0023713737056616554,2400,7.620955308818499,5.130337093592823,10.725118931588685,0.4558333333333333,0.0620452434706262,0.260353557651412,0.9992348890589136
A,uncertainty_per_cost,0.0031622776601683794,2400,8.030663642151834,5.482513080927351,11.074338516654297,0.4554166666666667,0.0619444732594499,0.26008640629974555,1.0
A,uncertainty_per_cost,0.004216965034285822,2400,8.030663642151834,5.482513080927351,11.074338516654297,0.4554166666666667,0.0619444732594499,0.26008640629974555,1.0
A,uncertainty_per_cost,0.005623413251903491,2400,8.030663642151834,5.482513080927351,11.074338516654297,0.4554166666666667,0.0619444732594499,0.26008640629974555,1.0
A,uncertainty_per_cost,0.007498942093324558,2400,8.030663642151834,5.482513080927351,11.074338516654297,0.4554166666666667,0.0619444732594499,0.26008640629974555,1.0
A,uncertainty_per_cost,0.01,2400,8.030663642151834,5.482513080927351,11.074338516654297,0.4554166666666667,0.0619444732594499,0.26008640629974555,1.0
A,fullstate_voc,0.0,2400,0.21739112730714813,0.1818816545116479,0.2625169297421898,0.935,0.7766712834266237,4.605310132954131,0.0
A,fullstate_voc,1e-08,2400,0.21810928844829267,0.1829069151760688,0.2630009364130843,0.9345833333333333,0.7659873500750678,4.508402052637396,0.0
A,fullstate_voc,1.333521432163324e-08,2400,0.21811815212288405,0.18291539601760004,0.26300758871941843,0.9345833333333333,0.762704632834017,4.48375779319989,0.0
A,fullstate_voc,1.7782794100389228e-08,2400,0.21906708884294318,0.18347109926986774,0.26450487367437503,0.9341666666666667,0.7579199868461406,4.445480900572802,0.0
A,fullstate_voc,2.371373705661655e-08,2400,0.21906714451406548,0.18347114431436282,0.26450490917457614,0.9341666666666667,0.7525684737375408,4.421224229887369,0.0
A,fullstate_voc,3.162277660168379e-08,2400,0.2199574735524619,0.1840173538782261,0.2655594363374704,0.93375,0.7248499744779114,4.288591648492362,0.0
A,fullstate_voc,4.2169650342858225e-08,2400,0.2203292677299539,0.18474272706639752,0.26631158686469136,0.93375,0.7116748418695279,4.185339052892395,0.0
A,fullstate_voc,5.6234132519034905e-08,2400,0.22086292075125036,0.18489783782938785,0.2666867535717806,0.9333333333333333,0.7017114694489089,4.113834639630356,0.0
A,fullstate_voc,7.498942093324559e-08,2400,0.2230882826179969,0.18753100586238827,0.2691665467700151,0.9320833333333334,0.6899204868480063,3.9862371170449022,0.0
A,fullstate_voc,1e-07,2400,0.22369170227880622,0.18817357408084406,0.2695677285054575,0.9320833333333334,0.6778961880854666,3.878384511376089,0.0
A,fullstate_voc,1.333521432163324e-07,2400,0.2275507030775167,0.19280693337571292,0.27319756202614687,0.9308333333333333,0.6658211006411957,3.7006296666127825,0.0
A,fullstate_voc,1.7782794100389227e-07,2400,0.23339424044927257,0.1989338847714346,0.2799820530275639,0.92875,0.6544921419315783,3.5115103740010696,0.0
A,fullstate_voc,2.3713737056616554e-07,2400,0.24232912902658468,0.20598170123702297,0.28770035782463704,0.9254166666666667,0.6383243774944936,3.2986390197127307,0.0
A,fullstate_voc,3.162277660168379e-07,2400,0.24665112028577454,0.21179223236583558,0.29144054977965267,0.9245833333333333,0.6306729973222438,3.217843874336465,0.0
A,fullstate_voc,4.2169650342858225e-07,2400,0.25577203647974317,0.21778148516823825,0.30153783747661284,0.9220833333333334,0.6183890270247979,3.044540738168122,0.0
A,fullstate_voc,5.62341325190349e-07,2400,0.271953066920409,0.23537069212869535,0.31959708218824545,0.9166666666666666,0.5928334137168262,2.734314425659483,0.0
A,fullstate_voc,7.498942093324558e-07,2400,0.3464373343595263,0.27701180570477796,0.43912229880202513,0.9079166666666667,0.5554440482956032,2.4544954169728164,0.0
A,fullstate_voc,1e-06,2400,0.3855590801560113,0.3135307319791249,0.48229223237287583,0.8970833333333333,0.5080280793621597,2.1528886685782074,0.0
A,fullstate_voc,1.333521432163324e-06,2400,0.46616554224298623,0.38779033957279035,0.5610275796242761,0.87625,0.4424484237014006,1.8763653042869586,0.0038255547054322878
A,fullstate_voc,1.7782794100389227e-06,2400,0.5721199009702208,0.45012069708812086,0.7023509974667868,0.8620833333333333,0.40548073558957703,1.7703910571169976,0.0038255547054322878
A,fullstate_voc,2.3713737056616552e-06,2400,0.5820905894768723,0.46300219752842403,0.7140902344404547,0.86,0.39452040121041737,1.676219100055326,0.0038255547054322878
A,fullstate_voc,3.162277660168379e-06,2400,0.589321242419108,0.4690747481420478,0.7198418277451374,0.8575,0.38730944518725485,1.6393276961724224,0.0038255547054322878
A,fullstate_voc,4.216965034285822e-06,2400,0.5943857657743803,0.4747009601398423,0.7264309252422474,0.85625,0.3830178056731072,1.6092264986628562,0.0038255547054322878
A,fullstate_voc,5.623413251903491e-06,2400,0.600421861285734,0.48290806533522757,0.7296231859344035,0.8554166666666667,0.3799694215255606,1.5648701498249467,0.0038255547054322878
A,fullstate_voc,7.498942093324558e-06,2400,0.6005204793930955,0.48308681170349044,0.7296669768261032,0.8554166666666667,0.37786699366668647,1.5613351794720438,0.0038255547054322878
A,fullstate_voc,9.999999999999999e-06,2400,1.230645362003228,0.5604235059424528,2.1978431108998677,0.8533333333333334,0.37226292576427567,1.5412041598870383,0.006885998469778117
A,fullstate_voc,1.333521432163324e-05,2400,2.51119333590626,1.182937621200602,4.364909514978718,0.8458333333333333,0.36284992100005836,1.491697606602044,0.019127773527161437
A,fullstate_voc,1.778279410038923e-05,2400,3.1469667705285165,1.5326062572513937,5.122812557574027,0.79375,0.3160592904712978,1.3375579454189999,0.03366488140780413
A,fullstate_voc,2.3713737056616554e-05,2400,4.52874029067153,2.556560519982513,7.0998527278717525,0.7645833333333333,0.2783754458121921,1.2365721453173075,0.05508798775822494
A,fullstate_voc,3.1622776601683795e-05,2400,4.643191851544567,2.667658691472595,7.218396195527979,0.7333333333333333,0.23191730908641042,1.1369231736126737,0.06273909716908951
A,fullstate_voc,4.216965034285822e-05,2400,5.583114214793804,3.4857422419459225,8.102541992574384,0.70625,0.19550580624703476,1.0111291833064115,0.09640397857689365
A,fullstate_voc,5.623413251903491e-05,2400,6.08376321132732,3.7529050895085394,8.736092987935155,0.6808333333333333,0.1779595234428092,0.867108845274297,0.17903596021423107
A,fullstate_voc,7.498942093324559e-05,2400,7.118116799225894,4.7110112021560075,10.082534786127331,0.65125,0.1563832097258834,0.6376947347280566,0.3068094873756695
A,fullstate_voc,0.0001,2400,7.578905511714002,5.00748282716307,10.63298985372496,0.6133333333333333,0.12979297329023326,0.38930055402095604,0.4957918898240245
A,fullstate_voc,0.0001333521432163324,2400,7.657053247063721,5.077921938287412,10.696356494597127,0.5858333333333333,0.11198117251600334,0.34304389054258233,0.6250956388676359
A,fullstate_voc,0.00017782794100389227,2400,7.776893702104582,5.214251942678758,10.807207388019405,0.5516666666666666,0.0976502859454722,0.30404302597801386,0.7368018362662586
A,fullstate_voc,0.0002371373705661655,2400,7.866663750059964,5.301222888493586,10.908244274526291,0.5216666666666666,0.08423164651604767,0.28373807608850865,0.8156082631981637
A,fullstate_voc,0.00031622776601683794,2400,7.978588239933297,5.428750705087357,11.01823448265203,0.47791666666666666,0.06790838090552118,0.2659753602022526,0.9326702371843917
A,fullstate_voc,0.00042169650342858224,2400,8.01820383370295,5.468787477093304,11.056656445212438,0.4608333333333333,0.0634921548504919,0.2614612212126849,0.9755164498852333
A,fullstate_voc,0.0005623413251903491,2400,8.02593834062372,5.473452870509515,11.06960915297657,0.4575,0.06256994140449147,0.26061470133266085,0.9892884468247896
A,fullstate_voc,0.0007498942093324559,2400,8.030663651045412,5.482513079980998,11.074338520848327,0.4554166666666667,0.0622642585607059,0.260396030928905,0.9931140015302219
A,fullstate_voc,0.001,2400,8.03066365049318,5.482513079981085,11.074338520558372,0.4554166666666667,0.06216393847154966,0.2602826750672405,0.9946442234123948
A,fullstate_voc,0.001333521432163324,2400,8.03066365049318,5.482513079981085,11.074338520558372,0.4554166666666667,0.06216393847154966,0.2602826750672405,0.9946442234123948
A,fullstate_voc,0.0017782794100389228,2400,8.030663641794144,5.482513080399761,11.074338516466511,0.4554166666666667,0.062008383033885985,0.26014847815349035,0.9992348890589136
A,fullstate_voc,0.0023713737056616554,2400,8.030663641794144,5.482513080399761,11.074338516466511,0.4554166666666667,0.062008383033885985,0.26014847815349035,0.9992348890589136
A,fullstate_voc,0.0031622776601683794,2400,8.030663641794144,5.482513080399761,11.074338516466511,0.4554166666666667,0.062008383033885985,0.26014847815349035,0.9992348890589136
A,fullstate_voc,0.004216965034285822,2400,8.030663641794144,5.482513080399761,11.074338516466511,0.4554166666666667,0.062008383033885985,0.26014847815349035,0.9992348890589136
A,fullstate_voc,0.005623413251903491,2400,8.030663642151834,5.482513080927351,11.074338516654297,0.4554166666666667,0.0619444732594499,0.26008640629974555,1.0
A,fullstate_voc,0.007498942093324558,2400,8.030663642151834,5.482513080927351,11.074338516654297,0.4554166666666667,0.0619444732594499,0.26008640629974555,1.0
A,fullstate_voc,0.01,2400,8.030663642151834,5.482513080927351,11.074338516654297,0.4554166666666667,0.0619444732594499,0.26008640629974555,1.0
A,voc,0.0,2400,0.020176884307255685,0.0011879879434678834,0.04564752057979934,0.99875,0.7445050464230525,4.4580880088833235,0.0
A,hybrid,0.0,2400,0.5810175172770865,0.4857679498505518,0.679517123000908,0.835,0.3686931405726213,1.5843024808537878,0.030604437643458302
A,voc,1e-08,2400,0.020573159451189312,0.0013727280969625512,0.045824700655830775,0.99875,0.7233311504535945,4.131924150277027,0.0
A,hybrid,1e-08,2400,0.581017515794826,0.4857679467909476,0.6795171203947798,0.835,0.3675706768312926,1.5789803827983602,0.03136954858454476
A,voc,1.333521432163324e-08,2400,0.020613864055778988,0.001431171681190211,0.04586249042864423,0.99875,0.7153411865405558,4.002661772283279,0.0
A,hybrid,1.333521432163324e-08,2400,0.581017511940661,0.48576794293678266,0.6795171165406149,0.835,0.36704874573527674,1.5769988727608597,0.03136954858454476
A,voc,1.7782794100389228e-08,2400,0.020707776901276786,0.0015160252279187545,0.04601505422632881,0.99875,0.7057781148923354,3.846044372696603,0.0
A,hybrid,1.7782794100389228e-08,2400,0.5810175128877197,0.48576794377127064,0.6795171171380138,0.835,0.366185106631275,1.5745470458512683,0.03136954858454476
A,voc,2.371373705661655e-08,2400,0.020951094751496754,0.0017903468494643564,0.04621997109820157,0.99875,0.694443679296371,3.643499850721182,0.0
A,hybrid,2.371373705661655e-08,2400,0.5810175045446296,0.4857679398083028,0.6795171087949237,0.835,0.3657262227969561,1.57122562529501,0.03136954858454476
A,voc,3.162277660168379e-08,2400,0.021297595143377663,0.0020942455970191062,0.04668693837142642,0.99875,0.6756695508467502,3.37218070070118,0.0
A,hybrid,3.162277660168379e-08,2400,0.5810174877211356,0.4857679144454868,0.6795170817357645,0.835,0.36290536352336367,1.5586276097087588,0.032134659525631215
A,voc,4.2169650342858225e-08,2400,0.021978232800502803,0.0029038102704238276,0.04751400716608048,0.99875,0.6547102538430634,3.0885799771320306,0.0
A,hybrid,4.2169650342858225e-08,2400,0.581017489005071,0.4857679144269324,0.6795170834540997,0.835,0.35984341051794927,1.5418398711295866,0.032134659525631215
A,voc,5.6234132519034905e-08,2400,0.02277692816438835,0.003788277463335105,0.048945955328607404,0.99875,0.6365778418388522,2.884449698146218,0.0
A,hybrid,5.6234132519034905e-08,2400,0.5810174891921662,0.485767914329811,0.679517083553922,0.835,0.3575959290177632,1.5277804065096037,0.03366488140780413
A,voc,7.498942093324559e-08,2400,0.023837947074780843,0.004859418598257217,0.049826237008586294,0.9983333333333333,0.6189173760027328,2.7374388223182815,0.0
A,hybrid,7.498942093324559e-08,2400,0.5810174799206622,0.4857679081528449,0.6795170627626429,0.835,0.353793886904384,1.5177315727391882,0.03519510328997705
A,voc,1e-07,2400,0.025741762857832064,0.006520241612253687,0.0515394792957813,0.9975,0.5934741470669646,2.6449007691849147,0.0
A,hybrid,1e-07,2400,0.5810174926117468,0.48576793383935113,0.6795170760759215,0.835,0.3499147709667364,1.509412577343349,0.04055087987758225
A,voc,1.333521432163324e-07,2400,0.026947101405465326,0.00766211920160483,0.052711280910119084,0.9970833333333333,0.5638890109530297,2.508936756235753,0.0
A,hybrid,1.333521432163324e-07,2400,0.5810175116139354,0.4857679666475237,0.6795170993180657,0.835,0.342352905496764,1.4982684033887805,0.04437643458301454
A,voc,1.7782794100389227e-07,2400,0.031890137918792194,0.013136452574279011,0.059552623476740035,0.995,0.5410672800920803,2.4029610021353407,0.0007651109410864575
A,hybrid,1.7782794100389227e-07,2400,0.5810174924077798,0.4857679482569204,0.679517091273145,0.835,0.33756383622066466,1.4899844809058747,0.045906656465187455
A,voc,2.3713737056616554e-07,2400,0.039803833269331436,0.020197577700383024,0.0663823589259264,0.9920833333333333,0.516120052014544,2.2737501154770414,0.001530221882172915
A,hybrid,2.3713737056616554e-07,2400,0.5810174950105694,0.4857679500064947,0.6795171049419839,0.835,0.33232698296637236,1.4765817247258808,0.057383320581484314
A,voc,3.162277660168379e-07,2400,0.048979131970617984,0.027114213047500446,0.07724130647135771,0.9883333333333333,0.491433783915391,2.147795172366244,0.001530221882172915
A,hybrid,3.162277660168379e-07,2400,0.5810174901982146,0.4857679460568235,0.6795171168815433,0.835,0.3260737884371951,1.4600719744754467,0.08033664881407804
A,voc,4.2169650342858225e-07,2400,0.06668980406155987,0.045318010738295,0.09893984857180166,0.9804166666666667,0.46222215124154126,1.9672858379846003,0.001530221882172915
A,hybrid,4.2169650342858225e-07,2400,0.5810174567139709,0.4857679143399484,0.6795170771700126,0.835,0.3207854303231459,1.4491950884241729,0.090283091048202
A,voc,5.62341325190349e-07,2400,0.0818217192266745,0.058514681826629715,0.11289870730801484,0.975,0.4405510049720122,1.8236975349467017,0.001530221882172915
A,hybrid,5.62341325190349e-07,2400,0.5810174683114928,0.4857679324130732,0.6795171016897351,0.835,0.3164436670326183,1.441242987831253,0.09946442234123948
A,voc,7.498942093324558e-07,2400,0.10308629828444332,0.0752508272919302,0.13692942141800757,0.97,0.42454237692489555,1.7140294294245815,0.0022953328232593728
A,hybrid,7.498942093324558e-07,2400,0.581017452823194,0.48576790737038905,0.6795170805387843,0.835,0.3115025625468295,1.432471928152075,0.10864575363427698
A,voc,1e-06,2400,0.12138508192226642,0.09025925668065199,0.15639058966245636,0.9654166666666667,0.4112569771875267,1.6322350857757768,0.0022953328232593728
A,hybrid,1e-06,2400,0.5810174485536957,0.4857679096363966,0.6795170729889851,0.835,0.30394165650035254,1.4206050556045042,0.135424636572303
A,voc,1.333521432163324e-06,2400,0.1279626566860544,0.09697025364514715,0.16181512535427156,0.96375,0.39795682896523177,1.5823465500861917,0.0022953328232593728
A,hybrid,1.333521432163324e-06,2400,0.5810843456384714,0.4859686031268463,0.679587323245344,0.835,0.2945064381651321,1.4012691189198965,0.1530221882172915
A,voc,1.7782794100389227e-06,2400,0.13518257210528087,0.10113073357630444,0.16887221965017235,0.9629166666666666,0.38462303209061494,1.5348355689803672,0.0022953328232593728
A,hybrid,1.7782794100389227e-06,2400,0.5819319725693252,0.4864382843752471,0.6805828533671758,0.835,0.2831444932558199,1.3695904438578084,0.17521040550879877
A,voc,2.3713737056616552e-06,2400,0.1425661489169128,0.10758584316198731,0.17894440977253884,0.9616666666666667,0.37327937170074005,1.476546933069094,0.00306044376434583
A,hybrid,2.3713737056616552e-06,2400,0.5850359052866355,0.4890764734190862,0.6849511009943464,0.8345833333333333,0.2738742942432794,1.3259163415677904,0.19739862280030604
A,voc,3.162277660168379e-06,2400,0.14672400016785142,0.112485031962231,0.18335675558516792,0.96125,0.3632680631649448,1.4203911798382705,0.00306044376434583
A,hybrid,3.162277660168379e-06,2400,0.5880418801682464,0.4918599478907563,0.688332729049592,0.8345833333333333,0.26618740620283793,1.2782202870465305,0.21193573068094873
A,voc,4.216965034285822e-06,2400,0.16476783735982883,0.12919035213676003,0.2051885048076506,0.96,0.35429901017152127,1.358849960211143,0.005355776587605203
A,hybrid,4.216965034285822e-06,2400,0.6060856774630872,0.5082300683144788,0.703106966086434,0.8333333333333334,0.2582336852268204,1.2186172051923283,0.22570772762050498
A,voc,5.623413251903491e-06,2400,0.18312942984594177,0.14673483731138723,0.22238380517637935,0.95625,0.3466330877931706,1.2619308576586477,0.01224177505738332
A,hybrid,5.623413251903491e-06,2400,0.6244472607515001,0.5250393896007236,0.7237187070373728,0.8295833333333333,0.2509942497944415,1.1225604915952438,0.2394797245600612
A,voc,7.498942093324558e-06,2400,0.21380670023738466,0.1778540043717491,0.256385917351203,0.94375,0.33668753789269207,1.1489037655457226,0.03519510328997705
A,hybrid,7.498942093324558e-06,2400,0.6545651355709998,0.5591675200500105,0.7519782504891973,0.8175,0.241667369367044,1.0108342088081523,0.2631981637337414
A,voc,9.999999999999999e-06,2400,0.6467747555939777,0.22895537621624687,1.4468578210498322,0.92875,0.3282211367364448,1.0680705905785817,0.06350420811017597
A,hybrid,9.999999999999999e-06,2400,1.0865405196490758,0.6136571236879881,1.8973006503383627,0.8029166666666666,0.23391523310581377,0.9316115992185314,0.2915072685539403
A,voc,1.333521432163324e-05,2400,0.7197925387751515,0.2987714355352923,1.5194973697612166,0.8983333333333333,0.3133296822079573,0.9517740601827003,0.12165263963274675
A,hybrid,1.333521432163324e-05,2400,1.1538055413607777,0.6814219112759339,1.9658948304885193,0.775,0.22282967835588186,0.8234328909726688,0.34506503442999237
A,voc,1.778279410038923e-05,2400,0.8230184836788735,0.3930437336043104,1.6268197331921637,0.8604166666666667,0.2772022262607508,0.8367181558526833,0.19357306809487376
A,hybrid,1.778279410038923e-05,2400,1.229692785338602,0.7609587508426843,2.0419565967462754,0.7458333333333333,0.202815517533367,0.7354725449293316,0.40091813312930374
A,voc,2.3713737056616554e-05,2400,0.9418076611913807,0.5104457294351362,1.7471272654274737,0.8233333333333334,0.2422668875109134,0.7273680415922475,0.2631981637337414
A,hybrid,2.3713737056616554e-05,2400,1.32280354493227,0.8440697917277664,2.135825865976887,0.7183333333333334,0.1828985797595914,0.6472330126914039,0.45371078806426934
A,voc,3.1622776601683795e-05,2400,1.0992078264320966,0.663919600353844,1.9011314866972537,0.7758333333333334,0.20470429579346755,0.6392140873405757,0.3527161438408569
A,hybrid,3.1622776601683795e-05,2400,1.435185192048101,0.9548549543075567,2.2367658334173632,0.6875,0.1606819664276093,0.5799033433918157,0.5126243305279266
A,voc,4.216965034285822e-05,2400,1.2260402538543282,0.7820673829218049,2.033631350282826,0.7391666666666666,0.1733929633688511,0.5783801050043106,0.4254016832440704
A,hybrid,4.216965034285822e-05,2400,1.524555694308968,1.0397435308754772,2.338008379420116,0.66375,0.1399588279896704,0.5337707730818086,0.5623565416985463
A,voc,5.623413251903491e-05,2400,1.4611493214783582,1.0116713598236111,2.2856683995066502,0.69625,0.14641158578577418,0.49609161207725266,0.5141545524100994
A,hybrid,5.623413251903491e-05,2400,1.7172090271187483,1.2277876444019562,2.54536834230978,0.6329166666666667,0.12171676837794224,0.46388985161599217,0.6289211935730681
A,voc,7.498942093324559e-05,2400,1.7941830320321235,1.334095974208228,2.63780407640784,0.65125,0.1217124436380898,0.4014423960568456,0.6113236419280795
A,hybrid,7.498942093324559e-05,2400,2.0065793565907164,1.5096323205234938,2.8509903136636554,0.5975,0.10263935206750406,0.37951167637099387,0.7100229533282326
A,voc,0.0001,2400,2.4486484398739723,1.6194367556516156,3.720062671321735,0.6275,0.10515935175247146,0.33917928872309555,0.6763580719204285
A,hybrid,0.0001,2400,2.615706119290308,1.7769153049885023,3.872384727273011,0.5841666666666666,0.09191311056334873,0.3239142316243245,0.75592960979342
A,voc,0.0001333521432163324,2400,2.5662374743605563,1.7301071763142484,3.837513857036752,0.6129166666666667,0.09367916194816006,0.31969873847309827,0.7061973986228003
A,hybrid,0.0001333521432163324,2400,2.6896902138527063,1.8477267000775428,3.9624936545377993,0.57875,0.08601115903559155,0.3105516938664217,0.7689364957918898
A,voc,0.00017782794100389227,2400,2.887499763985496,1.905938139747219,4.322805174042511,0.5795833333333333,0.08365223971634353,0.3007966528047685,0.7719969395562356
A,hybrid,0.00017782794100389227,2400,2.983726543161025,1.9831810290524845,4.402857727335765,0.56125,0.07956634702674505,0.29594576333018874,0.8056618209640398
A,voc,0.0002371373705661655,2400,3.015421579787452,2.0571304733621445,4.456140105730216,0.5533333333333333,0.07757368326159819,0.2915853249868542,0.8201989288446825
A,hybrid,0.0002371373705661655,2400,3.083600018692225,2.0989487827319455,4.514567885311504,0.54625,0.07599310428195948,0.28977454946393055,0.8332058148431523
A,voc,0.00031622776601683794,2400,3.4915666241333185,2.310048188322968,5.28218398393545,0.5183333333333333,0.07203675782885324,0.2856206374547643,0.8844682478959449
A,hybrid,0.00031622776601683794,2400,3.550013670268294,2.362912222622998,5.300534342324018,0.5170833333333333,0.07138287156073511,0.2848250940535157,0.8867635807192042
A,voc,0.00042169650342858224,2400,3.5648191458416134,2.3833474147709515,5.351757727153682,0.48541666666666666,0.0673595918409522,0.2808634594972773,0.944912012241775
A,hybrid,0.00042169650342858224,2400,3.6224372799647933,2.434201567065825,5.369824555260659,0.4845833333333333,0.06675657943301642,0.2801283773972773,0.946442234123948
A,voc,0.0005623413251903491,2400,4.247781013229228,2.6399906778546485,6.139437473159113,0.46708333333333335,0.06459132984684804,0.27643011369643017,0.9785768936495792
A,hybrid,0.0005623413251903491,2400,4.28219401914728,2.666051724708234,6.1627949531570785,0.4666666666666667,0.06428982364288016,0.27606257264643014,0.9793420045906657
A,voc,0.0007498942093324559,2400,4.922199259302064,3.1682806206623324,7.038232131136272,0.4625,0.06365706590076488,0.271811079491005,0.9869931140015302
A,hybrid,0.0007498942093324559,2400,4.922199259302064,3.1682806206623324,7.038232131136272,0.4625,0.06365706590076488,0.271811079491005,0.9869931140015302
A,voc,0.001,2400,5.153247625323849,3.4102454919459317,7.102894006599615,0.46041666666666664,0.06316507234221694,0.26958445293975575,0.9908186687069626
A,hybrid,0.001,2400,5.153247625323849,3.4102454919459317,7.102894006599615,0.46041666666666664,0.06316507234221694,0.26958445293975575,0.9908186687069626
A,voc,0.001333521432163324,2400,5.595626291656078,3.6349092131515985,7.8436186513856745,0.45916666666666667,0.0626889194633763,0.26697427716183786,0.9931140015302219
A,hybrid,0.001333521432163324,2400,5.595626291656078,3.6349092131515985,7.8436186513856745,0.45916666666666667,0.0626889194633763,0.26697427716183786,0.9931140015302219
A,voc,0.0017782794100389228,2400,6.169627531040721,4.224526102094053,8.39472485369719,0.4579166666666667,0.062452553989923366,0.26372021015933267,0.9954093343534812
A,hybrid,0.0017782794100389228,2400,6.169627531040721,4.224526102094053,8.39472485369719,0.4579166666666667,0.062452553989923366,0.26372021015933267,0.9954093343534812
A,voc,0.0023713737056616554,2400,7.201085864374056,4.8275384870414255,10.061046010305654,0.45666666666666667,0.062207373612037244,0.26089554932057885,0.9977046671767407
A,hybrid,0.0023713737056616554,2400,7.201085864374056,4.8275384870414255,10.061046010305654,0.45666666666666667,0.062207373612037244,0.26089554932057885,0.9977046671767407
A,voc,0.0031622776601683794,2400,7.620955308818499,5.130337093592823,10.725118931588685,0.4558333333333333,0.0620452434706262,0.260353557651412,0.9992348890589136
A,hybrid,0.0031622776601683794,2400,7.620955308818499,5.130337093592823,10.725118931588685,0.4558333333333333,0.0620452434706262,0.260353557651412,0.9992348890589136
A,voc,0.004216965034285822,2400,7.620955308818499,5.130337093592823,10.725118931588685,0.4558333333333333,0.0620452434706262,0.260353557651412,0.9992348890589136
A,hybrid,0.004216965034285822,2400,7.620955308818499,5.130337093592823,10.725118931588685,0.4558333333333333,0.0620452434706262,0.260353557651412,0.9992348890589136
A,voc,0.005623413251903491,2400,8.030663642151834,5.482513080927351,11.074338516654297,0.4554166666666667,0.0619444732594499,0.26008640629974555,1.0
A,hybrid,0.005623413251903491,2400,8.030663642151834,5.482513080927351,11.074338516654297,0.4554166666666667,0.0619444732594499,0.26008640629974555,1.0
A,voc,0.007498942093324558,2400,8.030663642151834,5.482513080927351,11.074338516654297,0.4554166666666667,0.0619444732594499,0.26008640629974555,1.0
A,hybrid,0.007498942093324558,2400,8.030663642151834,5.482513080927351,11.074338516654297,0.4554166666666667,0.0619444732594499,0.26008640629974555,1.0
A,voc,0.01,2400,8.030663642151834,5.482513080927351,11.074338516654297,0.4554166666666667,0.0619444732594499,0.26008640629974555,1.0
A,hybrid,0.01,2400,8.030663642151834,5.482513080927351,11.074338516654297,0.4554166666666667,0.0619444732594499,0.26008640629974555,1.0
A,hardlabel,0.01,2400,0.03623218458280776,0.013023052497412629,0.06597124240664606,0.9975,0.5061879596007263,2.6764805030275904,0.0022953328232593728
A,hardlabel,0.020000000000000004,2400,0.04274692135952813,0.019863737439516704,0.07276488067309762,0.9970833333333333,0.4473327384338133,2.3329761805251383,0.00306044376434583
A,hardlabel,0.030000000000000006,2400,0.0568560962793797,0.03476122666365297,0.08751815582767614,0.99625,0.417398288098493,2.2033440143176724,0.0038255547054322878
A,hardlabel,0.04000000000000001,2400,0.06702394839843513,0.044335149472008874,0.09716598488578926,0.995,0.40404878385302,2.1171874886810294,0.00612088752869166
A,hardlabel,0.05000000000000001,2400,0.07307395684977293,0.05096303805974403,0.10351653297483347,0.995,0.39173421499968536,2.0448236061622933,0.006885998469778117
A,hardlabel,0.06000000000000001,2400,0.07706764516789302,0.05367575057356746,0.10706560930057464,0.9945833333333334,0.38476335233135006,1.9929912099002194,0.008416220351951033
A,hardlabel,0.07,2400,0.0812119586713824,0.058758877177048016,0.11252089224827558,0.9945833333333334,0.3794854075837235,1.9559962152839914,0.008416220351951033
A,hardlabel,0.08,2400,0.08508249104156054,0.06251628699857495,0.11602176429366674,0.9945833333333334,0.3746393917620414,1.9179884880823315,0.008416220351951033
A,hardlabel,0.09000000000000001,2400,0.09165819564950548,0.06867446052818553,0.12364767145020329,0.99375,0.37065121630993847,1.8780040292994,0.009946442234123947
A,hardlabel,0.1,2400,0.09541288736985756,0.07276508527165776,0.12688743373860686,0.99375,0.36913789355325133,1.8648262072348158,0.009946442234123947
A,hardlabel,0.15,2400,0.10910308285633308,0.0849763207789454,0.1411581686452953,0.9925,0.36163143584075613,1.7932910696869022,0.01224177505738332
A,hardlabel,0.19999999999999998,2400,0.1274504865884306,0.10275699840600963,0.16214082791513562,0.98875,0.3550443548903274,1.7116555540081482,0.016832440703902066
A,hardlabel,0.25,2400,0.7503852401928581,0.14136695513218012,1.726954883921291,0.9816666666666667,0.340379566734657,1.6319705282873018,0.026778882938026015
A,hardlabel,0.3,2400,1.2301228068192505,0.21749265321322814,2.6400984622160286,0.9716666666666667,0.3281704373765105,1.5668997161068698,0.04437643458301454
A,hardlabel,0.35,2400,1.662751699701508,0.430809588058413,3.1144193766567203,0.96375,0.3198046242955771,1.522805185706026,0.05814843152257077
A,hardlabel,0.39999999999999997,2400,2.1081794810293246,0.655736801534562,4.141355388855518,0.9545833333333333,0.3122340162276012,1.4924314038660182,0.07421576128538639
A,hardlabel,0.44999999999999996,2400,2.7681106183102884,1.032159736703445,5.051624705301572,0.9366666666666666,0.2980173726107772,1.4382859517526776,0.10788064269319052
A,hardlabel,0.5,2400,2.8591324786692836,1.1754602557877039,5.1859704943881075,0.91875,0.28229169549609634,1.3952350650135212,0.14001530221882172
A,hardlabel,0.5499999999999999,2400,2.9029617473596825,1.2206722914157753,5.226034625128799,0.9033333333333333,0.2690212644582129,1.355125533730179,0.16832440703902066
A,hardlabel,0.6,2400,2.9508638189443612,1.2590478670249388,5.285954404529457,0.8870833333333333,0.25567783608972633,1.322049104183937,0.1981637337413925
A,hardlabel,0.6499999999999999,2400,3.6055437872925373,1.7477430883320033,5.795572468958698,0.875,0.2457041530095924,1.2732410116560278,0.2180566182096404
A,hardlabel,0.7,2400,3.8891332712015947,2.0151403757224076,6.0776979886291365,0.8458333333333333,0.22706066674412975,1.2065424003747678,0.2662586074980872
A,hardlabel,0.75,2400,4.688006507386833,2.6418978793871797,7.284156581332401,0.7983333333333333,0.1948948835315978,1.12588174065853,0.35042081101759753
A,hardlabel,0.7999999999999999,2400,5.868150009889868,3.3817052208679175,8.692631990563966,0.7441666666666666,0.16620157028242025,1.0147924874564342,0.44376434583014535
A,hardlabel,0.85,2400,6.583018928951639,4.154166796431353,9.647982778020477,0.6708333333333333,0.1361048095380897,0.8643918641422624,0.5776587605202754
A,hardlabel,0.8999999999999999,2400,7.146376741708755,4.759976054672388,10.14774129297043,0.575,0.10011699272184477,0.7134496013959961,0.7467482785003825
A,hardlabel,0.95,2400,7.583317109202323,5.066678817770408,10.63153154238313,0.495,0.08053320953672362,0.5534657380239272,0.8783473603672532
A,voc_seq,0.0,2400,0.01932980188341032,0.0005174814205024181,0.04490393582654635,0.99875,1.4464580059817054,7.968832731301042,0.0
A,voc_seq,1e-08,2400,0.01985603523918834,0.0009558988717113294,0.04506694689428168,0.99875,1.4128436419503283,7.475161636919347,0.0
A,voc_seq,1.333521432163324e-08,2400,0.019875390444651635,0.0009699410677471548,0.04508607812253439,0.99875,1.3958476745605586,7.228557256339764,0.0
A,voc_seq,1.7782794100389228e-08,2400,0.019917040849332743,0.0009948857286904355,0.04515091525189353,0.99875,1.3801296683634656,6.991281457270164,0.0
A,voc_seq,2.371373705661655e-08,2400,0.020061345503184325,0.001124129227761623,0.045333883898095284,0.99875,1.35890835383605,6.659040910985578,0.0
A,voc_seq,3.162277660168379e-08,2400,0.020190924220746066,0.0012593047056700792,0.04549438223320065,0.99875,1.3284846453678023,6.2362893289576125,0.0
A,voc_seq,4.2169650342858225e-08,2400,0.02104676170085523,0.002321391873077993,0.04647419075049883,0.99875,1.28610929966575,5.651664989217989,0.0
A,voc_seq,5.6234132519034905e-08,2400,0.022177745414930592,0.0036151367646879494,0.048060217042235766,0.99875,1.2402693421502802,5.12027729961922,0.0
A,voc_seq,7.498942093324559e-08,2400,0.022651838563297517,0.0041071195508928255,0.04870220861813275,0.99875,1.214382266091127,4.9031796684825535,0.0
A,voc_seq,1e-07,2400,0.022827159752611775,0.004273593523327928,0.04890504647718442,0.99875,1.173322862454251,4.7222348004900505,0.0
A,voc_seq,1.333521432163324e-07,2400,0.02294722283895527,0.004386901737744343,0.04900832640298871,0.99875,1.1259511955657346,4.499422358920883,0.0
A,voc_seq,1.7782794100389227e-07,2400,0.02298447532422827,0.004408976525553696,0.04903914225603853,0.99875,1.0802262791944826,4.305183488153858,0.0007651109410864575
A,voc_seq,2.3713737056616554e-07,2400,0.02308925533364617,0.004532247703219306,0.049206300054019915,0.99875,1.0297817361370283,4.064702950645511,0.001530221882172915
A,voc_seq,3.162277660168379e-07,2400,0.02380938525262695,0.005123831319602551,0.04971837854610182,0.99875,0.9436021271888687,3.6691588948325746,0.001530221882172915
A,voc_seq,4.2169650342858225e-07,2400,0.02555873468851362,0.00721883688364309,0.05195709505671163,0.9983333333333333,0.8513288221687936,3.2770366206038366,0.001530221882172915
A,voc_seq,5.62341325190349e-07,2400,0.027448369905410868,0.00884233202386235,0.05416118944183104,0.9979166666666667,0.7807086594037395,3.0182097703038107,0.001530221882172915
A,voc_seq,7.498942093324558e-07,2400,0.035293034435428396,0.01736232620909759,0.0641777677454836,0.9941666666666666,0.7219172049684993,2.712384575112974,0.0022953328232593728
A,voc_seq,1e-06,2400,0.04819410211338699,0.02726597178823947,0.07942074106705045,0.9875,0.6589028756259057,2.429604107180809,0.0022953328232593728
A,voc_seq,1.333521432163324e-06,2400,0.0688893166962377,0.047865476206753056,0.0991885900026768,0.97875,0.5982210377635092,2.1524313292336954,0.0022953328232593728
A,voc_seq,1.7782794100389227e-06,2400,0.09495720584577744,0.06933840483636344,0.12816764306144035,0.9729166666666667,0.5387892262594279,1.9182841343424297,0.0022953328232593728
A,voc_seq,2.3713737056616552e-06,2400,0.11780989078798139,0.08819289178217202,0.1507729725396771,0.9670833333333333,0.48937200448297186,1.73939595189363,0.00306044376434583
A,voc_seq,3.162277660168379e-06,2400,0.12879461498063424,0.09801711146523526,0.16233669012242832,0.965,0.4525018054391832,1.6046293920115478,0.00306044376434583
A,voc_seq,4.216965034285822e-06,2400,0.15740075607478984,0.12232973246575744,0.1956343499030852,0.9616666666666667,0.41645187508581083,1.4734478967969395,0.005355776587605203
A,voc_seq,5.623413251903491e-06,2400,0.18094585602141067,0.1451827263774836,0.22000954068076745,0.9566666666666667,0.38354459091433574,1.317951561429048,0.01224177505738332
A,voc_seq,7.498942093324558e-06,2400,0.21380670023738466,0.1778540043717491,0.256385917351203,0.94375,0.35875551633536457,1.1783966304902878,0.03519510328997705
A,voc_seq,9.999999999999999e-06,2400,0.6467747555939777,0.22895537621624687,1.4468578210498322,0.92875,0.33884025275484897,1.081702965287747,0.06350420811017597
A,voc_seq,1.333521432163324e-05,2400,0.7197925387751515,0.2987714355352923,1.5194973697612166,0.8983333333333333,0.31771362075968756,0.9575157822956195,0.12165263963274675
A,voc_seq,1.778279410038923e-05,2400,0.8230184836788735,0.3930437336043104,1.6268197331921637,0.8604166666666667,0.27969049407560176,0.8401838413856088,0.19357306809487376
A,voc_seq,2.3713737056616554e-05,2400,0.9418076611913807,0.5104457294351362,1.7471272654274737,0.8233333333333334,0.24298250703648985,0.7282370556776641,0.2631981637337414
A,voc_seq,3.1622776601683795e-05,2400,1.0992078264320966,0.663919600353844,1.9011314866972537,0.7758333333333334,0.2051719359597699,0.6396352369322419,0.3527161438408569
A,voc_seq,4.216965034285822e-05,2400,1.2260402538543282,0.7820673829218049,2.033631350282826,0.7391666666666666,0.1738057487290542,0.5787965896626429,0.4254016832440704
A,voc_seq,5.623413251903491e-05,2400,1.4611493214783582,1.0116713598236111,2.2856683995066502,0.69625,0.14677487009555706,0.4964694368172513,0.5141545524100994
A,voc_seq,7.498942093324559e-05,2400,1.7941830320321235,1.334095974208228,2.63780407640784,0.65125,0.1217124436380898,0.4014423960568456,0.6113236419280795
A,voc_seq,0.0001,2400,2.4486484398739723,1.6194367556516156,3.720062671321735,0.6275,0.10515935175247146,0.33917928872309555,0.6763580719204285
A,voc_seq,0.0001333521432163324,2400,2.5662374743605563,1.7301071763142484,3.837513857036752,0.6129166666666667,0.09367916194816006,0.31969873847309827,0.7061973986228003
A,voc_seq,0.00017782794100389227,2400,2.887499763985496,1.905938139747219,4.322805174042511,0.5795833333333333,0.08365223971634353,0.3007966528047685,0.7719969395562356
A,voc_seq,0.0002371373705661655,2400,3.015421579787452,2.0571304733621445,4.456140105730216,0.5533333333333333,0.07757368326159819,0.2915853249868542,0.8201989288446825
A,voc_seq,0.00031622776601683794,2400,3.4915666241333185,2.310048188322968,5.28218398393545,0.5183333333333333,0.07203675782885324,0.2856206374547643,0.8844682478959449
A,voc_seq,0.00042169650342858224,2400,3.5648191458416134,2.3833474147709515,5.351757727153682,0.48541666666666666,0.0673595918409522,0.2808634594972773,0.944912012241775
A,voc_seq,0.0005623413251903491,2400,4.247781013229228,2.6399906778546485,6.139437473159113,0.46708333333333335,0.06459132984684804,0.27643011369643017,0.9785768936495792
A,voc_seq,0.0007498942093324559,2400,4.922199259302064,3.1682806206623324,7.038232131136272,0.4625,0.06365706590076488,0.271811079491005,0.9869931140015302
A,voc_seq,0.001,2400,5.153247625323849,3.4102454919459317,7.102894006599615,0.46041666666666664,0.06316507234221694,0.26958445293975575,0.9908186687069626
A,voc_seq,0.001333521432163324,2400,5.595626291656078,3.6349092131515985,7.8436186513856745,0.45916666666666667,0.0626889194633763,0.26697427716183786,0.9931140015302219
A,voc_seq,0.0017782794100389228,2400,6.169627531040721,4.224526102094053,8.39472485369719,0.4579166666666667,0.062452553989923366,0.26372021015933267,0.9954093343534812
A,voc_seq,0.0023713737056616554,2400,7.201085864374056,4.8275384870414255,10.061046010305654,0.45666666666666667,0.062207373612037244,0.26089554932057885,0.9977046671767407
A,voc_seq,0.0031622776601683794,2400,7.620955308818499,5.130337093592823,10.725118931588685,0.4558333333333333,0.0620452434706262,0.260353557651412,0.9992348890589136
A,voc_seq,0.004216965034285822,2400,7.620955308818499,5.130337093592823,10.725118931588685,0.4558333333333333,0.0620452434706262,0.260353557651412,0.9992348890589136
A,voc_seq,0.005623413251903491,2400,8.030663642151834,5.482513080927351,11.074338516654297,0.4554166666666667,0.0619444732594499,0.26008640629974555,1.0
A,voc_seq,0.007498942093324558,2400,8.030663642151834,5.482513080927351,11.074338516654297,0.4554166666666667,0.0619444732594499,0.26008640629974555,1.0
A,voc_seq,0.01,2400,8.030663642151834,5.482513080927351,11.074338516654297,0.4554166666666667,0.0619444732594499,0.26008640629974555,1.0
A,hybrid_seq,0.0,2400,0.5769149184922593,0.481825592463765,0.6761150093544419,0.8370833333333333,0.6102175866371009,2.556805810263119,0.030604437643458302
A,hybrid_seq,1e-08,2400,0.5769149167572167,0.4818255898133585,0.6761150057929147,0.8370833333333333,0.6056761929506858,2.510641686666013,0.03136954858454476
A,hybrid_seq,1.333521432163324e-08,2400,0.5769149155380876,0.48182558670830133,0.6761150037330855,0.8370833333333333,0.6039651532917724,2.498904561871426,0.03136954858454476
A,hybrid_seq,1.7782794100389228e-08,2400,0.5769149155380876,0.48182558670830133,0.6761150037330855,0.8370833333333333,0.6015871671893529,2.4823480419855968,0.03136954858454476
A,hybrid_seq,2.371373705661655e-08,2400,0.5769149038810881,0.4818255791748028,0.6761149918194647,0.8370833333333333,0.5989729770278167,2.464503642206003,0.03136954858454476
A,hybrid_seq,3.162277660168379e-08,2400,0.5769149049641455,0.4818255801916091,0.6761149920352553,0.8370833333333333,0.5911893841176376,2.3956962477889103,0.032134659525631215
A,hybrid_seq,4.2169650342858225e-08,2400,0.5769148877296163,0.48182555405876004,0.6761149657691538,0.8370833333333333,0.5827170430922443,2.296445266007198,0.032134659525631215
A,hybrid_seq,5.6234132519034905e-08,2400,0.5769148880924894,0.48182555405863614,0.6761149682201327,0.8370833333333333,0.5705483359004745,2.2115820454730115,0.03366488140780413
A,hybrid_seq,7.498942093324559e-08,2400,0.5769148830648394,0.48182554922111037,0.6761149567732672,0.8370833333333333,0.5622412631957915,2.15739645669094,0.03519510328997705
A,hybrid_seq,1e-07,2400,0.5777526645522386,0.48291961825250534,0.6768881295504555,0.8366666666666667,0.5530762395140236,2.1112042298338443,0.04055087987758225
A,hybrid_seq,1.333521432163324e-07,2400,0.5788333736246694,0.48376132110805425,0.6780062073758186,0.83625,0.5359331504227113,2.044608343225482,0.04437643458301454
A,hybrid_seq,1.7782794100389227e-07,2400,0.578833361592703,0.483761309070813,0.6780062101641168,0.83625,0.5197092373545091,1.9842748563054982,0.045906656465187455
A,hybrid_seq,2.3713737056616554e-07,2400,0.5788333633500148,0.4837613104613074,0.6780062241588405,0.83625,0.49835516763831833,1.900171359326723,0.057383320581484314
A,hybrid_seq,3.162277660168379e-07,2400,0.57883336348247,0.4837613113211826,0.6780062373734513,0.83625,0.4660160688755492,1.7767282046920991,0.08033664881407804
A,hybrid_seq,4.2169650342858225e-07,2400,0.578833326951996,0.4837612785930525,0.6780061981178933,0.83625,0.4405693639567017,1.6892248254762368,0.090283091048202
A,hybrid_seq,5.62341325190349e-07,2400,0.5788333338393047,0.48376128999934115,0.6780062196443408,0.83625,0.4240045777518348,1.637966276222478,0.09946442234123948
A,hybrid_seq,7.498942093324558e-07,2400,0.5788333211867825,0.4837612676198804,0.6780061997315597,0.83625,0.4085231450477572,1.6032379233562308,0.10864575363427698
A,hybrid_seq,1e-06,2400,0.5793264583157539,0.4840201692440868,0.6782404336190625,0.8358333333333333,0.37441515145751464,1.5343394298528346,0.135424636572303
A,hybrid_seq,1.333521432163324e-06,2400,0.5793933562225767,0.48422086372109197,0.67831068399621,0.8358333333333333,0.34618096081286254,1.481259054946137,0.1530221882172915
A,hybrid_seq,1.7782794100389227e-06,2400,0.580574315666043,0.48469054430112074,0.6796395466688535,0.8358333333333333,0.32057774226686087,1.4236739129631981,0.17521040550879877
A,hybrid_seq,2.3713737056616552e-06,2400,0.5836782483833532,0.48768356583928,0.6840077942960241,0.8354166666666667,0.3026778919168173,1.3671903118731612,0.19739862280030604
A,hybrid_seq,3.162277660168379e-06,2400,0.5866842232649644,0.49009743921620846,0.6873894223512698,0.8354166666666667,0.2890575979472697,1.3124295525123124,0.21193573068094873
A,hybrid_seq,4.216965034285822e-06,2400,0.6060856774630872,0.5082300683144788,0.703106966086434,0.8333333333333334,0.2730557491182887,1.2393873612314656,0.22570772762050498
A,hybrid_seq,5.623413251903491e-06,2400,0.6244472607515001,0.5250393896007236,0.7237187070373728,0.8295833333333333,0.2575271393162613,1.1322577797814726,0.2394797245600612
A,hybrid_seq,7.498942093324558e-06,2400,0.6545651355709998,0.5591675200500105,0.7519782504891973,0.8175,0.24425249559383105,1.0140369097818742,0.2631981637337414
A,hybrid_seq,9.999999999999999e-06,2400,1.0865405196490758,0.6136571236879881,1.8973006503383627,0.8029166666666666,0.23555374907498997,0.933502277023099,0.2915072685539403
A,hybrid_seq,1.333521432163324e-05,2400,1.1538055413607777,0.6814219112759339,1.9658948304885193,0.775,0.22382574432335314,0.8247223077993294,0.34506503442999237
A,hybrid_seq,1.778279410038923e-05,2400,1.229692785338602,0.7609587508426843,2.0419565967462754,0.7458333333333333,0.2033523626564276,0.7363171618589149,0.40091813312930374
A,hybrid_seq,2.3713737056616554e-05,2400,1.32280354493227,0.8440697917277664,2.135825865976887,0.7183333333333334,0.18318231670281854,0.6476468189580706,0.45371078806426934
A,hybrid_seq,3.1622776601683795e-05,2400,1.435185192048101,0.9548549543075567,2.2367658334173632,0.6875,0.1607691166440871,0.5799267595551495,0.5126243305279266
A,hybrid_seq,4.216965034285822e-05,2400,1.524555694308968,1.0397435308754772,2.338008379420116,0.66375,0.14005736356799106,0.5338538556888913,0.5623565416985463
A,hybrid_seq,5.623413251903491e-05,2400,1.7172090271187483,1.2277876444019562,2.54536834230978,0.6329166666666667,0.12176580290584274,0.46393427430474127,0.6289211935730681
A,hybrid_seq,7.498942093324559e-05,2400,2.0065793565907164,1.5096323205234938,2.8509903136636554,0.5975,0.10263935206750406,0.37951167637099387,0.7100229533282326
A,hybrid_seq,0.0001,2400,2.615706119290308,1.7769153049885023,3.872384727273011,0.5841666666666666,0.09191311056334873,0.3239142316243245,0.75592960979342
A,hybrid_seq,0.0001333521432163324,2400,2.6896902138527063,1.8477267000775428,3.9624936545377993,0.57875,0.08601115903559155,0.3105516938664217,0.7689364957918898
A,hybrid_seq,0.00017782794100389227,2400,2.983726543161025,1.9831810290524845,4.402857727335765,0.56125,0.07956634702674505,0.29594576333018874,0.8056618209640398
A,hybrid_seq,0.0002371373705661655,2400,3.083600018692225,2.0989487827319455,4.514567885311504,0.54625,0.07599310428195948,0.28977454946393055,0.8332058148431523
A,hybrid_seq,0.00031622776601683794,2400,3.550013670268294,2.362912222622998,5.300534342324018,0.5170833333333333,0.07138287156073511,0.2848250940535157,0.8867635807192042
A,hybrid_seq,0.00042169650342858224,2400,3.6224372799647933,2.434201567065825,5.369824555260659,0.4845833333333333,0.06675657943301642,0.2801283773972773,0.946442234123948
A,hybrid_seq,0.0005623413251903491,2400,4.28219401914728,2.666051724708234,6.1627949531570785,0.4666666666666667,0.06428982364288016,0.27606257264643014,0.9793420045906657
A,hybrid_seq,0.0007498942093324559,2400,4.922199259302064,3.1682806206623324,7.038232131136272,0.4625,0.06365706590076488,0.271811079491005,0.9869931140015302
A,hybrid_seq,0.001,2400,5.153247625323849,3.4102454919459317,7.102894006599615,0.46041666666666664,0.06316507234221694,0.26958445293975575,0.9908186687069626
A,hybrid_seq,0.001333521432163324,2400,5.595626291656078,3.6349092131515985,7.8436186513856745,0.45916666666666667,0.0626889194633763,0.26697427716183786,0.9931140015302219
A,hybrid_seq,0.0017782794100389228,2400,6.169627531040721,4.224526102094053,8.39472485369719,0.4579166666666667,0.062452553989923366,0.26372021015933267,0.9954093343534812
A,hybrid_seq,0.0023713737056616554,2400,7.201085864374056,4.8275384870414255,10.061046010305654,0.45666666666666667,0.062207373612037244,0.26089554932057885,0.9977046671767407
A,hybrid_seq,0.0031622776601683794,2400,7.620955308818499,5.130337093592823,10.725118931588685,0.4558333333333333,0.0620452434706262,0.260353557651412,0.9992348890589136
A,hybrid_seq,0.004216965034285822,2400,7.620955308818499,5.130337093592823,10.725118931588685,0.4558333333333333,0.0620452434706262,0.260353557651412,0.9992348890589136
A,hybrid_seq,0.005623413251903491,2400,8.030663642151834,5.482513080927351,11.074338516654297,0.4554166666666667,0.0619444732594499,0.26008640629974555,1.0
A,hybrid_seq,0.007498942093324558,2400,8.030663642151834,5.482513080927351,11.074338516654297,0.4554166666666667,0.0619444732594499,0.26008640629974555,1.0
A,hybrid_seq,0.01,2400,8.030663642151834,5.482513080927351,11.074338516654297,0.4554166666666667,0.0619444732594499,0.26008640629974555,1.0
A,oracle,0.0,2400,0.21158417659000048,0.19944575342664347,0.22383218200016408,1.0,0.2363134456640973,1.2773599395520492,0.0
A,oracle_voc,0.0,2400,0.07560038102409983,0.04872241712102542,0.10880307364322267,0.9829166666666667,0.49122816373714123,2.525279290890039,0.001530221882172915
A,oracle_voc,1e-08,2400,0.08331640447416869,0.056044695355537896,0.1155847360242835,0.9804166666666667,0.346205870070998,1.9786536521792701,0.0038255547054322878
A,oracle_voc,1.333521432163324e-08,2400,0.08346167851656948,0.056184273887465636,0.11589202528239684,0.9804166666666667,0.34346078733500085,1.9285283279400998,0.0038255547054322878
A,oracle_voc,1.7782794100389228e-08,2400,0.08529217428293973,0.0571860423939452,0.11716370838895593,0.9791666666666666,0.33993023329916205,1.8781536108384445,0.0038255547054322878
A,oracle_voc,2.371373705661655e-08,2400,0.08738527383910812,0.0596529347998718,0.11977621622248528,0.9783333333333334,0.33698039589436957,1.830232582471796,0.0038255547054322878
A,oracle_voc,3.162277660168379e-08,2400,0.08872772469257163,0.06135825383911263,0.12124141753412424,0.9775,0.33549355297783545,1.7989180987122109,0.0038255547054322878
A,oracle_voc,4.2169650342858225e-08,2400,0.09261825324627906,0.06528318778168576,0.12586720552647854,0.9758333333333333,0.3333698064689774,1.7623539889467945,0.0038255547054322878
A,oracle_voc,5.6234132519034905e-08,2400,0.09608404993265664,0.06793147118212833,0.12910106420166487,0.9745833333333334,0.33029920021546644,1.7106867690951246,0.0038255547054322878
A,oracle_voc,7.498942093324559e-08,2400,0.0992634863105471,0.07074670647707722,0.13302913392734422,0.9733333333333334,0.32748146192103716,1.6524939373680476,0.0038255547054322878
A,oracle_voc,1e-07,2400,0.10795321954495274,0.07914206406647413,0.1432414984263405,0.9704166666666667,0.32247497437086775,1.561527130772632,0.0038255547054322878
A,oracle_voc,1.333521432163324e-07,2400,0.1148050654598454,0.08356842068499579,0.15196718683152322,0.96875,0.3180091598335023,1.4869138024751403,0.0038255547054322878
A,oracle_voc,1.7782794100389227e-07,2400,0.11882976218755119,0.08593650864162042,0.15599512108626767,0.9670833333333333,0.3129813730481231,1.4059084221288867,0.0038255547054322878
A,oracle_voc,2.3713737056616554e-07,2400,0.13097782098649743,0.09845226074668507,0.1720264031941504,0.9641666666666666,0.3091332637378024,1.345595018883896,0.0038255547054322878
A,oracle_voc,3.162277660168379e-07,2400,0.1334650825506947,0.10172193482615878,0.17360152643425852,0.9633333333333334,0.3081406098324766,1.3304515141151418,0.0038255547054322878
A,oracle_voc,4.2169650342858225e-07,2400,0.13377133149331777,0.1022134706221251,0.173799307438409,0.9633333333333334,0.3061494627840866,1.294290497785987,0.0038255547054322878
A,oracle_voc,5.62341325190349e-07,2400,0.13562135920701135,0.1042813721948021,0.17566054055679883,0.9629166666666666,0.30493077133440616,1.2816364255226471,0.0038255547054322878
A,oracle_voc,7.498942093324558e-07,2400,0.14161519332289824,0.1069871891008486,0.18016344841789056,0.9616666666666667,0.30374251638950306,1.2589670469355587,0.0038255547054322878
A,oracle_voc,1e-06,2400,0.14233344750641905,0.10779351272191337,0.18081698927980383,0.9616666666666667,0.3018282204462482,1.23234370975348,0.0038255547054322878
A,oracle_voc,1.333521432163324e-06,2400,0.14858645145976135,0.11191641779846134,0.18763613584669966,0.96125,0.2995598827996551,1.2056583479084748,0.0038255547054322878
A,oracle_voc,1.7782794100389227e-06,2400,0.15051999537864247,0.11377982082727882,0.18907467681315002,0.9608333333333333,0.2977964630998533,1.187899393359715,0.0038255547054322878
A,oracle_voc,2.3713737056616552e-06,2400,0.15274767173944573,0.11604345197918658,0.19161328762245694,0.9608333333333333,0.29540434475994154,1.1667799954042797,0.0038255547054322878
A,oracle_voc,3.162277660168379e-06,2400,0.15800131239741402,0.12155756227641494,0.19607928463961574,0.9608333333333333,0.29087037408397154,1.133028181675924,0.0045906656465187455
A,oracle_voc,4.216965034285822e-06,2400,0.16830616463517253,0.1329106101147559,0.20597323848241683,0.9608333333333333,0.28490960882799604,1.083123245130088,0.0045906656465187455
A,oracle_voc,5.623413251903491e-06,2400,0.18647391637637298,0.14846182950287265,0.22441883063439705,0.9595833333333333,0.2775769835380718,1.0141185848500542,0.0076511094108645756
A,oracle_voc,7.498942093324558e-06,2400,0.20934703490683998,0.17051160045648167,0.24731742489586014,0.9554166666666667,0.26985891141258955,0.9497161764788082,0.016832440703902066
A,oracle_voc,9.999999999999999e-06,2400,0.24297621393267865,0.20478550021200692,0.28228424395197554,0.9408333333333333,0.25616980796783895,0.8779178571129674,0.04361132364192808
A,oracle_voc,1.333521432163324e-05,2400,0.2992090106948508,0.2630659624484841,0.33901486195132857,0.9129166666666667,0.2382184950272358,0.7898816499375183,0.09487375669472073
A,oracle_voc,1.778279410038923e-05,2400,0.35912313569917276,0.3163531404493571,0.4022660325914505,0.88875,0.22260495201986874,0.719219157355398,0.14384085692425402
A,oracle_voc,2.3713737056616554e-05,2400,0.44107895667515046,0.40106211046987006,0.4841608321421266,0.8566666666666667,0.20238273585851294,0.6486424086432271,0.20504973221117062
A,oracle_voc,3.1622776601683795e-05,2400,0.5253107949644584,0.48678367553785895,0.5728053584827789,0.8229166666666666,0.18307621459967138,0.5942916514161243,0.270849273144606
A,oracle_voc,4.216965034285822e-05,2400,0.6176221750775588,0.5706125369954377,0.6675023989296144,0.7879166666666667,0.16659137088037956,0.5509954509098346,0.34123947972456004
A,oracle_voc,5.623413251903491e-05,2400,0.7808555058976744,0.7225406363287572,0.8505143377568526,0.7479166666666667,0.14785523376749898,0.4930181526444206,0.4269319051262433
A,oracle_voc,7.498942093324559e-05,2400,0.9885541625510978,0.9060696148220847,1.0636419544271813,0.7091666666666666,0.12808260275805172,0.43725858760272485,0.5095638867635807
A,oracle_voc,0.0001,2400,1.4019385983069597,1.2953657524824977,1.5077290062648339,0.6595833333333333,0.10556013660230847,0.3536009245406331,0.6151491966335119
A,oracle_voc,0.0001333521432163324,2400,1.608101256393218,1.4906888536595726,1.7260492940805063,0.63625,0.09164020942563038,0.32320619601683576,0.6625860749808722
A,oracle_voc,0.00017782794100389227,2400,1.8048948209505662,1.684281430655638,1.9329887535641337,0.60125,0.08092323656687872,0.30107163533395276,0.730680948737567
A,oracle_voc,0.0002371373705661655,2400,1.9129450243639787,1.7873336677506306,2.030797009863992,0.5608333333333333,0.07411517759894125,0.2916411191510148,0.8056618209640398
A,oracle_voc,0.00031622776601683794,2400,1.9980309320536398,1.8793883130734539,2.1255149263668343,0.5316666666666666,0.07049517225532925,0.2842413143514447,0.8599846977811783
A,oracle_voc,0.00042169650342858224,2400,2.0813552717347905,1.9574480187526355,2.2074239167646525,0.49666666666666665,0.0669954359943051,0.280078843862287,0.9242540168324407
A,oracle_voc,0.0005623413251903491,2400,2.137500066201933,2.013491746648123,2.2665088137257827,0.47458333333333336,0.06500868098979615,0.27792467444019164,0.964804896710023
A,oracle_voc,0.0007498942093324559,2400,2.1570566477976088,2.0324055462022734,2.283997880471187,0.4675,0.06442204925376596,0.27735429177977494,0.9778117827084928
A,oracle_voc,0.001,2400,2.162312423726084,2.037234235921492,2.291223029059367,0.46541666666666665,0.06427484545322737,0.2772458177997729,0.981637337413925
A,oracle_voc,0.001333521432163324,2400,2.2073802970292515,2.069239546461961,2.348969929989406,0.46458333333333335,0.06377332896734868,0.27658939667852184,0.9831675592960979
A,oracle_voc,0.0017782794100389228,2400,2.270735266015053,2.0981815095297107,2.4561974478966517,0.46375,0.06327181248147,0.27593297555727075,0.9846977811782709
A,oracle_voc,0.0023713737056616554,2400,2.7386519326817194,2.276950557465073,3.462787331392871,0.4625,0.06305862616533796,0.27241246728476654,0.9869931140015302
A,oracle_voc,0.0031622776601683794,2400,3.14996443268172,2.4844147892426247,4.144302294054522,0.46166666666666667,0.06292789260699448,0.2698499692801791,0.9885233358837031
A,oracle_voc,0.004216965034285822,2400,4.14179344984414,2.988703734515028,5.507952335526422,0.45958333333333334,0.06259170975329273,0.2656053042030908,0.9923488905891354
A,oracle_voc,0.005623413251903491,2400,5.375668449844141,3.6375250953360947,7.344876160985617,0.4583333333333333,0.062378039837524935,0.26169978669058463,0.9946442234123948
A,oracle_voc,0.007498942093324558,2400,5.375668449844141,3.6375250953360947,7.344876160985617,0.4583333333333333,0.062378039837524935,0.26169978669058463,0.9946442234123948
A,oracle_voc,0.01,2400,5.375668449844141,3.6375250953360947,7.344876160985617,0.4583333333333333,0.062378039837524935,0.26169978669058463,0.9946442234123948
B,uniform_coarse,0.0,2400,27.43141053742165,24.643819241258228,30.450138907000984,0.13,0.02221211103156364,0.5245616523943378,1.0
B,uniform_medium,1.0,2400,12.583929287926598,10.257170531528446,16.02038422562803,0.26916666666666667,0.06480449691269898,0.2794468104892197,1.0
B,uniform_fine,2.0,2400,0.00017901043342504074,0.00011356419364058584,0.00028895828263038174,1.0,1.0,6.973256673438649,0.0
B,random,0.0,2400,12.583929287926598,10.257170531528446,16.02038422562803,0.26916666666666667,0.06480449691269898,0.2794468104892197,1.0
B,random,1.0,2400,9.573257626190808,7.521204390918357,12.193385609695227,0.4554166666666667,0.21098791815078277,1.1525803441427858,0.0
B,random,2.0,2400,6.498597043928392,4.7330691668324025,8.638453215402027,0.6279166666666667,0.38068129369161746,2.388383359193255,0.0
B,random,3.0,2400,2.0890206107655516,1.4348886051305927,2.8333243763308893,0.82,0.5768401010417673,3.942824031161496,0.0
B,random,4.0,2400,0.00017901043342504074,0.00011356419364058584,0.00028895828263038174,1.0,1.0,6.973256673438649,0.0
B,share,0.0,2400,12.583929287926598,10.257170531528446,16.02038422562803,0.26916666666666667,0.06480449691269898,0.2794468104892197,1.0
B,share,1.0,2400,6.873005329654697,5.117558197747634,8.65160981625878,0.6308333333333334,0.20419991072836818,1.209755302214365,0.0
B,share,2.0,2400,0.6757783729437719,0.5957679569241352,0.7434781329589354,0.84375,0.3621290973681447,1.5643707926373949,0.0
B,share,3.0,2400,0.5292611234023037,0.46323052625690186,0.5991754669107111,0.8708333333333333,0.410719465100783,1.7690616149425993,0.0
B,share,4.0,2400,0.00017901043342504074,0.00011356419364058584,0.00028895828263038174,1.0,1.064804496912699,7.252703483927868,0.0
B,discrepancy,0.01,2400,3.5097376225888697,1.8697558619229215,5.431331394079791,0.97,1.023423276607003,7.287582488247256,0.0
B,discrepancy,0.020000000000000004,2400,4.950196206630732,3.0853815269113554,6.9700429166408195,0.95625,0.9762302093796439,7.060418710505124,0.0011383039271485487
B,discrepancy,0.030000000000000006,2400,5.24759639199168,3.389001011800969,7.404475120814868,0.9491666666666667,0.9105380858345313,6.913113493773977,0.016505406943653957
B,discrepancy,0.04000000000000001,2400,6.3309927322954245,4.11938262050758,9.068503743787405,0.9391666666666667,0.8332473398353948,6.779894915009039,0.027888446215139442
B,discrepancy,0.05000000000000001,2400,6.349445412099033,4.1348851618160865,9.084921658267788,0.9354166666666667,0.8120720030036918,6.687945158894957,0.03813318155947638
B,discrepancy,0.06000000000000001,2400,6.360445473094622,4.14597394678936,9.086125558457864,0.9341666666666667,0.8000689694612282,6.602001822819199,0.048947068867387596
B,discrepancy,0.07,2400,6.742853835185073,4.444021592908096,9.426010425352066,0.9291666666666667,0.7849174205353346,6.507851738266724,0.05919180421172453
B,discrepancy,0.08,2400,6.76784405594774,4.4694948400683865,9.445455593789926,0.92625,0.7731971001022031,6.427376697646602,0.064314171883893
B,discrepancy,0.09000000000000001,2400,6.810828823482657,4.514086203560392,9.498175551884252,0.9204166666666667,0.7557678532603187,6.243217328914052,0.06715993170176437
B,discrepancy,0.1,2400,7.453977645905437,5.199591755404513,10.381403567367112,0.9166666666666666,0.7413459919251517,6.031079806134954,0.06715993170176437
B,discrepancy,0.15,2400,7.889696230148716,5.597613079331163,10.870734262864863,0.875,0.6985041940620693,5.519803530362514,0.07455890722822994
B,discrepancy,0.19999999999999998,2400,8.042159784533483,5.7760396419687625,11.02098564983385,0.8595833333333334,0.6868016836950845,5.4561800599553685,0.07683551508252703
B,discrepancy,0.25,2400,8.109771632492038,5.8365942524901415,11.077033115759393,0.8516666666666667,0.6821424918296186,5.423097109422439,0.07683551508252703
B,discrepancy,0.3,2400,8.28464091550706,6.019760840079952,11.248994969601064,0.8275,0.6740535953463584,5.357093888130373,0.07797381900967558
B,discrepancy,0.35,2400,8.478877993984398,6.214360083362347,11.461441913194335,0.7970833333333334,0.6616000311633226,5.261144213379569,0.08138873079112123
B,discrepancy,0.39999999999999997,2400,8.60073836408997,6.328317775277617,11.581277700128279,0.77875,0.6525702371258945,5.193067281965008,0.0842344906089926
B,discrepancy,0.44999999999999996,2400,8.658381901974886,6.37825965901021,11.646248794520952,0.77,0.6467075207124339,5.165088933254671,0.08651109846328969
B,discrepancy,0.5,2400,8.740751406137942,6.471112227889445,11.75319457340731,0.7570833333333333,0.6401537039315061,5.109843418405505,0.08821855435401252
B,discrepancy,0.5499999999999999,2400,8.773762770934256,6.505582324485435,11.783600294427245,0.75125,0.6356069194700003,5.08718177606134,0.09391007398975526
B,discrepancy,0.6,2400,8.79912419227577,6.531696706627133,11.803579444424802,0.7454166666666666,0.6289081025140437,5.078114416338407,0.10073989755264656
B,discrepancy,0.6499999999999999,2400,8.825240089399523,6.552715880989662,11.82930472632775,0.74,0.622060704135362,5.07092894702505,0.10984632896983494
B,discrepancy,0.7,2400,8.882041736750397,6.61153492980845,11.877453733369302,0.7304166666666667,0.6121871362463951,5.0369522625292,0.11781445645987479
B,discrepancy,0.75,2400,8.922822771372577,6.654491948870114,11.901642419700357,0.7204166666666667,0.6004957965387226,4.992901325099977,0.13033579965850883
B,discrepancy,0.7999999999999999,2400,8.96515290927508,6.689397694987639,11.936053099171332,0.7108333333333333,0.5869456702811774,4.9651162359970655,0.14797951052931133
B,discrepancy,0.85,2400,9.21972887182676,6.88143558334859,12.399670199522424,0.69875,0.5782671124625005,4.897816482712048,0.15594763801935116
B,discrepancy,0.8999999999999999,2400,9.30811546215538,6.956806298678209,12.469578294887329,0.6808333333333333,0.5690005108310384,4.803651695808324,0.16277746158224246
B,discrepancy,0.95,2400,9.370249631226937,7.021200632450009,12.514989495383324,0.6708333333333333,0.5614150077846889,4.763978557047479,0.17188389299943085
B,sensitivity,0.01,2400,8.387270212530485,6.012700224482254,11.466134570380696,0.7995833333333333,0.637489315385222,4.803596343852371,0.2595332953898691
B,sensitivity,0.020000000000000004,2400,8.556964699849821,6.221584611551104,11.630145189155407,0.7816666666666666,0.6283726412342814,4.588501526536584,0.2595332953898691
B,sensitivity,0.030000000000000006,2400,8.639405925681977,6.292544754053084,11.72275093943276,0.7733333333333333,0.6231805043466184,4.496348593204469,0.2595332953898691
B,sensitivity,0.04000000000000001,2400,8.71756960125297,6.363047708912737,11.808790887453064,0.7654166666666666,0.617815840425428,4.405042105002382,0.2595332953898691
B,sensitivity,0.05000000000000001,2400,8.749287192958636,6.3915799609667605,11.846919303839677,0.7620833333333333,0.6109233804849896,4.281116250067765,0.2595332953898691
B,sensitivity,0.06000000000000001,2400,8.769326092096037,6.413287031084241,11.866499217551342,0.7595833333333334,0.6058061903469858,4.186307916843192,0.2595332953898691
B,sensitivity,0.07,2400,8.78529623349234,6.42368252276983,11.878332455072988,0.7575,0.60023460130595,4.077199378871537,0.2595332953898691
B,sensitivity,0.08,2400,8.810208670791383,6.456708938977072,11.895350470708703,0.755,0.5946705692503405,3.9683750308957073,0.2595332953898691
B,sensitivity,0.09000000000000001,2400,8.833861227709955,6.465396323562613,11.919060512256163,0.7529166666666667,0.589473716478972,3.873861071029087,0.2595332953898691
B,sensitivity,0.1,2400,8.845417811432414,6.478783069493171,11.927354801894706,0.7516666666666667,0.5853548972040034,3.7835073867953692,0.2595332953898691
B,sensitivity,0.15,2400,8.875983221861837,6.506949398948421,11.961641030977717,0.7483333333333333,0.5762850674926719,3.6147557725203296,0.2595332953898691
B,sensitivity,0.19999999999999998,2400,8.900508144838769,6.52870425672276,11.994531518303198,0.7425,0.5699593642431314,3.52555548987027,0.2595332953898691
B,sensitivity,0.25,2400,9.120111535631473,6.667184002580874,12.10745357693123,0.7329166666666667,0.5653237985269008,3.467816850966125,0.2595332953898691
B,sensitivity,0.3,2400,9.14369959728611,6.686404550081276,12.134774977255253,0.72875,0.5615286910231059,3.419633203663643,0.2595332953898691
B,sensitivity,0.35,2400,9.193133977324681,6.7536880486042055,12.150969759714672,0.7241666666666666,0.5582820913113837,3.373831654945334,0.2595332953898691
B,sensitivity,0.39999999999999997,2400,9.236928562137784,6.7794739355320806,12.192458579945804,0.7208333333333333,0.5560583549946629,3.3425098231015484,0.2595332953898691
B,sensitivity,0.44999999999999996,2400,9.260796450372673,6.80969508027397,12.204792414095541,0.7183333333333334,0.5551244869954378,3.3313640870807344,0.2595332953898691
B,sensitivity,0.5,2400,9.27786583232188,6.819587298955941,12.221671169326566,0.7166666666666667,0.5533393367300732,3.3033399365649134,0.2595332953898691
B,sensitivity,0.5499999999999999,2400,9.280119144791565,6.821162063227042,12.224477130145301,0.7154166666666667,0.5524880201627821,3.289815204403682,0.2595332953898691
B,sensitivity,0.6,2400,9.297212759214478,6.857903322092938,12.23653905354288,0.7133333333333334,0.5515261719008823,3.27661221928662,0.2595332953898691
B,sensitivity,0.6499999999999999,2400,9.300805714976931,6.8597896238682265,12.241931210405625,0.7125,0.5510032693905281,3.271690818664941,0.2595332953898691
B,sensitivity,0.7,2400,9.303064580455654,6.86086258497062,12.244190075884347,0.7120833333333333,0.5506473780751301,3.2663243129170376,0.2595332953898691
B,sensitivity,0.75,2400,9.305628713883653,6.8635549235268245,12.245536245934048,0.7116666666666667,0.550184117728067,3.2627687383782873,0.2595332953898691
B,sensitivity,0.7999999999999999,2400,9.310239792873736,6.871923666758411,12.253182756281367,0.7108333333333333,0.5496007775598767,3.2523864383487093,0.2595332953898691
B,sensitivity,0.85,2400,9.3160188780112,6.880204633635383,12.253182756281367,0.71,0.5493024673340122,3.2497409613862116,0.2595332953898691
B,sensitivity,0.8999999999999999,2400,9.32636453858503,6.887979631910977,12.270601145995908,0.7083333333333334,0.5488558962452919,3.242141107935798,0.2595332953898691
B,sensitivity,0.95,2400,9.333055805213965,6.892383171891168,12.279261162624842,0.7075,0.5485540507601941,3.2365301204828816,0.2595332953898691
B,novelty,0.5,2400,2.0329965876772094,1.6844474803754292,2.579329779599795,0.72625,0.6518692625545034,5.528628648781696,0.2857142857142857
B,novelty,0.75,2400,4.416990984458633,3.6169074088495288,5.401070683748916,0.4775,0.3398821173986466,2.9963656119157744,0.6010244735344337
B,novelty,0.9,2400,7.8252504269945495,6.117582433116932,9.734153005411539,0.37166666666666665,0.1940892619327582,1.5439372258465875,0.7911212293682414
B,novelty,0.95,2400,9.687347992987473,7.771312471338393,11.996312913167271,0.3304166666666667,0.13807446134424547,1.1231168723049632,0.8850313033579966
B,novelty,0.99,2400,12.494854131032554,10.176948979347541,15.903355519603688,0.27958333333333335,0.07994402695739534,0.5853359409283925,0.964712578258395
B,uncertainty,0.01,2400,0.0006037161028454986,0.00026048580168142694,0.001095588011782634,1.0,0.89285424790722,5.9883096999432235,0.0
B,uncertainty,0.020000000000000004,2400,0.001086614820617981,0.0004655241942920997,0.0018662917499764932,1.0,0.8122653628287537,5.329992290137485,0.0
B,uncertainty,0.030000000000000006,2400,0.003952824847748981,0.0011959542278901006,0.007822494386435192,0.9991666666666666,0.7602615952874315,4.813915731823066,0.0
B,uncertainty,0.04000000000000001,2400,0.004490988570113169,0.0013858246060913762,0.00849078326335378,0.9991666666666666,0.7206671626550026,4.465526584703445,0.0
B,uncertainty,0.05000000000000001,2400,0.009806209528022051,0.004221778824683781,0.016786715807204294,0.9975,0.6899861691523954,4.160276378821318,0.0
B,uncertainty,0.06000000000000001,2400,0.0112543704288973,0.005270098373663879,0.01882344833642983,0.9970833333333333,0.665293980557358,3.944362522169622,0.0
B,uncertainty,0.07,2400,0.01265297538114463,0.006549431311304467,0.0196580691015426,0.9966666666666667,0.6453046987969472,3.7927178509363086,0.0
B,uncertainty,0.08,2400,0.012846732137343997,0.006862777493936485,0.019891149813938448,0.9966666666666667,0.6238728512903725,3.572459305098449,0.0
B,uncertainty,0.09000000000000001,2400,0.014318759313157221,0.008001218738683907,0.021357795164246535,0.9958333333333333,0.6060949717977834,3.4297087449309736,0.0
B,uncertainty,0.1,2400,0.01727864674798191,0.01081030095661849,0.02569274817627635,0.9945833333333334,0.590522708284958,3.24462977041973,0.0
B,uncertainty,0.15,2400,0.035914111766138346,0.02540545253868616,0.047324725124522696,0.98875,0.5313597054329203,2.6829567414885425,0.0
B,uncertainty,0.19999999999999998,2400,0.04673159598257121,0.03518357688607086,0.05997931030094418,0.98375,0.49506082597141016,2.349415484647752,0.0
B,uncertainty,0.25,2400,0.05522114835121692,0.042961296752903395,0.06988486935634197,0.9816666666666667,0.4720454535604684,2.141417283615698,0.0
B,uncertainty,0.3,2400,0.0623213256832235,0.04868809297342863,0.08012682534414635,0.98,0.4590246384422738,2.033243800505667,0.0
B,uncertainty,0.35,2400,0.06791197648613685,0.052662364373138516,0.08768237931135046,0.97875,0.44736387172341724,1.9594706088044223,0.0
B,uncertainty,0.39999999999999997,2400,0.0728189534467799,0.05691149137658913,0.09210796885894637,0.9775,0.4387822684948687,1.8922581233310818,0.0
B,uncertainty,0.44999999999999996,2400,0.08451759835490294,0.06760724572375627,0.10788633454056001,0.97375,0.43191815650339105,1.8263516537727447,0.0
B,uncertainty,0.5,2400,0.0927825949463177,0.07333544579830684,0.11890882116328845,0.9725,0.42555120700372956,1.78532656371317,0.0
B,uncertainty,0.5499999999999999,2400,0.10560001725112186,0.08377495119512228,0.13815637059379543,0.9708333333333333,0.42035384899443984,1.7643681020260737,0.0
B,uncertainty,0.6,2400,0.10858888988682423,0.0855249246911258,0.1412279150578318,0.9695833333333334,0.416121393696276,1.7300791384398266,0.0
B,uncertainty,0.6499999999999999,2400,0.1120174515295877,0.08721696512091992,0.14428692507905225,0.96875,0.41033549538159525,1.6955183758060774,0.0
B,uncertainty,0.7,2400,0.113331563077657,0.08805545267939413,0.1455811220814952,0.96875,0.40796231359152185,1.6839587901498423,0.0
B,uncertainty,0.75,2400,0.12155047544353437,0.09592778805006684,0.15346242875870597,0.9679166666666666,0.40461647630688585,1.6689555132910936,0.0
B,uncertainty,0.7999999999999999,2400,0.1255293988963115,0.09881448796415226,0.15927393744932816,0.9666666666666667,0.4013976277335297,1.6466607300340093,0.0
B,uncertainty,0.85,2400,0.1411937762814113,0.11117108479218722,0.1752260394773713,0.9645833333333333,0.39895109921343636,1.6252395399189996,0.0
B,uncertainty,0.8999999999999999,2400,0.15193123610318432,0.12098150914347906,0.18830104577245535,0.9625,0.3958709973991011,1.5851638827048313,0.0
B,uncertainty,0.95,2400,0.15499387055887057,0.12434477582947091,0.19261157436883206,0.96125,0.39225545985166393,1.5743800161860813,0.0
B,uncertainty_per_cost,0.0,2400,0.14501174228240518,0.06607121796951446,0.25613571312162087,0.9929166666666667,1.0885407701932726,7.287285044327827,0.0
B,uncertainty_per_cost,1e-08,2400,0.1455610838847138,0.06665908962736605,0.2565729111866572,0.9929166666666667,1.0145597271856788,5.700630826484854,0.0
B,uncertainty_per_cost,1.333521432163324e-08,2400,0.1456268313940478,0.06673564016775521,0.25660753831300964,0.9929166666666667,1.0034838796369565,5.457864450284881,0.0
B,uncertainty_per_cost,1.7782794100389228e-08,2400,0.14568354104381154,0.066803785703112,0.2566453739608018,0.9929166666666667,0.9896890470538631,5.2302834139099135,0.0
B,uncertainty_per_cost,2.371373705661655e-08,2400,0.14581063372878503,0.06701871142824997,0.25679934072643057,0.9929166666666667,0.9761660988697795,4.929108118411089,0.0
B,uncertainty_per_cost,3.162277660168379e-08,2400,0.14697277488635518,0.06846806493075072,0.2577523436253315,0.9925,0.9617204873653664,4.641529952473196,0.0
B,uncertainty_per_cost,4.2169650342858225e-08,2400,0.14990893824877594,0.06958417481284515,0.26040796685902345,0.9916666666666667,0.9388666115703038,4.221763598874856,0.0
B,uncertainty_per_cost,5.6234132519034905e-08,2400,0.15721146015004336,0.07837991920803643,0.27180665829946693,0.99,0.9208584404443423,3.9461241092773465,0.0011383039271485487
B,uncertainty_per_cost,7.498942093324559e-08,2400,0.16214273823427552,0.08289342396111224,0.27635942894896887,0.9879166666666667,0.8908489887381446,3.6403352393826602,0.0022766078542970974
B,uncertainty_per_cost,1e-07,2400,0.17068610591720204,0.09082711942690519,0.2844182943388059,0.985,0.8497707198616103,3.3155007690921683,0.0028457598178713715
B,uncertainty_per_cost,1.333521432163324e-07,2400,0.1855600853229682,0.10582952379451263,0.30123960777589653,0.9783333333333334,0.7893141421052099,2.9720009439280632,0.007398975526465566
B,uncertainty_per_cost,1.7782794100389227e-07,2400,0.20391506198762568,0.127650604022534,0.3181243365011972,0.97125,0.6984595469204058,2.6024921076439993,0.01309049516220831
B,uncertainty_per_cost,2.3713737056616554e-07,2400,0.2259479439885358,0.14887718879250314,0.34433219272511423,0.9620833333333333,0.6551003293502511,2.397891663168363,0.02333523050654525
B,uncertainty_per_cost,3.162277660168379e-07,2400,0.28415821774612093,0.2072833146167193,0.4026586808107957,0.94375,0.603469561197972,2.1516547322376907,0.04496300512236767
B,uncertainty_per_cost,4.2169650342858225e-07,2400,0.35946273420469876,0.28331404664390153,0.47577900800187595,0.91875,0.5427603383222005,1.835920998049857,0.07683551508252703
B,uncertainty_per_cost,5.62341325190349e-07,2400,0.4312726321834192,0.3539690509129521,0.5487838111369087,0.8991666666666667,0.46822308443567673,1.6114290159278486,0.10927717700626068
B,uncertainty_per_cost,7.498942093324558e-07,2400,0.5403883275876672,0.4526870492414247,0.6599019747563853,0.8716666666666667,0.4161390843174143,1.3978675079223952,0.14171883892999432
B,uncertainty_per_cost,1e-06,2400,0.6959415093568714,0.5992697036877213,0.831823710224632,0.8483333333333334,0.3825117613157896,1.2275655329407011,0.17302219692657939
B,uncertainty_per_cost,1.333521432163324e-06,2400,1.1093187874758712,0.8270807254776129,1.6552980885048958,0.8191666666666667,0.3439029284586974,1.0269416278065304,0.2088787706317587
B,uncertainty_per_cost,1.7782794100389227e-06,2400,1.3809850031078121,1.0856856395681724,1.9306010906875473,0.7808333333333334,0.31458433129012214,0.8670487201536222,0.25611838360842343
B,uncertainty_per_cost,2.3713737056616552e-06,2400,1.7878448057806107,1.4636069546388384,2.3520729243815106,0.7279166666666667,0.2767871700624371,0.748808606371925,0.3289698349459306
B,uncertainty_per_cost,3.162277660168379e-06,2400,2.352171439364469,2.00061768478325,2.8895790032546778,0.6554166666666666,0.23388534513965226,0.629480382422671,0.4302788844621514
B,uncertainty_per_cost,4.216965034285822e-06,2400,2.7808280977153705,2.4217388037276812,3.352557103521742,0.58,0.19110160947146446,0.5491695418785002,0.5389869095048377
B,uncertainty_per_cost,5.623413251903491e-06,2400,3.132336887321952,2.779833528744369,3.7220873939548773,0.5225,0.15814715495930332,0.49094319180142826,0.6232214001138304
B,uncertainty_per_cost,7.498942093324558e-06,2400,3.49323748630721,3.1441875982522856,4.120098827557125,0.46625,0.12844359708620362,0.4386581358276817,0.7029026750142288
B,uncertainty_per_cost,9.999999999999999e-06,2400,3.9347975566107993,3.569905061523373,4.572507136163075,0.4091666666666667,0.10356745301093473,0.3848790607872403,0.7894137734775185
B,uncertainty_per_cost,1.333521432163324e-05,2400,4.2565557700672905,3.8756104052813787,4.871650008981132,0.3729166666666667,0.0894213223998093,0.3590917008168223,0.8451906659077973
B,uncertainty_per_cost,1.778279410038923e-05,2400,4.525960345727084,4.164218012017852,5.1270455596034985,0.34125,0.08063765197332524,0.34477736675846243,0.8947068867387592
B,uncertainty_per_cost,2.3713737056616554e-05,2400,4.947776333255901,4.443382997415351,5.658881664310814,0.31666666666666665,0.0760103359920603,0.336584577231785,0.9277177006260672
B,uncertainty_per_cost,3.1622776601683795e-05,2400,5.5172463336642945,4.896506295950137,6.315974939581558,0.2991666666666667,0.07260846075074354,0.3284412998888608,0.9544678429140581
B,uncertainty_per_cost,4.216965034285822e-05,2400,5.829855419429352,5.174706966539745,6.647494495300775,0.28833333333333333,0.0701628502271726,0.3200469124425884,0.970973249857712
B,uncertainty_per_cost,5.623413251903491e-05,2400,6.081853700844194,5.344509475055909,6.973404466385311,0.285,0.06937373945401032,0.3154761129217483,0.9766647694934547
B,uncertainty_per_cost,7.498942093324559e-05,2400,6.150293094817882,5.398118863439485,7.024007034429089,0.28375,0.06887101438072679,0.3135623609825719,0.9795105293113261
B,uncertainty_per_cost,0.0001,2400,6.448436741740751,5.6946940757817925,7.3819272345238645,0.28208333333333335,0.06858217453846151,0.31134795290964573,0.9817871371656233
B,uncertainty_per_cost,0.0001333521432163324,2400,6.4659072787454965,5.722231142935995,7.3944663902197085,0.28125,0.06827616733624475,0.3110587860329785,0.983494593056346
B,uncertainty_per_cost,0.00017782794100389227,2400,6.895168581791808,5.9024683986073345,8.144887010919089,0.28,0.06745309636538671,0.308577031970893,0.9852020489470689
B,uncertainty_per_cost,0.0002371373705661655,2400,7.120246284494509,6.088794214862835,8.40794256689175,0.2791666666666667,0.0671567978743512,0.30680881038964497,0.9863403528742174
B,uncertainty_per_cost,0.00031622776601683794,2400,8.965558784494508,7.106457366660813,10.862224104840278,0.27625,0.06646412355434722,0.2979792372333941,0.9903244166192373
B,uncertainty_per_cost,0.00042169650342858224,2400,11.137684843482152,9.18334174499203,13.78549042119299,0.27125,0.06537853574856779,0.284194497999224,0.9971542401821286
B,uncertainty_per_cost,0.0005623413251903491,2400,11.76076262125993,9.64175472060364,14.445752348556084,0.27,0.06500671991913287,0.28132915054880264,0.9988616960728515
B,uncertainty_per_cost,0.0007498942093324559,2400,11.76076262125993,9.64175472060364,14.445752348556084,0.27,0.06500671991913287,0.28132915054880264,0.9988616960728515
B,uncertainty_per_cost,0.001,2400,12.17313762125993,9.83200805726069,15.045651871173037,0.26958333333333334,0.06494312260402088,0.2798859588617203,0.9994308480364257
B,uncertainty_per_cost,0.001333521432163324,2400,12.17313762125993,9.83200805726069,15.045651871173037,0.26958333333333334,0.06494312260402088,0.2798859588617203,0.9994308480364257
B,uncertainty_per_cost,0.0017782794100389228,2400,12.17313762125993,9.83200805726069,15.045651871173037,0.26958333333333334,0.06494312260402088,0.2798859588617203,0.9994308480364257
B,uncertainty_per_cost,0.0023713737056616554,2400,12.583929287926598,10.257170531528446,16.02038422562803,0.26916666666666667,0.06480449691269898,0.2794468104892197,1.0
B,uncertainty_per_cost,0.0031622776601683794,2400,12.583929287926598,10.257170531528446,16.02038422562803,0.26916666666666667,0.06480449691269898,0.2794468104892197,1.0
B,uncertainty_per_cost,0.004216965034285822,2400,12.583929287926598,10.257170531528446,16.02038422562803,0.26916666666666667,0.06480449691269898,0.2794468104892197,1.0
B,uncertainty_per_cost,0.005623413251903491,2400,12.583929287926598,10.257170531528446,16.02038422562803,0.26916666666666667,0.06480449691269898,0.2794468104892197,1.0
B,uncertainty_per_cost,0.007498942093324558,2400,12.583929287926598,10.257170531528446,16.02038422562803,0.26916666666666667,0.06480449691269898,0.2794468104892197,1.0
B,uncertainty_per_cost,0.01,2400,12.583929287926598,10.257170531528446,16.02038422562803,0.26916666666666667,0.06480449691269898,0.2794468104892197,1.0
B,fullstate_voc,0.0,2400,0.4231523015936971,0.3312466757931625,0.5566313239511707,0.9241666666666667,0.7573562501234593,5.1757464560588415,0.0
B,fullstate_voc,1e-08,2400,0.4231524443545766,0.3312466820804341,0.5566313647740038,0.9241666666666667,0.7514357671244056,5.1162328290734145,0.0
B,fullstate_voc,1.333521432163324e-08,2400,0.42317894849072313,0.3312974530881386,0.5566574556478349,0.9241666666666667,0.7477193455829663,5.051051908167152,0.0
B,fullstate_voc,1.7782794100389228e-08,2400,0.4231873144973224,0.33131003638897477,0.5566577221890745,0.9241666666666667,0.7439760638733202,5.010527319779676,0.0
B,fullstate_voc,2.371373705661655e-08,2400,0.42320396669151317,0.3313189777533056,0.5566831624852552,0.9241666666666667,0.7406238227901195,4.9831363972275415,0.0
B,fullstate_voc,3.162277660168379e-08,2400,0.4260358683785056,0.33419267819004056,0.5611849862245116,0.9233333333333333,0.7237240273395734,4.736830831537933,0.0
B,fullstate_voc,4.2169650342858225e-08,2400,0.4279642510861813,0.33623442367825024,0.5634099943474404,0.9225,0.7020477690946451,4.494230769767152,0.0
B,fullstate_voc,5.6234132519034905e-08,2400,0.4308998823338433,0.339228821157417,0.5671350322031151,0.9216666666666666,0.678766781427775,4.325752585273498,0.0
B,fullstate_voc,7.498942093324559e-08,2400,0.4339803833601237,0.3437400492196483,0.5690549128746408,0.9208333333333333,0.6701850415812808,4.191018954063068,0.0
B,fullstate_voc,1e-07,2400,0.4354232392133883,0.3450188566893901,0.5710247556216507,0.9204166666666667,0.6567072989713924,3.980479571408981,0.0
B,fullstate_voc,1.333521432163324e-07,2400,0.43763660561695955,0.34887446404524103,0.5728397865624215,0.9195833333333333,0.6423872865759983,3.7756017007506246,0.0
B,fullstate_voc,1.7782794100389227e-07,2400,0.43972296145730144,0.3510630832645121,0.576719837382972,0.91875,0.6333004244506725,3.586474956661511,0.0
B,fullstate_voc,2.3713737056616554e-07,2400,0.44193644292549,0.3534359619293257,0.578883993004435,0.9179166666666667,0.6226172920472467,3.4212688079844975,0.0028457598178713715
B,fullstate_voc,3.162277660168379e-07,2400,0.44986148059126874,0.3590717331444727,0.5851143085456687,0.9158333333333334,0.6064297075372952,3.1395278376833087,0.0028457598178713715
B,fullstate_voc,4.2169650342858225e-07,2400,0.4525344019403831,0.36138253691815125,0.5868006287220298,0.9145833333333333,0.5824882075200922,2.896201949625841,0.005691519635742743
B,fullstate_voc,5.62341325190349e-07,2400,0.461271925606248,0.36618363737820114,0.5907158826027994,0.9129166666666667,0.5704077040331779,2.7077438934175433,0.008537279453614115
B,fullstate_voc,7.498942093324558e-07,2400,0.49541768535426833,0.3922926953691263,0.6258581891254629,0.9104166666666667,0.5479727333398616,2.4574987906074814,0.008537279453614115
B,fullstate_voc,1e-06,2400,0.511729748179707,0.40749785413252676,0.6386430606159708,0.9033333333333333,0.5090097179436861,2.084249407074085,0.008537279453614115
B,fullstate_voc,1.333521432163324e-06,2400,0.5302890167482679,0.4249066656615633,0.6556310245067506,0.89625,0.46640159593533553,1.862241806182501,0.011383039271485486
B,fullstate_voc,1.7782794100389227e-06,2400,0.5596177087882612,0.4559586149968451,0.6901128712818992,0.8845833333333334,0.42487136000461634,1.6976550190531512,0.011383039271485486
B,fullstate_voc,2.3713737056616552e-06,2400,0.6293897753599632,0.515474903783261,0.768251916845194,0.8641666666666666,0.38226228926826394,1.6222455865784862,0.011383039271485486
B,fullstate_voc,3.162277660168379e-06,2400,0.6353152967788832,0.5178299500221262,0.774126406656219,0.8616666666666667,0.37278227001239705,1.5449897928717777,0.011383039271485486
B,fullstate_voc,4.216965034285822e-06,2400,0.6402598926480999,0.5244989341861438,0.7775836676634118,0.86,0.36805731301935085,1.4986962072729937,0.011383039271485486
B,fullstate_voc,5.623413251903491e-06,2400,0.6402598926480999,0.5244989341861438,0.7775836676634118,0.86,0.367536163972006,1.4982298127046427,0.011383039271485486
B,fullstate_voc,7.498942093324558e-06,2400,1.277565253181527,0.6262515528799368,2.266256192491049,0.8570833333333333,0.36483947317987137,1.4798101674513358,0.015367103016505406
B,fullstate_voc,9.999999999999999e-06,2400,1.9419396224190104,0.8478510163638474,3.340837459435879,0.85125,0.3612361920960683,1.439732574067569,0.02504268639726807
B,fullstate_voc,1.333521432163324e-05,2400,2.6315799220533336,1.345150057043873,4.511385035816282,0.84,0.35084737786242254,1.3749728629933695,0.03927148548662493
B,fullstate_voc,1.778279410038923e-05,2400,2.9235220195184066,1.4870620943267874,4.753461769479141,0.8170833333333334,0.3293001808085711,1.3334587200296089,0.0466704610130905
B,fullstate_voc,2.3713737056616554e-05,2400,4.703537315782416,2.9644667101127036,6.954808525703229,0.7358333333333333,0.2578857301696788,1.1599501995737198,0.07512805919180421
B,fullstate_voc,3.1622776601683795e-05,2400,5.425618693183854,3.4999281065973995,8.06503423252572,0.68125,0.22073309398124535,0.9761359150835415,0.12976664769493454
B,fullstate_voc,4.216965034285822e-05,2400,5.900929294233002,4.033048895377633,8.55197332637754,0.60625,0.18559650401648453,0.749198326546942,0.2128628343767786
B,fullstate_voc,5.623413251903491e-05,2400,9.74626088420437,7.489099120315982,12.822178920910863,0.5245833333333333,0.164267179170424,0.48398097160808295,0.33636881047239614
B,fullstate_voc,7.498942093324559e-05,2400,10.402061315760244,8.067471387112898,13.723084337925545,0.5083333333333333,0.1552170818809197,0.43401960743681833,0.3790552077404667
B,fullstate_voc,0.0001,2400,10.84564874994992,8.441639773762045,14.197587226976117,0.4875,0.1400171758195001,0.3716779210401486,0.48947068867387594
B,fullstate_voc,0.0001333521432163324,2400,11.195796871305776,8.835796257213355,14.548497127513613,0.43833333333333335,0.12050910932058344,0.3361665955209416,0.6095617529880478
B,fullstate_voc,0.00017782794100389227,2400,11.39552501360328,9.054648543782237,14.744888289685752,0.40791666666666665,0.10579781697361386,0.31169173248764914,0.7034718269778031
B,fullstate_voc,0.0002371373705661655,2400,11.669079334280006,9.339471860193237,15.043226181566004,0.3670833333333333,0.09203982154554052,0.3001192045568011,0.8019351166761526
B,fullstate_voc,0.00031622776601683794,2400,11.874735920651643,9.515718813649329,15.252559746043062,0.33916666666666667,0.08407784380120151,0.29393047775304393,0.8560045532157086
B,fullstate_voc,0.00042169650342858224,2400,12.440767346837546,10.133942969179586,15.854582517389355,0.28375,0.06738267388804521,0.28146923496717136,0.9721115537848606
B,fullstate_voc,0.0005623413251903491,2400,12.571592123492925,10.243016237697724,16.015988434820017,0.2704166666666667,0.06524769333873277,0.27987959500464965,0.9931701764371087
B,fullstate_voc,0.0007498942093324559,2400,12.583929298281952,10.257170536643859,16.020384230984327,0.26916666666666667,0.0651068464540072,0.2797696884983907,0.9948776323278316
B,fullstate_voc,0.001,2400,12.583929298644549,10.257170536643905,16.02038423153044,0.26916666666666667,0.06501619237042534,0.27964523441796096,0.9965850882185544
B,fullstate_voc,0.001333521432163324,2400,12.583929298644549,10.257170536643905,16.02038423153044,0.26916666666666667,0.06501619237042534,0.27964523441796096,0.9965850882185544
B,fullstate_voc,0.0017782794100389228,2400,12.583929287596511,10.257170530851772,16.02038422562803,0.26916666666666667,0.06487941404400514,0.2795103288042204,0.9988616960728515
B,fullstate_voc,0.0023713737056616554,2400,12.583929287596511,10.257170530851772,16.02038422562803,0.26916666666666667,0.06487941404400514,0.2795103288042204,0.9988616960728515
B,fullstate_voc,0.0031622776601683794,2400,12.583929287596511,10.257170530851772,16.02038422562803,0.26916666666666667,0.06487941404400514,0.2795103288042204,0.9988616960728515
B,fullstate_voc,0.004216965034285822,2400,12.583929287596511,10.257170530851772,16.02038422562803,0.26916666666666667,0.06487941404400514,0.2795103288042204,0.9988616960728515
B,fullstate_voc,0.005623413251903491,2400,12.583929287926598,10.257170531528446,16.02038422562803,0.26916666666666667,0.06480449691269898,0.2794468104892197,1.0
B,fullstate_voc,0.007498942093324558,2400,12.583929287926598,10.257170531528446,16.02038422562803,0.26916666666666667,0.06480449691269898,0.2794468104892197,1.0
B,fullstate_voc,0.01,2400,12.583929287926598,10.257170531528446,16.02038422562803,0.26916666666666667,0.06480449691269898,0.2794468104892197,1.0
B,voc,0.0,2400,0.13022760628172916,0.05490685478428063,0.23416964362794299,0.99375,0.7441243891406621,5.114310524472173,0.0011383039271485487
B,hybrid,0.0,2400,0.8263045669985324,0.6985571319754459,0.9481660764370395,0.8354166666666667,0.35628096065611886,1.568892370492907,0.035287421741605006
B,voc,1e-08,2400,0.13040256754085852,0.05506097991000431,0.23435825897572563,0.99375,0.7185823397010052,4.640224035594674,0.0022766078542970974
B,hybrid,1e-08,2400,0.8263045671557662,0.6985571319797352,0.9481660764433666,0.8354166666666667,0.35500378729284016,1.5632460489954185,0.035856573705179286
B,voc,1.333521432163324e-08,2400,0.13050722379428942,0.05508957095889995,0.23451233968429688,0.99375,0.7110121884859842,4.469020336876356,0.0022766078542970974
B,hybrid,1.333521432163324e-08,2400,0.8263045677602946,0.6985571322971127,0.9481660775919707,0.8354166666666667,0.3547769350201445,1.561803090452507,0.035856573705179286
B,voc,1.7782794100389228e-08,2400,0.13063595188964172,0.05524831022463295,0.23463740956500562,0.99375,0.7017064753546862,4.249052406143844,0.0022766078542970974
B,hybrid,1.7782794100389228e-08,2400,0.8263045598527113,0.6985571202283494,0.9481660659238977,0.8354166666666667,0.35433220411696115,1.5599269732429244,0.03642572566875356
B,voc,2.371373705661655e-08,2400,0.13083371129659144,0.05555714869516345,0.2348463990156682,0.99375,0.6879931051245983,3.9341623226826323,0.0022766078542970974
B,hybrid,2.371373705661655e-08,2400,0.8263045517403568,0.6985571080166747,0.948166062847219,0.8354166666666667,0.35310335876366705,1.5550476195300023,0.03699487763232783
B,voc,3.162277660168379e-08,2400,0.13098244040057802,0.055734103070673884,0.23496064238395634,0.99375,0.6712315881320772,3.6657675814363664,0.003414911781445646
B,hybrid,3.162277660168379e-08,2400,0.8263045473049109,0.6985571035812288,0.9481660537545549,0.8354166666666667,0.3511147157912494,1.5435558965554326,0.03699487763232783
B,voc,4.2169650342858225e-08,2400,0.13117795789436124,0.055892395779264546,0.23512796628846888,0.99375,0.6534979423605781,3.3716799618914166,0.00398406374501992
B,hybrid,4.2169650342858225e-08,2400,0.8263045370398485,0.6985570878853872,0.9481660427745389,0.8354166666666667,0.3486637854527135,1.5260454107233576,0.03813318155947638
B,voc,5.6234132519034905e-08,2400,0.1315571316342924,0.056454284481990115,0.23547677612447862,0.99375,0.6401789012067565,3.208613634484785,0.00398406374501992
B,hybrid,5.6234132519034905e-08,2400,0.8263045299163458,0.6985570840879033,0.948166032407856,0.8354166666666667,0.3465034415485374,1.5118886598579684,0.03927148548662493
B,voc,7.498942093324559e-08,2400,0.13209831788640977,0.05685072785044529,0.23606129454147712,0.99375,0.6259695570714535,3.016888203469786,0.004553215708594195
B,hybrid,7.498942093324559e-08,2400,0.826400086314632,0.6987075844454589,0.948216201170464,0.8354166666666667,0.34363492277693636,1.502706127953379,0.0398406374501992
B,voc,1e-07,2400,0.13274440632436427,0.05739070711625758,0.23646207922797496,0.9933333333333333,0.6064933788020609,2.852958889464853,0.004553215708594195
B,hybrid,1e-07,2400,0.8264000978478102,0.6987075974077195,0.9482162025546622,0.8354166666666667,0.34050296857552304,1.495112434326311,0.043255549231644846
B,voc,1.333521432163324e-07,2400,0.13573784072331554,0.05944966677181023,0.2391255835694029,0.9925,0.580425321223042,2.710175492854017,0.005122367672168469
B,hybrid,1.333521432163324e-07,2400,0.826400088754125,0.6987075907458865,0.9482162090864968,0.8354166666666667,0.3366822651930936,1.4879610786225568,0.043824701195219126
B,voc,1.7782794100389227e-07,2400,0.13966964775532828,0.06378091596249032,0.2438112672502707,0.9908333333333333,0.5599681320601468,2.609070855548204,0.005691519635742743
B,hybrid,1.7782794100389227e-07,2400,0.8264000900610413,0.6987075937242108,0.9482162064482048,0.8354166666666667,0.3314623254075891,1.4784827975292258,0.04610130904951622
B,voc,2.3713737056616554e-07,2400,0.14748147911535597,0.07130090531352404,0.25512086156617925,0.9883333333333333,0.5259469680218251,2.4440268161582814,0.006260671599317018
B,hybrid,2.3713737056616554e-07,2400,0.8264001043036684,0.6987076205557909,0.9482162257292868,0.8354166666666667,0.323497655377596,1.4632830702763688,0.056915196357427436
B,voc,3.162277660168379e-07,2400,0.16190202105228768,0.08389628528140887,0.273927901201344,0.9825,0.48794653293056417,2.2338563282541326,0.006260671599317018
B,hybrid,3.162277660168379e-07,2400,0.8264000914421945,0.6987076100569226,0.9482162081110445,0.8354166666666667,0.31324788485855026,1.4424755015487942,0.07854297097324986
B,voc,4.2169650342858225e-07,2400,0.17523164357446044,0.0955283514941684,0.29473426475051573,0.98,0.46448616092063116,2.071250606824139,0.00796812749003984
B,hybrid,4.2169650342858225e-07,2400,0.8344767423758397,0.7044393929874985,0.9612215632128615,0.835,0.3076537569886825,1.4333205196662797,0.08992601024473534
B,voc,5.62341325190349e-07,2400,0.185517870864134,0.10609367736424342,0.3024358409769422,0.9766666666666667,0.4334657363510663,1.9286252716233048,0.008537279453614115
B,hybrid,5.62341325190349e-07,2400,0.8345230076556065,0.7044394009669844,0.9612678335558545,0.835,0.30318325888465275,1.4260625293471063,0.09846328969834946
B,voc,7.498942093324558e-07,2400,0.1922567253494005,0.1102096864227695,0.3057069698469677,0.975,0.41391427034216266,1.7883892560724932,0.009675583380762664
B,hybrid,7.498942093324558e-07,2400,0.8345230116918767,0.7044394035812892,0.9612678402196252,0.835,0.2981385479733699,1.4189986075504506,0.11041548093340922
B,voc,1e-06,2400,0.19715382133213114,0.11385191254232875,0.3121103709132298,0.9733333333333334,0.39942285498701313,1.6922756807641477,0.010813887307911212
B,hybrid,1e-06,2400,0.8367616484883647,0.7069351390476897,0.9619921581302473,0.8341666666666666,0.2919096012273738,1.4095185027437371,0.13204325554923166
B,voc,1.333521432163324e-06,2400,0.20624547481503963,0.12242525983772545,0.3216122765984449,0.97,0.3862521699655556,1.5782267863287538,0.013659647125782584
B,hybrid,1.333521432163324e-06,2400,0.8426186558198276,0.7102416334358745,0.9693192749451811,0.8320833333333333,0.28605763115818766,1.3947198797103646,0.14968696642003415
B,voc,1.7782794100389227e-06,2400,0.23306567797048994,0.14894101711831945,0.3495918538354276,0.9616666666666667,0.3735599874405594,1.4887438332337388,0.0221969265793967
B,hybrid,1.7782794100389227e-06,2400,0.860584720868771,0.7261297541266064,0.9863248299748152,0.8258333333333333,0.2785816553781791,1.3648454188849397,0.17017643710870803
B,voc,2.3713737056616552e-06,2400,0.2652572712529779,0.1778626855369584,0.3795462097872647,0.9495833333333333,0.3623180424789327,1.436907426072891,0.03813318155947638
B,hybrid,2.3713737056616552e-06,2400,0.8920858374621244,0.7553520724405373,1.0218993924572806,0.8141666666666667,0.26894089520216247,1.3177113797778597,0.20091064314171883
B,voc,3.162277660168379e-06,2400,0.2977230752752779,0.2129020427980273,0.41133731060967077,0.9375,0.35089230270715643,1.3599433410387336,0.05406943653955606
B,hybrid,3.162277660168379e-06,2400,0.923676544069314,0.7918431091915381,1.0495560961003,0.8025,0.2608598818325168,1.254421964406159,0.22083096186681844
B,voc,4.216965034285822e-06,2400,0.3708303013076739,0.28380414513712715,0.47539675049551106,0.91125,0.3391187386043732,1.2401784035303627,0.08992601024473534
B,hybrid,4.216965034285822e-06,2400,0.9967779607178956,0.8660940199799025,1.1240931438843134,0.77625,0.25021519340627396,1.1359838386236425,0.26237905520774046
B,voc,5.623413251903491e-06,2400,0.45657502720284376,0.36927239102622406,0.5789236123278964,0.8920833333333333,0.33000861550427296,1.133726398244095,0.11610700056915196
B,hybrid,5.623413251903491e-06,2400,1.0825227137197517,0.9560673456391006,1.2148882105133798,0.7570833333333333,0.24171175977360537,1.0301604132881979,0.2965281730221969
B,voc,7.498942093324558e-06,2400,0.8120543670061422,0.5325670209288064,1.3868533103832745,0.8654166666666666,0.3228761960570194,1.040684687923649,0.1531018782014798
B,hybrid,7.498942093324558e-06,2400,1.4380020740664865,1.1342249057913218,1.9805180014480144,0.7304166666666667,0.2350528085393413,0.9375364589631681,0.3346613545816733
B,voc,9.999999999999999e-06,2400,0.9874082489971069,0.7019161725495633,1.5544419430558492,0.8354166666666667,0.3147850056145915,0.9435539270907065,0.1952191235059761
B,hybrid,9.999999999999999e-06,2400,1.6133559558842476,1.314907826938339,2.143433044381935,0.7004166666666667,0.2275808340256216,0.8410769307794089,0.37677859988616963
B,voc,1.333521432163324e-05,2400,1.0863634343019917,0.8011380850027611,1.665500575487221,0.8179166666666666,0.3089280189234901,0.8951221646398214,0.22083096186681844
B,hybrid,1.333521432163324e-05,2400,1.7115932653343842,1.4191605051016778,2.2415455293845903,0.6833333333333333,0.22266074733360833,0.7935949483143758,0.40239043824701193
B,voc,1.778279410038923e-05,2400,1.244360448008135,0.9563294942958521,1.8296809514200094,0.8004166666666667,0.3026070085560468,0.8504116307902253,0.24530449630051224
B,hybrid,1.778279410038923e-05,2400,1.8678384687167329,1.5725766175957565,2.441847086110204,0.6666666666666666,0.21729446789027843,0.7501639465985257,0.4257256687535572
B,voc,2.3713737056616554e-05,2400,1.5579305882191652,1.2284265663741003,2.121132690885386,0.7566666666666667,0.27132130640557717,0.763232198138127,0.3062037564029596
B,hybrid,2.3713737056616554e-05,2400,2.1425216615330647,1.8039077882668872,2.7132678800792696,0.6354166666666666,0.19990413042696248,0.6814376518551883,0.4701195219123506
B,voc,3.1622776601683795e-05,2400,1.9694172736250581,1.6343837447343714,2.5620447992901294,0.685,0.21997196026607013,0.6479384809876501,0.4120660216277746
B,hybrid,3.1622776601683795e-05,2400,2.461110528401152,2.1167281454559816,3.0697060696845266,0.5841666666666666,0.1670492837722728,0.5899069619693151,0.5486624928856004
B,voc,4.216965034285822e-05,2400,2.372742422165048,2.0209536697007247,2.985407975475608,0.6129166666666667,0.17429267610423688,0.5399626394830557,0.5173591348890154
B,hybrid,4.216965034285822e-05,2400,2.778034135665378,2.428228342968862,3.3962202921074116,0.5370833333333334,0.1388813793797105,0.5017014482597157,0.620375640295959
B,voc,5.623413251903491e-05,2400,2.924805710632674,2.5659856359137305,3.5082223749158907,0.5570833333333334,0.1442308807355102,0.4458533950563924,0.6010244735344337
B,hybrid,5.623413251903491e-05,2400,3.2463130196488024,2.9043882603467996,3.83902568309312,0.4975,0.11991600224214727,0.4214750392897228,0.6818440523619806
B,voc,7.498942093324559e-05,2400,3.2711637232067843,2.8988149514677595,3.8703677291158707,0.5166666666666667,0.12461591252082274,0.4039531371472064,0.6590779738190097
B,hybrid,7.498942093324559e-05,2400,3.55925762960588,3.1973312771064544,4.187527293584121,0.46291666666666664,0.1039704234002453,0.38468846748388086,0.732498577120091
B,voc,0.0001,2400,3.5319231658760106,3.1531266006566603,4.139026564252159,0.4820833333333333,0.11440688963433206,0.37137579262469445,0.7085941946499715
B,hybrid,0.0001,2400,3.810115707286729,3.4437646565795603,4.439989369874772,0.43125,0.0959447788503812,0.3541769200626156,0.778030734206033
B,voc,0.0001333521432163324,2400,3.742784626298763,3.3606035055172203,4.3376610103310345,0.44916666666666666,0.09986676085345406,0.35274579323259786,0.7541263517359135
B,hybrid,0.0001333521432163324,2400,3.9906529120077243,3.6044657526621258,4.598900573487938,0.40791666666666665,0.09027596119600934,0.3435720515263529,0.8104723961297666
B,voc,0.00017782794100389227,2400,4.076815628975094,3.6804523189160663,4.680813569221025,0.3983333333333333,0.08893182025215472,0.34255774550257834,0.8235628912919749
B,hybrid,0.00017782794100389227,2400,4.222103658427704,3.8307514720098395,4.81363357502605,0.38208333333333333,0.08540907768847426,0.3387703873125853,0.8457598178713717
B,voc,0.0002371373705661655,2400,4.537575885402712,4.07772285980404,5.291428893153629,0.37333333333333335,0.08418198656515281,0.33523881418674745,0.8577120091064314
B,hybrid,0.0002371373705661655,2400,4.619238214536776,4.156767247237236,5.3670433131431805,0.36541666666666667,0.08260560287934537,0.33352668411884223,0.8685258964143426
B,voc,0.00031622776601683794,2400,5.202739076929188,4.434615654862452,6.328585789622604,0.3475,0.0786081415260257,0.3291178349217565,0.8929994308480365
B,hybrid,0.00031622776601683794,2400,5.249015304127025,4.459932065621629,6.3648689095257005,0.34375,0.07779457779755997,0.3283342888813392,0.8981217985202049
B,voc,0.00042169650342858224,2400,6.202060443611372,5.262403422183226,7.389644041121036,0.31375,0.07265084541056656,0.318431864029244,0.9391007398975526
B,hybrid,0.00042169650342858224,2400,6.230151532129239,5.297864680781554,7.4175916430042,0.3125,0.0721587090208422,0.3179522993742466,0.9408081957882755
B,voc,0.0005623413251903491,2400,6.7892567816348945,5.794085064628652,8.052795449081557,0.29083333333333333,0.06856746917849467,0.3089540075334086,0.9704040978941377
B,hybrid,0.0005623413251903491,2400,6.7892567816348945,5.794085064628652,8.052795449081557,0.29083333333333333,0.06856746917849467,0.3089540075334086,0.9704040978941377
B,voc,0.0007498942093324559,2400,7.67212171516233,6.407176982621531,9.407950074448808,0.27958333333333335,0.06704284807765662,0.30380893427048555,0.9857712009106432
B,hybrid,0.0007498942093324559,2400,7.67212171516233,6.407176982621531,9.407950074448808,0.27958333333333335,0.06704284807765662,0.30380893427048555,0.9857712009106432
B,voc,0.001,2400,8.178529611033442,6.639321053372381,10.158335100369875,0.2775,0.06674344051367583,0.30161038358339587,0.9886169607285145
B,hybrid,0.001,2400,8.178529611033442,6.639321053372381,10.158335100369875,0.2775,0.06674344051367583,0.30161038358339587,0.9886169607285145
B,voc,0.001333521432163324,2400,9.715976510148819,7.655792281930069,12.052887051021292,0.27458333333333335,0.06579563567175699,0.29177276180756356,0.9926010244735345
B,hybrid,0.001333521432163324,2400,9.715976510148819,7.655792281930069,12.052887051021292,0.27458333333333335,0.06579563567175699,0.29177276180756356,0.9926010244735345
B,voc,0.0017782794100389228,2400,11.558143176815484,9.475283694534578,14.274630357942604,0.27125,0.06520066531703997,0.282518658405476,0.9971542401821286
B,hybrid,0.0017782794100389228,2400,11.558143176815484,9.475283694534578,14.274630357942604,0.27125,0.06520066531703997,0.282518658405476,0.9971542401821286
B,voc,0.0023713737056616554,2400,12.576184843482151,10.253181676001761,15.999038662514668,0.26958333333333334,0.06486221475178212,0.2794878491900545,0.9994308480364257
B,hybrid,0.0023713737056616554,2400,12.576184843482151,10.253181676001761,15.999038662514668,0.26958333333333334,0.06486221475178212,0.2794878491900545,0.9994308480364257
B,voc,0.0031622776601683794,2400,12.576184843482151,10.253181676001761,15.999038662514668,0.26958333333333334,0.06486221475178212,0.2794878491900545,0.9994308480364257
B,hybrid,0.0031622776601683794,2400,12.576184843482151,10.253181676001761,15.999038662514668,0.26958333333333334,0.06486221475178212,0.2794878491900545,0.9994308480364257
B,voc,0.004216965034285822,2400,12.583929287926598,10.257170531528446,16.02038422562803,0.26916666666666667,0.06480449691269898,0.2794468104892197,1.0
B,hybrid,0.004216965034285822,2400,12.583929287926598,10.257170531528446,16.02038422562803,0.26916666666666667,0.06480449691269898,0.2794468104892197,1.0
B,voc,0.005623413251903491,2400,12.583929287926598,10.257170531528446,16.02038422562803,0.26916666666666667,0.06480449691269898,0.2794468104892197,1.0
B,hybrid,0.005623413251903491,2400,12.583929287926598,10.257170531528446,16.02038422562803,0.26916666666666667,0.06480449691269898,0.2794468104892197,1.0
B,voc,0.007498942093324558,2400,12.583929287926598,10.257170531528446,16.02038422562803,0.26916666666666667,0.06480449691269898,0.2794468104892197,1.0
B,hybrid,0.007498942093324558,2400,12.583929287926598,10.257170531528446,16.02038422562803,0.26916666666666667,0.06480449691269898,0.2794468104892197,1.0
B,voc,0.01,2400,12.583929287926598,10.257170531528446,16.02038422562803,0.26916666666666667,0.06480449691269898,0.2794468104892197,1.0
B,hybrid,0.01,2400,12.583929287926598,10.257170531528446,16.02038422562803,0.26916666666666667,0.06480449691269898,0.2794468104892197,1.0
B,hardlabel,0.01,2400,0.1659810412681588,0.08779907955724228,0.27620979097666437,0.9804166666666667,0.4728816937306076,2.7731839785376633,0.02333523050654525
B,hardlabel,0.020000000000000004,2400,0.25090820303396216,0.16775795455776443,0.3658493471416777,0.9508333333333333,0.4230162130330606,2.4269677261997304,0.06374501992031872
B,hardlabel,0.030000000000000006,2400,0.32072839419782356,0.23930360334166073,0.4372560682490109,0.93125,0.39446726816988414,2.2928880843055897,0.09049516220830962
B,hardlabel,0.04000000000000001,2400,0.566070904789901,0.2907172572658775,0.9967910996541737,0.9166666666666666,0.3791247103344707,2.1695267787318517,0.10984632896983494
B,hardlabel,0.05000000000000001,2400,0.6529704366131964,0.3438606075356688,1.11781629434507,0.9091666666666667,0.36814106564944715,2.1208263625606167,0.12122936824132043
B,hardlabel,0.06000000000000001,2400,0.6642651696889172,0.3568905039497167,1.126709795000997,0.90625,0.3621530014659097,2.074911361958123,0.12578258394991462
B,hardlabel,0.07,2400,0.6754497453423634,0.3685835827441842,1.1349189863661628,0.9033333333333333,0.36147347615008235,2.059958399665623,0.128628343767786
B,hardlabel,0.08,2400,0.6873626525763952,0.37957919231376536,1.1501984719490064,0.9008333333333334,0.35759182444881277,2.015102448566868,0.13147410358565736
B,hardlabel,0.09000000000000001,2400,0.694366162203318,0.38778560421397557,1.1571057875540622,0.8991666666666667,0.3552639572152522,1.9806201188643657,0.13375071143995446
B,hardlabel,0.1,2400,0.7049448717714865,0.39904165572890693,1.165288595058833,0.8970833333333333,0.3532843736826454,1.965407557504365,0.13659647125782584
B,hardlabel,0.15,2400,2.8532665436341973,1.7964953443621225,4.132617543193259,0.8758333333333334,0.34359352561146933,1.8387626634414422,0.16562322140011382
B,hardlabel,0.19999999999999998,2400,3.059555237023385,2.0218431041014413,4.366196558955227,0.8525,0.32667996515206565,1.7313696517018282,0.19692657939669891
B,hardlabel,0.25,2400,3.588615604525967,2.3713902019227713,4.9553684684150445,0.82375,0.3072790200944773,1.6752782491847393,0.2367672168468981
B,hardlabel,0.3,2400,3.856795497682761,2.5778678797491295,5.292507271497505,0.8008333333333333,0.29370606046659586,1.6128214385730795,0.26807057484348323
B,hardlabel,0.35,2400,4.035332950700928,2.7362707249762463,5.468951511028654,0.7733333333333333,0.2810633320631611,1.544375758131,0.30563460443938534
B,hardlabel,0.39999999999999997,2400,4.1796261749697265,2.878292864935971,5.613381564946219,0.7470833333333333,0.2666371901977188,1.504551593286836,0.3414911781445646
B,hardlabel,0.44999999999999996,2400,4.406488941449309,3.107125010933012,5.8497356651852455,0.7041666666666667,0.24224840894437666,1.429185741614765,0.40068298235628913
B,hardlabel,0.5,2400,4.53662919382907,3.2296203490714417,5.979996349620103,0.6770833333333334,0.22790546547627907,1.3898851733484845,0.43824701195219123
B,hardlabel,0.5499999999999999,2400,5.15586670488561,3.682455653292905,6.807407840611431,0.655,0.2167781876123512,1.3521448706389037,0.4678429140580535
B,hardlabel,0.6,2400,5.738225729739659,3.9760070089518833,7.740207990939489,0.6320833333333333,0.20462777457757397,1.3149226336384738,0.4991462720546386
B,hardlabel,0.6499999999999999,2400,6.524978445627289,4.4802060404465225,8.81229793752837,0.6116666666666667,0.19388878660717276,1.2676567806638832,0.5258964143426295
B,hardlabel,0.7,2400,7.160769514516716,5.154262258095813,9.435151155719467,0.5820833333333333,0.1789734475376755,1.2035468354122107,0.5651678998292544
B,hardlabel,0.75,2400,7.767833438707473,5.71492939308708,10.182773550117519,0.5541666666666667,0.1676432351157412,1.1285346718388276,0.6010244735344337
B,hardlabel,0.7999999999999999,2400,8.960569340963975,6.775827168421771,11.603237308945303,0.5141666666666667,0.15025715958799007,1.018636514085077,0.6528173022196927
B,hardlabel,0.85,2400,9.845858294117466,7.4847540974625435,12.784823326044007,0.45208333333333334,0.12359005906424438,0.8734554959279922,0.7370517928286853
B,hardlabel,0.8999999999999999,2400,11.43412195266158,9.020920792595478,14.593780801894017,0.3695833333333333,0.09783241518926762,0.7513392989942531,0.848605577689243
B,hardlabel,0.95,2400,12.018986695648097,9.67990671996613,15.460393692127619,0.3225,0.08270774602147671,0.6090192362729825,0.9089356858281161
B,voc_seq,0.0,2400,0.12850131719982363,0.054119568851351524,0.23318592784320086,0.9941666666666666,1.398879944123835,8.590910162392627,0.0011383039271485487
B,voc_seq,1e-08,2400,0.12871524405209367,0.05432154979472739,0.23341688807452904,0.9941666666666666,1.353283009617644,7.75680493210469,0.0022766078542970974
B,voc_seq,1.333521432163324e-08,2400,0.12877073390288749,0.05437421905499445,0.23349663993246425,0.9941666666666666,1.3407562170146252,7.507292885606809,0.0022766078542970974
B,voc_seq,1.7782794100389228e-08,2400,0.1288221144840215,0.05440228341780262,0.2335479202157064,0.9941666666666666,1.327508811907735,7.247190754224709,0.0022766078542970974
B,voc_seq,2.371373705661655e-08,2400,0.12896881287745113,0.054553804562398604,0.23370080583192057,0.9941666666666666,1.3081397417007365,6.854577520823478,0.0022766078542970974
B,voc_seq,3.162277660168379e-08,2400,0.12924487395966291,0.05480015674848449,0.2339937451412174,0.9941666666666666,1.2727519252320287,6.221178410924334,0.003414911781445646
B,voc_seq,4.2169650342858225e-08,2400,0.12935690377389744,0.054917293399494284,0.23406367387679528,0.9941666666666666,1.238964389961483,5.680317421178097,0.00398406374501992
B,voc_seq,5.6234132519034905e-08,2400,0.12970235493984894,0.05538739544868072,0.234506661989189,0.9941666666666666,1.2018998903166402,5.176230988786059,0.00398406374501992
B,voc_seq,7.498942093324559e-08,2400,0.12982029665777584,0.055463826863761445,0.2346196289471032,0.9941666666666666,1.1775169474370486,4.953181587802692,0.004553215708594195
B,voc_seq,1e-07,2400,0.12985090829693108,0.05552885436302864,0.2346626318371507,0.9941666666666666,1.1492779153125146,4.76402328344942,0.004553215708594195
B,voc_seq,1.333521432163324e-07,2400,0.1298703039673458,0.05554837671429523,0.23468232708695153,0.9941666666666666,1.1036501555155118,4.571169825438968,0.005122367672168469
B,voc_seq,1.7782794100389227e-07,2400,0.12995159822968008,0.055610754047306026,0.23480919029160535,0.9941666666666666,1.0622758850759255,4.364807937691894,0.005691519635742743
B,voc_seq,2.3713737056616554e-07,2400,0.1304091450174003,0.05599611098261334,0.2352024380251033,0.9941666666666666,1.0012796200356366,4.135261479036435,0.006260671599317018
B,voc_seq,3.162277660168379e-07,2400,0.13186565522045776,0.05789007971166801,0.23658738574879246,0.99375,0.9095476131863988,3.7750415064173617,0.006260671599317018
B,voc_seq,4.2169650342858225e-07,2400,0.14988200357808507,0.07452850499251783,0.2614432726955789,0.9891666666666666,0.8290218103803022,3.3231646162669555,0.00796812749003984
B,voc_seq,5.62341325190349e-07,2400,0.16117405975755125,0.08555666875545431,0.27361786069593136,0.985,0.7454513626379701,2.8942285186276604,0.008537279453614115
B,voc_seq,7.498942093324558e-07,2400,0.17402427721495692,0.0947321610722079,0.2884674798856795,0.9808333333333333,0.6759827146446569,2.463172361495114,0.009675583380762664
B,voc_seq,1e-06,2400,0.18625176279653802,0.10400344444446896,0.30028429667445367,0.9758333333333333,0.6178385480106101,2.1911894984013545,0.010813887307911212
B,voc_seq,1.333521432163324e-06,2400,0.19930492026886115,0.11575275819103331,0.3134063877891304,0.9720833333333333,0.5729018684161463,1.9962169142113513,0.013659647125782584
B,voc_seq,1.7782794100389227e-06,2400,0.219099275996925,0.13499619934594612,0.33335207706596837,0.9654166666666667,0.5194151963861434,1.8007166716321414,0.0221969265793967
B,voc_seq,2.3713737056616552e-06,2400,0.25171080036238513,0.16811372395931326,0.36307027277156556,0.9533333333333334,0.472681713432544,1.6620725884075302,0.03813318155947638
B,voc_seq,3.162277660168379e-06,2400,0.28489781638536443,0.20261093051014806,0.39492540081224053,0.9408333333333333,0.44033770872952593,1.5397642149437645,0.05406943653955606
B,voc_seq,4.216965034285822e-06,2400,0.36059140274550544,0.2773734681886828,0.4649823584334039,0.91375,0.4030334246444253,1.369649348882055,0.08992601024473534
B,voc_seq,5.623413251903491e-06,2400,0.4483599770747839,0.36196703960291693,0.5687027343933386,0.8941666666666667,0.36842584280966717,1.2290452687182702,0.11610700056915196
B,voc_seq,7.498942093324558e-06,2400,0.8055948802306832,0.5258716259266877,1.3765365353678691,0.8670833333333333,0.3457758985050096,1.0906955156015585,0.1531018782014798
B,voc_seq,9.999999999999999e-06,2400,0.9859296926515939,0.700096701482657,1.5532655361044587,0.8358333333333333,0.32533875819363994,0.9621988894915557,0.1952191235059761
B,voc_seq,1.333521432163324e-05,2400,1.0857104266942965,0.8008279063891058,1.665500575487221,0.8183333333333334,0.31286429785689984,0.9050578600756701,0.22083096186681844
B,voc_seq,1.778279410038923e-05,2400,1.244360448008135,0.9563294942958521,1.8296809514200094,0.8004166666666667,0.3046917564972728,0.8526709866423213,0.24530449630051224
B,voc_seq,2.3713737056616554e-05,2400,1.5579305882191652,1.2284265663741003,2.121132690885386,0.7566666666666667,0.2719075095785716,0.7638268754160497,0.3062037564029596
B,voc_seq,3.1622776601683795e-05,2400,1.9694172736250581,1.6343837447343714,2.5620447992901294,0.685,0.22043315014594014,0.6484215313476549,0.4120660216277746
B,voc_seq,4.216965034285822e-05,2400,2.372742422165048,2.0209536697007247,2.985407975475608,0.6129166666666667,0.1745762988305848,0.5402320302476377,0.5173591348890154
B,voc_seq,5.623413251903491e-05,2400,2.924805710632674,2.5659856359137305,3.5082223749158907,0.5570833333333334,0.1444698230921341,0.44608795357472447,0.6010244735344337
B,voc_seq,7.498942093324559e-05,2400,3.2711637232067843,2.8988149514677595,3.8703677291158707,0.5166666666666667,0.12479133848674545,0.4041242847855392,0.6590779738190097
B,voc_seq,0.0001,2400,3.5319231658760106,3.1531266006566603,4.139026564252159,0.4820833333333333,0.11458231560025477,0.37154694026302726,0.7085941946499715
B,voc_seq,0.0001333521432163324,2400,3.742784626298763,3.3606035055172203,4.3376610103310345,0.44916666666666666,0.09986676085345406,0.35274579323259786,0.7541263517359135
B,voc_seq,0.00017782794100389227,2400,4.076815628975094,3.6804523189160663,4.680813569221025,0.3983333333333333,0.08893182025215472,0.34255774550257834,0.8235628912919749
B,voc_seq,0.0002371373705661655,2400,4.537575885402712,4.07772285980404,5.291428893153629,0.37333333333333335,0.08418198656515281,0.33523881418674745,0.8577120091064314
B,voc_seq,0.00031622776601683794,2400,5.202739076929188,4.434615654862452,6.328585789622604,0.3475,0.0786081415260257,0.3291178349217565,0.8929994308480365
B,voc_seq,0.00042169650342858224,2400,6.202060443611372,5.262403422183226,7.389644041121036,0.31375,0.07265084541056656,0.318431864029244,0.9391007398975526
B,voc_seq,0.0005623413251903491,2400,6.7892567816348945,5.794085064628652,8.052795449081557,0.29083333333333333,0.06856746917849467,0.3089540075334086,0.9704040978941377
B,voc_seq,0.0007498942093324559,2400,7.67212171516233,6.407176982621531,9.407950074448808,0.27958333333333335,0.06704284807765662,0.30380893427048555,0.9857712009106432
B,voc_seq,0.001,2400,8.178529611033442,6.639321053372381,10.158335100369875,0.2775,0.06674344051367583,0.30161038358339587,0.9886169607285145
B,voc_seq,0.001333521432163324,2400,9.715976510148819,7.655792281930069,12.052887051021292,0.27458333333333335,0.06579563567175699,0.29177276180756356,0.9926010244735345
B,voc_seq,0.0017782794100389228,2400,11.558143176815484,9.475283694534578,14.274630357942604,0.27125,0.06520066531703997,0.282518658405476,0.9971542401821286
B,voc_seq,0.0023713737056616554,2400,12.576184843482151,10.253181676001761,15.999038662514668,0.26958333333333334,0.06486221475178212,0.2794878491900545,0.9994308480364257
B,voc_seq,0.0031622776601683794,2400,12.576184843482151,10.253181676001761,15.999038662514668,0.26958333333333334,0.06486221475178212,0.2794878491900545,0.9994308480364257
B,voc_seq,0.004216965034285822,2400,12.583929287926598,10.257170531528446,16.02038422562803,0.26916666666666667,0.06480449691269898,0.2794468104892197,1.0
B,voc_seq,0.005623413251903491,2400,12.583929287926598,10.257170531528446,16.02038422562803,0.26916666666666667,0.06480449691269898,0.2794468104892197,1.0
B,voc_seq,0.007498942093324558,2400,12.583929287926598,10.257170531528446,16.02038422562803,0.26916666666666667,0.06480449691269898,0.2794468104892197,1.0
B,voc_seq,0.01,2400,12.583929287926598,10.257170531528446,16.02038422562803,0.26916666666666667,0.06480449691269898,0.2794468104892197,1.0
B,hybrid_seq,0.0,2400,0.8163751523188252,0.6890832676859293,0.9404177887345362,0.8366666666666667,0.5794924603304059,2.4994084007584845,0.035287421741605006
B,hybrid_seq,1e-08,2400,0.8163751527131268,0.6890832682081866,0.9404177891094149,0.8366666666666667,0.5741874571200343,2.452051466430997,0.035856573705179286
B,hybrid_seq,1.333521432163324e-08,2400,0.8163751527131268,0.6890832682081866,0.9404177891094149,0.8366666666666667,0.5732776134484584,2.4411991129389023,0.035856573705179286
B,hybrid_seq,1.7782794100389228e-08,2400,0.8163751447963066,0.6890832602913662,0.9404177815884356,0.8366666666666667,0.5713513999103099,2.42549336501389,0.03642572566875356
B,hybrid_seq,2.371373705661655e-08,2400,0.8163751364250555,0.6890832479437708,0.9404177732171844,0.8366666666666667,0.5690582649096223,2.397862970956806,0.03699487763232783
B,hybrid_seq,3.162277660168379e-08,2400,0.8163751322485062,0.6890832412168401,0.9404177670809537,0.8366666666666667,0.5645981612028355,2.3502760439192842,0.03699487763232783
B,hybrid_seq,4.2169650342858225e-08,2400,0.8163751240098536,0.6890832376725662,0.9404177536383869,0.8366666666666667,0.5548417550983633,2.2476151295934352,0.03813318155947638
B,hybrid_seq,5.6234132519034905e-08,2400,0.816375117441859,0.6890832346452868,0.9404177361406068,0.8366666666666667,0.5446116257106505,2.162865640509317,0.03927148548662493
B,hybrid_seq,7.498942093324559e-08,2400,0.8164706754603342,0.6892194004316607,0.9404679044201546,0.8366666666666667,0.5377248380618641,2.117121886024285,0.0398406374501992
B,hybrid_seq,1e-07,2400,0.8164706854165122,0.6892194151477635,0.9404679101854998,0.8366666666666667,0.5318305372023289,2.072317819622246,0.043255549231644846
B,hybrid_seq,1.333521432163324e-07,2400,0.8164706890367455,0.6892194103222788,0.940467924087666,0.8366666666666667,0.5204795624997357,2.0128670650956093,0.043824701195219126
B,hybrid_seq,1.7782794100389227e-07,2400,0.8214539360386752,0.6958575883329725,0.94545116480503,0.83625,0.5041659429933716,1.9408513191839272,0.04610130904951622
B,hybrid_seq,2.3713737056616554e-07,2400,0.8214539528192952,0.6958576093934388,0.9454511881603482,0.83625,0.48123945011985614,1.872023330129335,0.056915196357427436
B,hybrid_seq,3.162277660168379e-07,2400,0.8214539447283145,0.6958575983703083,0.9454511810870025,0.83625,0.4441427415426202,1.748639800935977,0.07854297097324986
B,hybrid_seq,4.2169650342858225e-07,2400,0.8298639238670212,0.7021359884699232,0.9599938519051656,0.8358333333333333,0.42038395919557675,1.6852757681492827,0.08992601024473534
B,hybrid_seq,5.62341325190349e-07,2400,0.8321565766822507,0.7032975026142955,0.96008404918509,0.8354166666666667,0.40496137489898076,1.6423581199563553,0.09846328969834946
B,hybrid_seq,7.498942093324558e-07,2400,0.8321565804154409,0.7032975050290713,0.9600840539166728,0.8354166666666667,0.390828814047036,1.6043817163371599,0.11041548093340922
B,hybrid_seq,1e-06,2400,0.8343952181623717,0.7058110863919449,0.9607621286084311,0.8345833333333333,0.3653797406669886,1.5536601663329748,0.13204325554923166
B,hybrid_seq,1.333521432163324e-06,2400,0.8426186580335734,0.7102416354625849,0.9693192766976146,0.8320833333333333,0.3441008757391806,1.4980080894741998,0.14968696642003415
B,hybrid_seq,1.7782794100389227e-06,2400,0.8605847222986885,0.7261297563063422,0.9863248305944009,0.8258333333333333,0.3221619423011634,1.429588871064613,0.17017643710870803
B,hybrid_seq,2.3713737056616552e-06,2400,0.8920858387123412,0.755352074273317,1.02189939370788,0.8141666666666667,0.30000247952486403,1.3585130023941687,0.20091064314171883
B,hybrid_seq,3.162277660168379e-06,2400,0.923676544069314,0.7918431091915381,1.0495560961003,0.8025,0.28494537195873754,1.2833603349982967,0.22083096186681844
B,hybrid_seq,4.216965034285822e-06,2400,0.9967779607178956,0.8660940199799025,1.1240931438843134,0.77625,0.26620285427298396,1.1534319979495347,0.26237905520774046
B,hybrid_seq,5.623413251903491e-06,2400,1.0825227137197517,0.9560673456391006,1.2148882105133798,0.7570833333333333,0.24849930399754588,1.0377410477786513,0.2965281730221969
B,hybrid_seq,7.498942093324558e-06,2400,1.4380020740664865,1.1342249057913218,1.9805180014480144,0.7304166666666667,0.23741676478775703,0.9398196479540153,0.3346613545816733
B,hybrid_seq,9.999999999999999e-06,2400,1.61253040714643,1.3140822782005208,2.1417406694694088,0.7004166666666667,0.2290800234194136,0.8439821370660866,0.37677859988616963
B,hybrid_seq,1.333521432163324e-05,2400,1.7115932653343842,1.4191605051016778,2.2415455293845903,0.6833333333333333,0.22328002273021696,0.7941280331714643,0.40239043824701193
B,hybrid_seq,1.778279410038923e-05,2400,1.8678384687167329,1.5725766175957565,2.441847086110204,0.6666666666666666,0.21771433637166704,0.750608069567273,0.4257256687535572
B,hybrid_seq,2.3713737056616554e-05,2400,2.1425216615330647,1.8039077882668872,2.7132678800792696,0.6354166666666666,0.2001402489922194,0.6816888520685218,0.4701195219123506
B,hybrid_seq,3.1622776601683795e-05,2400,2.461110528401152,2.1167281454559816,3.0697060696845266,0.5841666666666666,0.16720500409891156,0.5900876788559829,0.5486624928856004
B,hybrid_seq,4.216965034285822e-05,2400,2.778034135665378,2.428228342968862,3.3962202921074116,0.5370833333333334,0.1389245543464814,0.5017340984684627,0.620375640295959
B,hybrid_seq,5.623413251903491e-05,2400,3.2463130196488024,2.9043882603467996,3.83902568309312,0.4975,0.1199144968391942,0.4214728572522199,0.6818440523619806
B,hybrid_seq,7.498942093324559e-05,2400,3.55925762960588,3.1973312771064544,4.187527293584121,0.46291666666666664,0.1039704234002453,0.38468846748388086,0.732498577120091
B,hybrid_seq,0.0001,2400,3.810115707286729,3.4437646565795603,4.439989369874772,0.43125,0.0959447788503812,0.3541769200626156,0.778030734206033
B,hybrid_seq,0.0001333521432163324,2400,3.9906529120077243,3.6044657526621258,4.598900573487938,0.40791666666666665,0.09027596119600934,0.3435720515263529,0.8104723961297666
B,hybrid_seq,0.00017782794100389227,2400,4.222103658427704,3.8307514720098395,4.81363357502605,0.38208333333333333,0.08540907768847426,0.3387703873125853,0.8457598178713717
B,hybrid_seq,0.0002371373705661655,2400,4.619238214536776,4.156767247237236,5.3670433131431805,0.36541666666666667,0.08260560287934537,0.33352668411884223,0.8685258964143426
B,hybrid_seq,0.00031622776601683794,2400,5.249015304127025,4.459932065621629,6.3648689095257005,0.34375,0.07779457779755997,0.3283342888813392,0.8981217985202049
B,hybrid_seq,0.00042169650342858224,2400,6.230151532129239,5.297864680781554,7.4175916430042,0.3125,0.0721587090208422,0.3179522993742466,0.9408081957882755
B,hybrid_seq,0.0005623413251903491,2400,6.7892567816348945,5.794085064628652,8.052795449081557,0.29083333333333333,0.06856746917849467,0.3089540075334086,0.9704040978941377
B,hybrid_seq,0.0007498942093324559,2400,7.67212171516233,6.407176982621531,9.407950074448808,0.27958333333333335,0.06704284807765662,0.30380893427048555,0.9857712009106432
B,hybrid_seq,0.001,2400,8.178529611033442,6.639321053372381,10.158335100369875,0.2775,0.06674344051367583,0.30161038358339587,0.9886169607285145
B,hybrid_seq,0.001333521432163324,2400,9.715976510148819,7.655792281930069,12.052887051021292,0.27458333333333335,0.06579563567175699,0.29177276180756356,0.9926010244735345
B,hybrid_seq,0.0017782794100389228,2400,11.558143176815484,9.475283694534578,14.274630357942604,0.27125,0.06520066531703997,0.282518658405476,0.9971542401821286
B,hybrid_seq,0.0023713737056616554,2400,12.576184843482151,10.253181676001761,15.999038662514668,0.26958333333333334,0.06486221475178212,0.2794878491900545,0.9994308480364257
B,hybrid_seq,0.0031622776601683794,2400,12.576184843482151,10.253181676001761,15.999038662514668,0.26958333333333334,0.06486221475178212,0.2794878491900545,0.9994308480364257
B,hybrid_seq,0.004216965034285822,2400,12.583929287926598,10.257170531528446,16.02038422562803,0.26916666666666667,0.06480449691269898,0.2794468104892197,1.0
B,hybrid_seq,0.005623413251903491,2400,12.583929287926598,10.257170531528446,16.02038422562803,0.26916666666666667,0.06480449691269898,0.2794468104892197,1.0
B,hybrid_seq,0.007498942093324558,2400,12.583929287926598,10.257170531528446,16.02038422562803,0.26916666666666667,0.06480449691269898,0.2794468104892197,1.0
B,hybrid_seq,0.01,2400,12.583929287926598,10.257170531528446,16.02038422562803,0.26916666666666667,0.06480449691269898,0.2794468104892197,1.0
B,oracle,0.0,2400,0.11973855697848,0.10872420585906069,0.12846833878462796,1.0,0.24280405644867206,1.3995723140380232,0.0
B,oracle_voc,0.0,2400,0.20021549521220375,0.11902143455816612,0.3113848511704368,0.9741666666666666,0.42019148013757635,1.6774226023268601,0.006829823562891292
B,oracle_voc,1e-08,2400,0.20136483954429535,0.12010689671872682,0.31298818435596315,0.9741666666666666,0.3012441856002767,1.414600698447266,0.010244735344336939
B,oracle_voc,1.333521432163324e-08,2400,0.20156625857044938,0.12030831572790446,0.3131996743164486,0.9741666666666666,0.3008830567504063,1.4088741294605855,0.010244735344336939
B,oracle_voc,1.7782794100389228e-08,2400,0.20165207935329454,0.12041195418849537,0.3132091832696559,0.9741666666666666,0.3003283863533456,1.3972256670455803,0.010244735344336939
B,oracle_voc,2.371373705661655e-08,2400,0.20523124905312373,0.12357311899865457,0.3152315483674356,0.9729166666666667,0.2984174810184657,1.3704875025243382,0.010813887307911212
B,oracle_voc,3.162277660168379e-08,2400,0.20599838025100292,0.12394041843340618,0.3159633549218439,0.9725,0.29709535769452466,1.3565053035885133,0.011383039271485486
B,oracle_voc,4.2169650342858225e-08,2400,0.20695728090042728,0.12540274192377834,0.3164807653654077,0.9720833333333333,0.2968638500550768,1.3507087042451804,0.011383039271485486
B,oracle_voc,5.6234132519034905e-08,2400,0.20786845303320686,0.12648396006035026,0.31743125207759315,0.9716666666666667,0.29633223154837113,1.3355877972572672,0.011383039271485486
B,oracle_voc,7.498942093324559e-08,2400,0.21113448981383592,0.1271959121922401,0.3207046133275405,0.97125,0.29572729195087644,1.3213916772555998,0.011383039271485486
B,oracle_voc,1e-07,2400,0.21436066315224528,0.12991580890440632,0.325336669497649,0.97,0.29419017445824797,1.28728643469852,0.011383039271485486
B,oracle_voc,1.333521432163324e-07,2400,0.21436841658133438,0.12992356233349542,0.3253403523764663,0.97,0.2933674416707385,1.2717314782822813,0.011383039271485486
B,oracle_voc,1.7782794100389227e-07,2400,0.21502004277624626,0.13032342554891949,0.3262352290569633,0.9695833333333334,0.2923274498718652,1.25289855066853,0.011383039271485486
B,oracle_voc,2.3713737056616554e-07,2400,0.2150821314329046,0.13038833805514927,0.3262745429562369,0.9695833333333334,0.29195703870908385,1.2445214378872789,0.011383039271485486
B,oracle_voc,3.162277660168379e-07,2400,0.21528835114981812,0.13059762191299853,0.3263009988763447,0.9695833333333334,0.29109789458832436,1.232205323722698,0.011383039271485486
B,oracle_voc,4.2169650342858225e-07,2400,0.21532865446783755,0.1306254970271671,0.32633712428995526,0.9695833333333334,0.2904642362428479,1.2192488531397854,0.011383039271485486
B,oracle_voc,5.62341325190349e-07,2400,0.21544641136382475,0.13082106533060764,0.32637326714888254,0.9695833333333334,0.2901035553459064,1.2120608495397907,0.011383039271485486
B,oracle_voc,7.498942093324558e-07,2400,0.21560481070202187,0.13102304098802486,0.3265800337573155,0.9695833333333334,0.28950880184790984,1.203859514185624,0.011383039271485486
B,oracle_voc,1e-06,2400,0.21582194065262636,0.13120058760529604,0.32679464054372315,0.9695833333333334,0.289352557900288,1.20122412883562,0.011383039271485486
B,oracle_voc,1.333521432163324e-06,2400,0.21822651178791724,0.13532792726346438,0.3290031348291428,0.9691666666666666,0.28828466317504675,1.1898675940931116,0.011383039271485486
B,oracle_voc,1.7782794100389227e-06,2400,0.21931081773905423,0.13642252257740764,0.32980737365476936,0.9691666666666666,0.28646629199651047,1.1781759823222546,0.011383039271485486
B,oracle_voc,2.3713737056616552e-06,2400,0.22163497273373906,0.13860040224549908,0.331924733991565,0.9691666666666666,0.2851177166602154,1.1580188794805901,0.011383039271485486
B,oracle_voc,3.162277660168379e-06,2400,0.22538932479606585,0.1433366117664708,0.33563063929891707,0.96875,0.2830149518942208,1.1414711586606063,0.01195219123505976
B,oracle_voc,4.216965034285822e-06,2400,0.2316571186798917,0.14895840697015367,0.341510903914484,0.9679166666666666,0.2805844302242582,1.1219386292789508,0.013659647125782584
B,oracle_voc,5.623413251903491e-06,2400,0.2432701564044991,0.15963247354884302,0.3521345793041551,0.96125,0.2767669656652163,1.0930432274872874,0.022766078542970972
B,oracle_voc,7.498942093324558e-06,2400,0.27020660858748613,0.18881998192145974,0.37797830238206465,0.9458333333333333,0.26966063194000206,1.0396885205489284,0.0443938531587934
B,oracle_voc,9.999999999999999e-06,2400,0.3036705643131872,0.2249711636287255,0.4131369594621197,0.93125,0.2618625354137966,0.9920634222997554,0.06488332384746727
B,oracle_voc,1.333521432163324e-05,2400,0.36684113088133025,0.2863829668617733,0.4733692634333313,0.9095833333333333,0.2524025015227789,0.9259100242739138,0.09675583380762663
B,oracle_voc,1.778279410038923e-05,2400,0.44386379256724257,0.365366913385468,0.5528508470848472,0.8845833333333334,0.24294576536306495,0.8635356311392934,0.13147410358565736
B,oracle_voc,2.3713737056616554e-05,2400,0.5383399907529041,0.4535638600080331,0.6438679114614659,0.8625,0.2296511143606756,0.8052328314167486,0.16334661354581673
B,oracle_voc,3.1622776601683795e-05,2400,0.6830266841853021,0.5964041545940912,0.7962382962146229,0.8320833333333333,0.21673818777183831,0.7401064370088504,0.20944792259533296
B,oracle_voc,4.216965034285822e-05,2400,0.8729465681174321,0.7828145079640592,0.9983044677711151,0.7895833333333333,0.2002833313962485,0.6737123052576226,0.2731929425156517
B,oracle_voc,5.623413251903491e-05,2400,1.2051106719050841,1.0979728593919438,1.346520702382305,0.73,0.1793580489707891,0.5878632387493234,0.3597040409789414
B,oracle_voc,7.498942093324559e-05,2400,1.6253012471583232,1.4730922766701005,1.7860178970683795,0.67375,0.1597580936163473,0.5066301406843043,0.4428002276607854
B,oracle_voc,0.0001,2400,2.0254593073419564,1.8650396441767496,2.192140331136922,0.6245833333333334,0.1408918368297493,0.44630552010049845,0.5128059191804212
B,oracle_voc,0.0001333521432163324,2400,2.282552791193139,2.124724290673066,2.4663002203683146,0.58375,0.1251730251076655,0.4129484851975697,0.5697211155378487
B,oracle_voc,0.00017782794100389227,2400,2.601013439150492,2.4397939502177444,2.8076580505579902,0.5433333333333333,0.11032052632901507,0.3819659995029603,0.6249288560045532
B,oracle_voc,0.0002371373705661655,2400,3.006117794114755,2.8131853224311563,3.2037416893143673,0.50125,0.09506648606647855,0.35108184427839056,0.6829823562891292
B,oracle_voc,0.00031622776601683794,2400,3.152492338999506,2.9357878113128164,3.3629493300269804,0.4825,0.09096453380804981,0.34361240693422285,0.7085941946499715
B,oracle_voc,0.00042169650342858224,2400,3.335701998966043,3.0909929820730184,3.616674380691667,0.46416666666666667,0.08753550020273666,0.33424736642672237,0.7336368810472396
B,oracle_voc,0.0005623413251903491,2400,3.5040414647518316,3.2570381511029423,3.7827671541610224,0.43625,0.08386550479752009,0.3297968543313406,0.771770062606716
B,oracle_voc,0.0007498942093324559,2400,3.714978855504184,3.4285652171284657,4.025434692285772,0.41291666666666665,0.08036519605444865,0.32564359571591317,0.8036425725668753
B,oracle_voc,0.001,2400,4.1220331817720295,3.7285700786977776,4.541829528710819,0.38916666666666666,0.07773092926395835,0.31996132045923936,0.836084234490609
B,oracle_voc,0.001333521432163324,2400,4.539401351974984,4.028051799542076,5.142705628426987,0.3620833333333333,0.07508664675562424,0.3159418465100619,0.8730791121229369
B,oracle_voc,0.0017782794100389228,2400,6.095344638178114,5.000227915851079,7.123935216121617,0.3308333333333333,0.07126593292966539,0.3046685500033982,0.9157655093910074
B,oracle_voc,0.0023713737056616554,2400,8.604918664388949,7.144376374545538,10.33321640480339,0.31125,0.06883702422540598,0.29049721631173875,0.9425156516789983
B,oracle_voc,0.0031622776601683794,2400,8.695765842552634,7.211360490487352,10.429683617459567,0.30416666666666664,0.06824029215018884,0.2900737984196591,0.952191235059761
B,oracle_voc,0.004216965034285822,2400,11.767121457497941,9.408654818012772,14.483483717681999,0.2808333333333333,0.06585188963921752,0.28077841717965385,0.9840637450199203
B,oracle_voc,0.005623413251903491,2400,12.17313762125993,9.83200805726069,15.045651871173037,0.26958333333333334,0.06492332516336025,0.27979378548588707,0.9994308480364257
B,oracle_voc,0.007498942093324558,2400,12.17313762125993,9.83200805726069,15.045651871173037,0.26958333333333334,0.06492332516336025,0.27979378548588707,0.9994308480364257
B,oracle_voc,0.01,2400,12.17313762125993,9.83200805726069,15.045651871173037,0.26958333333333334,0.06492332516336025,0.27979378548588707,0.9994308480364257
