family,policy,param,n,err_rel_tol_mean,err_lo,err_hi,success_rate,cost_frac_fine,wall_mean,false_safe_rate
A,uniform_coarse,0.0,720,16.48356441498859,14.933356033779603,18.268660577449975,0.20277777777777778,0.020976697395613777,0.5290220236584092,1.0
A,uniform_medium,1.0,720,2.732706702609333,1.9597768704147729,3.8324838744245584,0.44305555555555554,0.06138876398493412,0.2735849508319714,1.0
A,uniform_fine,2.0,720,0.00030220365038740205,0.00020049432005471427,0.00043601364235310014,1.0,1.0,5.978854948180586,0.0
A,random,0.0,720,2.732706702609333,1.9597768704147729,3.8324838744245584,0.44305555555555554,0.06138876398493412,0.2735849508319714,1.0
A,random,1.0,720,2.2645563399161968,1.4878398891449651,3.354006788243488,0.5583333333333333,0.2220039167529092,1.3154760739430458,0.0
A,random,2.0,720,1.7640447567599922,1.0438846416200853,2.894861921602436,0.6902777777777778,0.4101260586170511,2.395983461040239,0.0
A,random,3.0,720,0.5446806344845123,0.4114823008866648,0.6628583756081531,0.8430555555555556,0.6856668661022284,4.209359966129123,0.0
A,random,4.0,720,0.00030220365038740205,0.00020049432005471427,0.00043601364235310014,1.0,1.0,5.978854948180586,0.0
A,share,0.0,720,2.732706702609333,1.9597768704147729,3.8324838744245584,0.44305555555555554,0.06138876398493412,0.2735849508319714,1.0
A,share,1.0,720,1.133601642752685,0.9824058817239366,1.3228068290922936,0.6541666666666667,0.1904433504622461,1.2472338322028615,0.0
A,share,2.0,720,0.5165286630740898,0.4182250501610833,0.628749898494695,0.8236111111111111,0.4015846588461852,1.6782890976888818,0.0
A,share,3.0,720,0.4480865172212282,0.3614453030154314,0.5598658724031179,0.8472222222222222,0.47517973929972784,1.9590183907541763,0.0
A,share,4.0,720,0.00030220365038740205,0.00020049432005471427,0.00043601364235310014,1.0,1.0613887639849342,6.252439899012557,0.0
A,discrepancy,0.01,720,0.040832613153782685,0.009130391521266107,0.11985713909025987,0.9958333333333333,1.0243582925315522,6.584623710191711,0.0
A,discrepancy,0.020000000000000004,720,0.07067680036284571,0.015741769376566874,0.15412457700587678,0.9930555555555556,1.0089925012556622,6.512419031659874,0.0
A,discrepancy,0.030000000000000006,720,0.07446398812894886,0.019713770802128414,0.15838780596223095,0.9930555555555556,0.9772300647282748,6.444557418029358,0.0
A,discrepancy,0.04000000000000001,720,0.07446404275153827,0.019713803787065887,0.15838785965278415,0.9930555555555556,0.9322848404045636,6.365168613365419,0.0
A,discrepancy,0.05000000000000001,720,0.10368323419451582,0.03249800560369793,0.19374573713031976,0.9902777777777778,0.9166111118720086,6.281249620712682,0.0
A,discrepancy,0.06000000000000001,720,0.143834520960126,0.058362770405477965,0.2582240574629731,0.9833333333333333,0.8975110137217698,6.110203546026559,0.0
A,discrepancy,0.07,720,0.17386512040182492,0.0812151027319628,0.30313010921443434,0.9777777777777777,0.8794639997420759,5.9981348924849,0.012468827930174564
A,discrepancy,0.08,720,0.1738655170403321,0.08121570904302847,0.30313047743022287,0.9777777777777777,0.8694336256818427,5.975688296855722,0.012468827930174564
A,discrepancy,0.09000000000000001,720,0.17446709733439164,0.08189226609373566,0.3038522085740122,0.9777777777777777,0.8548161652006023,5.916576329562607,0.012468827930174564
A,discrepancy,0.1,720,0.18122920972814427,0.08938143645311997,0.3100692333016849,0.975,0.850128227210684,5.8848260279237214,0.012468827930174564
A,discrepancy,0.15,720,0.30164878061117484,0.20573139584136713,0.4379557729048985,0.925,0.8112679624965935,5.7650468725848745,0.017456359102244388
A,discrepancy,0.19999999999999998,720,0.3292088474245673,0.2308716186732658,0.46998814749448964,0.9138888888888889,0.7872947774302677,5.718907037550151,0.017456359102244388
A,discrepancy,0.25,720,0.34077275525780376,0.24192870944320144,0.4784708026653114,0.9111111111111111,0.7783156101842512,5.666744685783487,0.017456359102244388
A,discrepancy,0.3,720,0.3540323884607319,0.257280784316347,0.4928374227389354,0.9055555555555556,0.7683591047555778,5.654671052389009,0.017456359102244388
A,discrepancy,0.35,720,0.392914909432587,0.28761241195782344,0.5331187251772379,0.8888888888888888,0.7515987068599694,5.622276406898694,0.022443890274314215
A,discrepancy,0.39999999999999997,720,0.42429577870967944,0.3163394808990367,0.5701864766401518,0.8805555555555555,0.7367625367729491,5.606707181779135,0.022443890274314215
A,discrepancy,0.44999999999999996,720,0.4592574951097411,0.34626561934686007,0.608533255443116,0.8763888888888889,0.7274873679978908,5.5977046978874565,0.022443890274314215
A,discrepancy,0.5,720,0.49081836881914204,0.3744829184947268,0.6410534966760987,0.8680555555555556,0.7213840869069477,5.566387859341573,0.022443890274314215
A,discrepancy,0.5499999999999999,720,0.5102885021083314,0.3943170357251453,0.6580831498718243,0.8625,0.7137129952563621,5.524983223713783,0.02743142144638404
A,discrepancy,0.6,720,0.5248088478485342,0.4071376019707871,0.6758899745786325,0.8541666666666666,0.7063397316697967,5.514808817392941,0.04239401496259352
A,discrepancy,0.6499999999999999,720,0.5295841374433279,0.41177183889022595,0.6800055269134233,0.8527777777777777,0.701451199564874,5.508487016005453,0.04488778054862843
A,discrepancy,0.7,720,0.529584175956982,0.41177186581847425,0.6800055720905783,0.8527777777777777,0.6962930708005182,5.470407378269353,0.04488778054862843
A,discrepancy,0.75,720,0.5567520039738678,0.43904639001305035,0.7089665163066705,0.8444444444444444,0.6828323074839352,5.409152664041565,0.05236907730673317
A,discrepancy,0.7999999999999999,720,0.6264695071109714,0.49611667978861884,0.77811800655644,0.8291666666666667,0.6667498133006137,5.3235170165221515,0.07481296758104738
A,discrepancy,0.85,720,0.6696723303346072,0.5489476544780261,0.8281760841437472,0.8194444444444444,0.6522992925802671,5.264165304724914,0.09725685785536159
A,discrepancy,0.8999999999999999,720,0.6944364763214019,0.5726005998295757,0.8483804194353187,0.8138888888888889,0.6450353023572701,5.219960371802714,0.10723192019950124
A,discrepancy,0.95,720,0.7153275530731467,0.5912499834366717,0.8749502156440588,0.8097222222222222,0.6381585932171198,5.21276295651521,0.12468827930174564
A,sensitivity,0.01,720,0.594330719708687,0.47095728061118464,0.7324380357416764,0.8305555555555556,0.6307545708735991,4.636353639676776,0.2942643391521197
A,sensitivity,0.020000000000000004,720,0.705378524306673,0.5638861809512821,0.8650502037654503,0.8194444444444444,0.6222672978194901,4.474226805700411,0.2942643391521197
A,sensitivity,0.030000000000000006,720,0.7977718651957334,0.6567314726129612,0.9482463656946803,0.8097222222222222,0.6153573943517265,4.37509615468653,0.2942643391521197
A,sensitivity,0.04000000000000001,720,0.8307058046848934,0.6816058093064045,0.9819260838969065,0.8055555555555556,0.6094631752257065,4.29636638339069,0.2942643391521197
A,sensitivity,0.05000000000000001,720,0.8596933617661834,0.72085293370682,1.014928824453519,0.8027777777777778,0.6051306000484601,4.237013378600412,0.2942643391521197
A,sensitivity,0.06000000000000001,720,0.8728469162134492,0.7253807741499902,1.0298812855313906,0.8,0.5947935113960654,4.070437233205995,0.2942643391521197
A,sensitivity,0.07,720,0.9279469676543111,0.7752841025843974,1.0896162706616128,0.7930555555555555,0.5884292714829502,3.954992904678213,0.2942643391521197
A,sensitivity,0.08,720,0.9456833186288883,0.7889302633854259,1.117823969689963,0.7916666666666666,0.5822801608476936,3.86072958895322,0.2942643391521197
A,sensitivity,0.09000000000000001,720,0.963668921063257,0.7997191370409789,1.1408466409402032,0.7902777777777777,0.5810203751228302,3.843436821744864,0.2942643391521197
A,sensitivity,0.1,720,0.9640422886264008,0.7998296867587696,1.1412471759942797,0.7902777777777777,0.5761639512211916,3.7584530990990412,0.2942643391521197
A,sensitivity,0.15,720,1.0359373201819164,0.8595066681288728,1.2268701861651272,0.7847222222222222,0.5664967759154507,3.6057340989490565,0.2942643391521197
A,sensitivity,0.19999999999999998,720,1.0906489694545372,0.9028832815097484,1.3207831528022294,0.7805555555555556,0.5561258307817906,3.496642062164301,0.2942643391521197
A,sensitivity,0.25,720,1.098985527567376,0.9076412762575282,1.3292091169469136,0.7777777777777778,0.5494789974413475,3.422185511608753,0.2942643391521197
A,sensitivity,0.3,720,1.1130065646485283,0.9282102401194228,1.3382485405014448,0.7763888888888889,0.5469596919577258,3.394164746240681,0.2942643391521197
A,sensitivity,0.35,720,1.1137412632188477,0.9290323224031669,1.3390968892905446,0.7763888888888889,0.5449670546038665,3.3807561913934783,0.2942643391521197
A,sensitivity,0.39999999999999997,720,1.1140936565815502,0.9295470816409153,1.3392692962415962,0.7763888888888889,0.5435913040902496,3.369059215678226,0.2942643391521197
A,sensitivity,0.44999999999999996,720,1.1378936315496775,0.9461976348371588,1.3617949611043227,0.775,0.5414915863124722,3.3453718636907324,0.2942643391521197
A,sensitivity,0.5,720,1.158726969066431,0.9635830427879238,1.406191685499537,0.7736111111111111,0.5403964468820738,3.331042255078228,0.2942643391521197
A,sensitivity,0.5499999999999999,720,1.1590205205463222,0.9639380854477799,1.4065893358890562,0.7736111111111111,0.5387977761008358,3.3145135325657367,0.2942643391521197
A,sensitivity,0.6,720,1.1595821354759368,0.9647664674689611,1.4071228700721898,0.7736111111111111,0.5383109064386702,3.309367605071293,0.2942643391521197
A,sensitivity,0.6499999999999999,720,1.1595822093977335,0.9647665412920969,1.4071229447856246,0.7736111111111111,0.5370620812311127,3.3001350966685146,0.2942643391521197
A,sensitivity,0.7,720,1.159582207325544,0.9647665402041974,1.4071229447856246,0.7736111111111111,0.5368308571091579,3.2967417614587955,0.2942643391521197
A,sensitivity,0.75,720,1.159582207220595,0.9647665398052402,1.407122944927113,0.7736111111111111,0.5365309203829582,3.292798542024083,0.2942643391521197
A,sensitivity,0.7999999999999999,720,1.1595822079172782,0.9647665412334405,1.4071229452928717,0.7736111111111111,0.5362456875907095,3.2890374488338034,0.2942643391521197
A,sensitivity,0.85,720,1.159582205944727,0.964766540709582,1.4071229441690298,0.7736111111111111,0.5359964411004946,3.2850223804935266,0.2942643391521197
A,sensitivity,0.8999999999999999,720,1.1850451690351747,0.9867987576102969,1.4311214088737583,0.7722222222222223,0.535465512447134,3.276375253276865,0.2942643391521197
A,sensitivity,0.95,720,1.1896017813949231,0.9912125243816684,1.4352438162441887,0.7694444444444445,0.5348789673765582,3.2691775217685364,0.2942643391521197
A,novelty,0.5,720,1.0449574400508792,0.8848446443904331,1.2156670788226407,0.7,0.5241702868009243,3.8202163515624408,0.44139650872817954
A,novelty,0.75,720,2.1804497745335283,1.446366600599593,3.3304965707743954,0.5819444444444445,0.3099504471268458,2.3916938026917354,0.6633416458852868
A,novelty,0.9,720,2.411779011776738,1.6476831244723238,3.5526618658006135,0.5180555555555556,0.20762545271973465,1.6614343950417303,0.8054862842892768
A,novelty,0.95,720,2.5964640200938303,1.8089031410204297,3.6915432655743707,0.4791666666666667,0.1461901228948224,1.1282294610000008,0.885286783042394
A,novelty,0.99,720,2.66927273650656,1.897224778749606,3.7872867995741517,0.46111111111111114,0.09465493515457955,0.6909563252972475,0.9501246882793017
A,uncertainty,0.01,720,0.0003001546238309679,0.00019931002631642545,0.0004300895593600595,1.0,0.9618578313027639,5.91625476823618,0.0
A,uncertainty,0.020000000000000004,720,0.00031243418997922744,0.00021027217487559952,0.00044116334691819003,1.0,0.8947543410535184,5.624428901609786,0.0
A,uncertainty,0.030000000000000006,720,0.0003920766542583489,0.00022709562197510618,0.0006078833294639396,1.0,0.853722529467996,5.381911852066747,0.0
A,uncertainty,0.04000000000000001,720,0.0003974577844021015,0.0002311426688416491,0.0006118137353831759,1.0,0.8202382499597475,5.198415593772309,0.0
A,uncertainty,0.05000000000000001,720,0.002435061701642846,0.0003278375788015314,0.006312227594348379,0.9986111111111111,0.788370632884563,4.950819613873632,0.0
A,uncertainty,0.06000000000000001,720,0.0025147534005381523,0.0003796470965694232,0.006427899434165295,0.9986111111111111,0.7653330910215026,4.754319453252841,0.0
A,uncertainty,0.07,720,0.004481607924468472,0.0006025022736285338,0.010218807952671714,0.9972222222222222,0.746758122010263,4.620234612791738,0.0
A,uncertainty,0.08,720,0.00449380673790227,0.0006104348982568559,0.010230220743117758,0.9972222222222222,0.7268349234527988,4.481826304440356,0.0
A,uncertainty,0.09000000000000001,720,0.0239797746621599,0.0035310145101397536,0.05795658385692944,0.9944444444444445,0.7087091620403574,4.2844448822973344,0.0
A,uncertainty,0.1,720,0.02537054479798929,0.00456450834326894,0.05897653264388609,0.9944444444444445,0.6937857464725583,4.149522017632039,0.0
A,uncertainty,0.15,720,0.0424316609144719,0.014460678538204192,0.08315115806708481,0.9875,0.6413248875324966,3.6435797481042704,0.0
A,uncertainty,0.19999999999999998,720,0.05849762638679747,0.026740484614101483,0.10314790155522724,0.9791666666666666,0.5939304273851737,3.1149562108848636,0.0
A,uncertainty,0.25,720,0.07895264089909258,0.03986832216486784,0.12689883587409445,0.9708333333333333,0.5584378720991535,2.8297927022140357,0.0
A,uncertainty,0.3,720,0.08682480856979516,0.04806809955529599,0.1339506551886473,0.9680555555555556,0.539200929328661,2.667824605008501,0.0
A,uncertainty,0.35,720,0.10281526629078264,0.057256980131444424,0.1590969356815723,0.9652777777777778,0.5153267167805657,2.480207250672407,0.0
A,uncertainty,0.39999999999999997,720,0.12480388409409836,0.07666495919857687,0.18622458499377398,0.9569444444444445,0.4935226883577362,2.297859337776577,0.0
A,uncertainty,0.44999999999999996,720,0.13174684173862267,0.08594320968189596,0.19351391861368997,0.9527777777777777,0.4819494190616884,2.169627018383512,0.0
A,uncertainty,0.5,720,0.13423480192642942,0.08846167131940938,0.19587998454875927,0.9513888888888888,0.4696763114519271,2.0997654777085244,0.0
A,uncertainty,0.5499999999999999,720,0.13590160822068126,0.09071171630139549,0.19805144438809508,0.9513888888888888,0.4581973840245469,2.0135350432140817,0.0
A,uncertainty,0.6,720,0.14264041708985364,0.09778501395987162,0.20503064272831392,0.9486111111111111,0.44643778694660924,1.9291355637418797,0.0
A,uncertainty,0.6499999999999999,720,0.14955890915911885,0.10571008637800895,0.2140167829474941,0.9458333333333333,0.43813942495415764,1.8955671397502,0.0
A,uncertainty,0.7,720,0.15488063059497773,0.11027790319487171,0.221645974110222,0.9430555555555555,0.4281495462758776,1.847468615369654,0.0
A,uncertainty,0.75,720,0.16184857798105337,0.11725374039375068,0.22902507135262468,0.9402777777777778,0.422680025858004,1.8168355745988114,0.0
A,uncertainty,0.7999999999999999,720,0.16583397650787987,0.12118455349331421,0.23303202273664794,0.9388888888888889,0.41809740207059903,1.8052567760307636,0.0
A,uncertainty,0.85,720,0.16808252801466067,0.12266807406254598,0.2350277470833013,0.9388888888888889,0.4113327955342844,1.7614625666154855,0.0
A,uncertainty,0.8999999999999999,720,0.17412557233968037,0.12903198064973284,0.24283797659707917,0.9375,0.408482041015084,1.7441263520710386,0.0
A,uncertainty,0.95,720,0.1792219099861321,0.13353592559143343,0.24938409578599033,0.9347222222222222,0.40408302827937653,1.723999596547416,0.0
A,uncertainty_per_cost,0.0,720,0.00030220365038740205,0.00020049432005471427,0.00043601364235310014,1.0,1.0613887639849342,6.252439899012557,0.0
A,uncertainty_per_cost,1e-08,720,0.0003877645388179265,0.00022723833548895234,0.0005975731325521952,1.0,1.044431107928924,5.954622842632004,0.0
A,uncertainty_per_cost,1.333521432163324e-08,720,0.00039705234274774713,0.0002339669351145866,0.0006068803571464075,1.0,1.0350110192004558,5.775014853384801,0.0
A,uncertainty_per_cost,1.7782794100389228e-08,720,0.0005160543910573995,0.00031280677411326963,0.0007925197893148857,1.0,1.022034991592917,5.546366120057024,0.0
A,uncertainty_per_cost,2.371373705661655e-08,720,0.0009342034939066412,0.00035731106041392383,0.0018279300706934374,1.0,1.0030364380150025,5.2879969434639555,0.0
A,uncertainty_per_cost,3.162277660168379e-08,720,0.001312917920645018,0.000634666019466968,0.0022901180261144763,1.0,0.9726938242948046,4.830112726133403,0.0
A,uncertainty_per_cost,4.2169650342858225e-08,720,0.0013200316375346478,0.0006442321992808068,0.00229632123027828,1.0,0.9532187338060674,4.572978263002844,0.0
A,uncertainty_per_cost,5.6234132519034905e-08,720,0.0017166908891001191,0.0008444716877221738,0.002885554832413484,1.0,0.9115290790626803,4.142562627979214,0.0
A,uncertainty_per_cost,7.498942093324559e-08,720,0.005525089405568799,0.0011291460048282918,0.013286096394383268,0.9986111111111111,0.8722223571173514,3.670203422944481,0.0
A,uncertainty_per_cost,1e-07,720,0.009141437074727551,0.002528493696100168,0.0180797007323738,0.9972222222222222,0.8444600479956651,3.4154191287264135,0.0
A,uncertainty_per_cost,1.333521432163324e-07,720,0.01565486623614325,0.006238858263269869,0.028307016807680052,0.9930555555555556,0.8092847351596907,3.1651744749125252,0.0
A,uncertainty_per_cost,1.7782794100389227e-07,720,0.027080030959936035,0.01385378742859021,0.0441349270404387,0.9916666666666667,0.7567739587038127,2.87652279514726,0.0
A,uncertainty_per_cost,2.3713737056616554e-07,720,0.05097246383556089,0.02772721050988048,0.07982743003324441,0.9833333333333333,0.7076558314815765,2.637279977283389,0.004987531172069825
A,uncertainty_per_cost,3.162277660168379e-07,720,0.0913307987824451,0.052551940031929444,0.13772922727072037,0.9736111111111111,0.6589333128599053,2.340284449001476,0.007481296758104738
A,uncertainty_per_cost,4.2169650342858225e-07,720,0.10536503767367636,0.06467576202525437,0.15619704290651587,0.9680555555555556,0.6008470442769154,2.081133768795972,0.012468827930174564
A,uncertainty_per_cost,5.62341325190349e-07,720,0.13212549307169172,0.09307426163560757,0.18412376785819123,0.9583333333333334,0.5506603206476962,1.7903884887236876,0.012468827930174564
A,uncertainty_per_cost,7.498942093324558e-07,720,0.1784769894756441,0.13303791261901463,0.2409525783739992,0.9430555555555555,0.5053812886271742,1.6070520401361592,0.02493765586034913
A,uncertainty_per_cost,1e-06,720,0.23333279613686103,0.18141909984030175,0.2970454350613934,0.9208333333333333,0.4642168183816892,1.3986268818903984,0.04738154613466334
A,uncertainty_per_cost,1.333521432163324e-06,720,0.2808523151363124,0.2265434841071557,0.3492643049532836,0.9013888888888889,0.40904931890276597,1.2340080355222907,0.08229426433915212
A,uncertainty_per_cost,1.7782794100389227e-06,720,0.3532531755596296,0.2940141359600277,0.41548376627355754,0.8708333333333333,0.3587152381494636,1.0574953500931163,0.1396508728179551
A,uncertainty_per_cost,2.3713737056616552e-06,720,0.44845835031180525,0.3805204337409489,0.5208680725175229,0.8333333333333334,0.30520407719538245,0.9135328048472982,0.19201995012468828
A,uncertainty_per_cost,3.162277660168379e-06,720,0.6041330622067397,0.5054384544804332,0.7105426354515032,0.7847222222222222,0.26049381842521213,0.7846257305751048,0.26683291770573564
A,uncertainty_per_cost,4.216965034285822e-06,720,0.7876205283288252,0.6714711858497616,0.8971533513173374,0.7375,0.2274949250911108,0.6906824252029158,0.3491271820448878
A,uncertainty_per_cost,5.623413251903491e-06,720,1.1325903726912274,0.9848374841533877,1.2712687031205843,0.6763888888888889,0.1817235651857536,0.5431046301487338,0.4837905236907731
A,uncertainty_per_cost,7.498942093324558e-06,720,1.2635543019760822,1.1093789661765252,1.41646896895456,0.6416666666666667,0.15837788309494974,0.4998948186098106,0.5561097256857855
A,uncertainty_per_cost,9.999999999999999e-06,720,1.4825333139824182,1.3250739832329284,1.6442563611170773,0.5847222222222223,0.12725673269712298,0.43233376433199233,0.6658354114713217
A,uncertainty_per_cost,1.333521432163324e-05,720,1.6545977118346458,1.4863960322944734,1.8436371738113808,0.5444444444444444,0.10891344190414741,0.3847244474778209,0.7680798004987531
A,uncertainty_per_cost,1.778279410038923e-05,720,1.8090361612199837,1.6351349862412077,2.042255209510745,0.5125,0.09386627290890992,0.3468835392861264,0.8428927680798005
A,uncertainty_per_cost,2.3713737056616554e-05,720,1.9114883849877167,1.7096911753532686,2.165997992315431,0.4930555555555556,0.0863465886555619,0.3295476349847326,0.8753117206982544
A,uncertainty_per_cost,3.1622776601683795e-05,720,1.973268357709769,1.7707932782916296,2.2391087831462775,0.4708333333333333,0.07909709332151434,0.3167107427611326,0.9276807980049875
A,uncertainty_per_cost,4.216965034285822e-05,720,1.9955839008690917,1.791562495764701,2.258927292754058,0.4625,0.0746675849128333,0.3056816978541974,0.9476309226932669
A,uncertainty_per_cost,5.623413251903491e-05,720,2.020272101182708,1.8126403862041476,2.283293500027671,0.4583333333333333,0.07153372809230849,0.29801282435698034,0.9600997506234414
A,uncertainty_per_cost,7.498942093324559e-05,720,2.053149380510169,1.8390215045410805,2.318134104687801,0.45416666666666666,0.06796296591823345,0.29270808336392395,0.970074812967581
A,uncertainty_per_cost,0.0001,720,2.10123996745511,1.8825083627051042,2.378928800671034,0.4486111111111111,0.06488398177929774,0.2829486183861415,0.9775561097256857
A,uncertainty_per_cost,0.0001333521432163324,720,2.1041193712491477,1.8838760795072722,2.381952174654774,0.44722222222222224,0.06470373173229643,0.2828053578597519,0.9800498753117207
A,uncertainty_per_cost,0.00017782794100389227,720,2.6908941991744184,1.91796436770316,3.796254370480737,0.44583333333333336,0.06428860301635964,0.27946044175558504,0.9825436408977556
A,uncertainty_per_cost,0.0002371373705661655,720,2.693129192788722,1.9201993613174637,3.7986011137757565,0.4444444444444444,0.06297996804361528,0.2766575114805821,0.9875311720698254
A,uncertainty_per_cost,0.00031622776601683794,720,2.732706700194537,1.9597768687232782,3.8324838707427773,0.44305555555555554,0.062071709962212326,0.27537242133058093,0.9900249376558603
A,uncertainty_per_cost,0.00042169650342858224,720,2.7327067013407818,1.9597768698122109,3.8324838730925794,0.44305555555555554,0.06191039289324794,0.27519668705002814,0.9925187032418953
A,uncertainty_per_cost,0.0005623413251903491,720,2.7327067013407818,1.9597768698122109,3.8324838730925794,0.44305555555555554,0.06191039289324794,0.27519668705002814,0.9925187032418953
A,uncertainty_per_cost,0.0007498942093324559,720,2.7327067013407818,1.9597768698122109,3.8324838730925794,0.44305555555555554,0.06191039289324794,0.27519668705002814,0.9925187032418953
A,uncertainty_per_cost,0.001,720,2.7327067013407818,1.9597768698122109,3.8324838730925794,0.44305555555555554,0.06159067453638873,0.27376671406530273,0.9925187032418953
A,uncertainty_per_cost,0.001333521432163324,720,2.7327067013407818,1.9597768698122109,3.8324838730925794,0.44305555555555554,0.06159067453638873,0.27376671406530273,0.9925187032418953
A,uncertainty_per_cost,0.0017782794100389228,720,2.7327067013407818,1.9597768698122109,3.8324838730925794,0.44305555555555554,0.06159067453638873,0.27376671406530273,0.9925187032418953
A,uncertainty_per_cost,0.0023713737056616554,720,2.7327067013407818,1.9597768698122109,3.8324838730925794,0.44305555555555554,0.06159067453638873,0.27376671406530273,0.9925187032418953
A,uncertainty_per_cost,0.0031622776601683794,720,2.7327067013407818,1.9597768698122109,3.8324838730925794,0.44305555555555554,0.06159067453638873,0.27376671406530273,0.9925187032418953
A,uncertainty_per_cost,0.004216965034285822,720,2.7327067013407818,1.9597768698122109,3.8324838730925794,0.44305555555555554,0.06159067453638873,0.27376671406530273,0.9925187032418953
A,uncertainty_per_cost,0.005623413251903491,720,2.732706702609333,1.9597768704147729,3.8324838744245584,0.44305555555555554,0.06138876398493412,0.2735849508319714,1.0
A,uncertainty_per_cost,0.007498942093324558,720,2.732706702609333,1.9597768704147729,3.8324838744245584,0.44305555555555554,0.06138876398493412,0.2735849508319714,1.0
A,uncertainty_per_cost,0.01,720,2.732706702609333,1.9597768704147729,3.8324838744245584,0.44305555555555554,0.06138876398493412,0.2735849508319714,1.0
A,fullstate_voc,0.0,720,0.4423778065886548,0.314386569521572,0.5958533545051121,0.8861111111111111,0.6439463292790031,5.269853704569474,0.0
A,fullstate_voc,1e-08,720,0.44237799017128165,0.3143867543817261,0.5958536189378898,0.8861111111111111,0.6334956651455879,5.239874080972246,0.0
A,fullstate_voc,1.333521432163324e-08,720,0.4423785442210649,0.3143872058612163,0.5958544223181813,0.8861111111111111,0.6282167410985106,5.227840438083361,0.0
A,fullstate_voc,1.7782794100389228e-08,720,0.442378543957216,0.31438720559771083,0.595854422193576,0.8861111111111111,0.6278958040346706,5.224281156729184,0.0
A,fullstate_voc,2.371373705661655e-08,720,0.44237904248980237,0.3143876794149706,0.5958544231909249,0.8861111111111111,0.6267854214224355,5.214422378222262,0.0
A,fullstate_voc,3.162277660168379e-08,720,0.4428520346343601,0.31486215783334465,0.5960824223550443,0.8861111111111111,0.6177601063734918,5.077330497597293,0.0
A,fullstate_voc,4.2169650342858225e-08,720,0.45220575972444693,0.32196886435804883,0.6024476856654062,0.8833333333333333,0.6072885093896095,5.025737402644472,0.0
A,fullstate_voc,5.6234132519034905e-08,720,0.452205790683854,0.3219689034203018,0.602447671167146,0.8833333333333333,0.6016149003664893,4.96660857487363,0.0
A,fullstate_voc,7.498942093324559e-08,720,0.4522053269008773,0.3219684784149629,0.6024472109080038,0.8833333333333333,0.5881842384501047,4.845866466123617,0.0
A,fullstate_voc,1e-07,720,0.4594243562368784,0.3251632105169692,0.6108870300411129,0.8805555555555555,0.5785068501896015,4.816217394701395,0.0
A,fullstate_voc,1.333521432163324e-07,720,0.46444068346673617,0.33097222429072093,0.6159405465222504,0.8777777777777778,0.5651552603071586,4.642124326293086,0.0
A,fullstate_voc,1.7782794100389227e-07,720,0.46616667933716277,0.33269454567089984,0.6167604354424223,0.8763888888888889,0.5514841662360165,4.491869932899999,0.0
A,fullstate_voc,2.3713737056616554e-07,720,0.47826864142869613,0.3434234942372835,0.6324019088163665,0.8708333333333333,0.5389152427318785,4.360584102394488,0.0
A,fullstate_voc,3.162277660168379e-07,720,0.4943654527722159,0.3645346674268862,0.6494116022139909,0.8638888888888889,0.5260450433364278,4.198686769458366,0.0
A,fullstate_voc,4.2169650342858225e-07,720,0.5056095166887608,0.37727740624270245,0.6625559450547959,0.8611111111111112,0.5073365761001066,3.79768023930559,0.0
A,fullstate_voc,5.62341325190349e-07,720,0.5110085845924497,0.3826509381553823,0.6676754253119069,0.8597222222222223,0.48802506868565954,3.4654701557403564,0.0
A,fullstate_voc,7.498942093324558e-07,720,0.5251759548766172,0.39620150905045654,0.6816502958932719,0.8513888888888889,0.45827453891641406,3.0555196868834478,0.0
A,fullstate_voc,1e-06,720,0.5443870649683034,0.41114592314540854,0.7019722163427957,0.8444444444444444,0.43676025123824613,2.8976788511251166,0.0
A,fullstate_voc,1.333521432163324e-06,720,0.5725291368818942,0.43829109318042603,0.7391957620543544,0.8361111111111111,0.4051125908942107,2.4262633129404296,0.0
A,fullstate_voc,1.7782794100389227e-06,720,0.6063353950064521,0.46277367356228105,0.7790245519666029,0.825,0.36552889447136294,1.924982586475163,0.0
A,fullstate_voc,2.3713737056616552e-06,720,0.6255065895629469,0.48917580781553316,0.7902924980052791,0.8222222222222222,0.35417570705686285,1.715684992279325,0.0
A,fullstate_voc,3.162277660168379e-06,720,0.635357901392458,0.4959297531188778,0.8028454724177011,0.8194444444444444,0.35190239300156995,1.71026117855572,0.0
A,fullstate_voc,4.216965034285822e-06,720,0.6489130210951722,0.5071506452876126,0.8197059228646743,0.8138888888888889,0.34168311105864585,1.556483170472393,0.0
A,fullstate_voc,5.623413251903491e-06,720,0.6591548308662907,0.519851643284737,0.8320794861046648,0.8111111111111111,0.336870736554173,1.54654828607936,0.0
A,fullstate_voc,7.498942093324558e-06,720,0.6591548308662907,0.519851643284737,0.8320794861046648,0.8111111111111111,0.336870736554173,1.54654828607936,0.0
A,fullstate_voc,9.999999999999999e-06,720,0.6593158140598022,0.519919643235709,0.8321218467298606,0.8111111111111111,0.33538293907046823,1.5427051033571388,0.0
A,fullstate_voc,1.333521432163324e-05,720,0.6938362579587031,0.5539414473502573,0.8610954337237968,0.7958333333333333,0.3209288909280788,1.5002320756487937,0.0
A,fullstate_voc,1.778279410038923e-05,720,0.9384018605069067,0.7647060210205039,1.1257599338213722,0.75,0.269250444067222,1.3306504356529079,0.022443890274314215
A,fullstate_voc,2.3713737056616554e-05,720,1.0306701217386225,0.8474562627374882,1.2274293203940365,0.7236111111111111,0.24147107360076775,1.2659360401626347,0.02743142144638404
A,fullstate_voc,3.1622776601683795e-05,720,1.0579321878318728,0.8772502351866843,1.2544934944316894,0.7125,0.2213910819259937,1.229413995077938,0.02743142144638404
A,fullstate_voc,4.216965034285822e-05,720,1.1980043058296581,0.9861307342731994,1.4030558879791475,0.6861111111111111,0.20209922685635948,1.1036031228821483,0.06982543640897755
A,fullstate_voc,5.623413251903491e-05,720,1.916369907567817,1.1604804170897045,3.0629607957192033,0.6680555555555555,0.187853810036798,0.9426445191210152,0.11221945137157108
A,fullstate_voc,7.498942093324559e-05,720,2.1047812025404213,1.3384752960434652,3.2363040697828263,0.6402777777777777,0.17188064726377356,0.6713195761681972,0.18204488778054864
A,fullstate_voc,0.0001,720,2.3058521861147456,1.5388560866957055,3.409585600645889,0.6125,0.15417250949598743,0.4532936588584107,0.24688279301745636
A,fullstate_voc,0.0001333521432163324,720,2.3587237030761874,1.5940562532304938,3.4387600466196235,0.6041666666666666,0.1475636457719132,0.39160870294173644,0.26932668329177056
A,fullstate_voc,0.00017782794100389227,720,2.4025488871488703,1.6355405249509802,3.4782949432301735,0.5916666666666667,0.13198472077857615,0.3591545501417083,0.30673316708229426
A,fullstate_voc,0.0002371373705661655,720,2.4883418603408907,1.7197971172366122,3.571868280359444,0.5458333333333333,0.12169513858599762,0.34641308131948184,0.3192019950124688
A,fullstate_voc,0.00031622776601683794,720,2.5047872183639313,1.7317729360718543,3.5921333466990855,0.5388888888888889,0.1190027096930815,0.3430901431194646,0.32169576059850374
A,fullstate_voc,0.00042169650342858224,720,2.553955211197418,1.7760548552432875,3.650447224032663,0.5194444444444445,0.11068166918974233,0.333298023456958,0.3765586034912718
A,fullstate_voc,0.0005623413251903491,720,2.660268360572882,1.8820855795758171,3.745210408545201,0.475,0.09473472877078871,0.31477529272917004,0.5037406483790524
A,fullstate_voc,0.0007498942093324559,720,2.718868863538807,1.9488003046660838,3.8142317981059644,0.4486111111111111,0.08489629524594448,0.3006922183555566,0.6234413965087282
A,fullstate_voc,0.001,720,2.732706789738365,1.9597769556278528,3.832483972567058,0.44305555555555554,0.07944036848910713,0.2921682724930532,0.71571072319202
A,fullstate_voc,0.001333521432163324,720,2.7327067147716675,1.9597768728246527,3.8324838907693617,0.44305555555555554,0.07221335371439158,0.28441179033612674,0.830423940149626
A,fullstate_voc,0.0017782794100389228,720,2.7327066999011214,1.9597768554707184,3.8324838727635364,0.44305555555555554,0.06498362017748412,0.27705712226947476,0.9451371571072319
A,fullstate_voc,0.0023713737056616554,720,2.732706702609333,1.9597768704147729,3.8324838744245584,0.44305555555555554,0.06138876398493412,0.2735849508319714,1.0
A,fullstate_voc,0.0031622776601683794,720,2.732706702609333,1.9597768704147729,3.8324838744245584,0.44305555555555554,0.06138876398493412,0.2735849508319714,1.0
A,fullstate_voc,0.004216965034285822,720,2.732706702609333,1.9597768704147729,3.8324838744245584,0.44305555555555554,0.06138876398493412,0.2735849508319714,1.0
A,fullstate_voc,0.005623413251903491,720,2.732706702609333,1.9597768704147729,3.8324838744245584,0.44305555555555554,0.06138876398493412,0.2735849508319714,1.0
A,fullstate_voc,0.007498942093324558,720,2.732706702609333,1.9597768704147729,3.8324838744245584,0.44305555555555554,0.06138876398493412,0.2735849508319714,1.0
A,fullstate_voc,0.01,720,2.732706702609333,1.9597768704147729,3.8324838744245584,0.44305555555555554,0.06138876398493412,0.2735849508319714,1.0
A,voc,0.0,720,0.0003830854787124625,0.0002548007137614989,0.0005353442157632154,1.0,0.7425240611879597,4.775840831594445,0.0
A,hybrid,0.0,720,0.586827942953606,0.48050484645900693,0.7060864927841619,0.7888888888888889,0.352692235222818,1.6425646147014756,0.09476309226932668
A,voc,1e-08,720,0.00038859890922605337,0.00026234049283818694,0.0005412347724552827,1.0,0.724165438029034,4.482467332273619,0.0
A,hybrid,1e-08,720,0.5868268487186676,0.480503190773279,0.7060848253148205,0.7888888888888889,0.35112216669986085,1.6353013267750964,0.10224438902743142
A,voc,1.333521432163324e-08,720,0.0004432602183785329,0.000312008492916479,0.0006133858789151723,1.0,0.716814820288167,4.348020870961116,0.0
A,hybrid,1.333521432163324e-08,720,0.5868300279682526,0.4805065286039174,0.7060881609148459,0.7888888888888889,0.3501784534792745,1.6328311390931605,0.10473815461346633
A,voc,1.7782794100389228e-08,720,0.0005227772535716941,0.0003495481336156938,0.000748123716202408,1.0,0.7043925988649179,4.142763279197233,0.0
A,hybrid,1.7782794100389228e-08,720,0.5868297151318869,0.4805063805107009,0.7060881614956553,0.7888888888888889,0.3492879263566984,1.6291040621556578,0.10473815461346633
A,voc,2.371373705661655e-08,720,0.000949609267044667,0.00040188594017166995,0.0018150877665483699,1.0,0.6885482228429828,3.9055010025014125,0.0
A,hybrid,2.371373705661655e-08,720,0.5868297029426496,0.4805063692681573,0.706088158486356,0.7888888888888889,0.3473972085817243,1.624480426250097,0.11471321695760599
A,voc,3.162277660168379e-08,720,0.0013657354946661092,0.0005340093466635414,0.002358389083710373,1.0,0.6727770618874509,3.665886465800031,0.0
A,hybrid,3.162277660168379e-08,720,0.5868295918082818,0.4805062547221029,0.70608810668908,0.7888888888888889,0.34588079667995986,1.6214017620153804,0.12219451371571072
A,voc,4.2169650342858225e-08,720,0.0014374605497866832,0.0005926492325155544,0.0024980491244889842,1.0,0.6597260213355053,3.506553538645873,0.0
A,hybrid,4.2169650342858225e-08,720,0.5868269477904741,0.48050460929312455,0.7060864894421165,0.7888888888888889,0.3451281084895702,1.61441211658344,0.12718204488778054
A,voc,5.6234132519034905e-08,720,0.0025734407518923285,0.0008226099872176598,0.005166230052548514,1.0,0.6476678197200273,3.3603546665917294,0.0
A,hybrid,5.6234132519034905e-08,720,0.5868261138987044,0.4805038736500101,0.7060844246761315,0.7888888888888889,0.344176730011354,1.6109560548153947,0.12718204488778054
A,voc,7.498942093324559e-08,720,0.0026477619085571655,0.0008943029096606788,0.005174905416340427,1.0,0.6261600018417705,3.1130072725098064,0.0
A,hybrid,7.498942093324559e-08,720,0.5868261221703629,0.48050388424306373,0.70608443410087,0.7888888888888889,0.3421130336406056,1.604049667148734,0.13466334164588528
A,voc,1e-07,720,0.0029954779345673253,0.0011735803639682668,0.005445423707422124,1.0,0.6123105504563635,2.962586636545949,0.0
A,hybrid,1e-07,720,0.5868235489304579,0.4805011843778349,0.7060820004000397,0.7888888888888889,0.3394142177516494,1.596191202508463,0.15211970074812967
A,voc,1.333521432163324e-07,720,0.004303415451455564,0.0017674861596834093,0.007886314950896464,1.0,0.5911552119443331,2.8201208672876166,0.0
A,hybrid,1.333521432163324e-07,720,0.5868235898230277,0.4805012296591926,0.706082076169946,0.7888888888888889,0.3358484466102044,1.585734640452953,0.16209476309226933
A,voc,1.7782794100389227e-07,720,0.008596858563784693,0.0032566484322902327,0.01851355166879256,0.9986111111111111,0.5656318779702011,2.6242515820945753,0.0
A,hybrid,1.7782794100389227e-07,720,0.5868235095098852,0.48050133818959745,0.7060821986558822,0.7888888888888889,0.3325996815027752,1.5704702884251875,0.16957605985037408
A,voc,2.3713737056616554e-07,720,0.010289334802800225,0.004299860004967876,0.019747470865222685,0.9986111111111111,0.5405757392873486,2.4699358825306565,0.0
A,hybrid,2.3713737056616554e-07,720,0.5868227566528587,0.48049959039592166,0.7060808652210793,0.7888888888888889,0.3291007148926331,1.5569346032320937,0.17206982543640897
A,voc,3.162277660168379e-07,720,0.01587216885241176,0.00808130233980689,0.02726297705203836,0.9944444444444445,0.5194848971431032,2.3514610871709416,0.0
A,hybrid,3.162277660168379e-07,720,0.5868222162987726,0.4804986288594334,0.7060799284095757,0.7888888888888889,0.3249045168450372,1.5338997708723632,0.18703241895261846
A,voc,4.2169650342858225e-07,720,0.020315350914333483,0.009334375691650703,0.033128932810074105,0.9930555555555556,0.49762937302245497,2.2485314064028796,0.0
A,hybrid,4.2169650342858225e-07,720,0.5868221907944374,0.480498630365326,0.7060799351632238,0.7888888888888889,0.319423129456685,1.5225808008348698,0.19451371571072318
A,voc,5.62341325190349e-07,720,0.050496636360207965,0.023754846890599247,0.0851322134669199,0.9861111111111112,0.4749874590551408,2.026727443720948,0.0
A,hybrid,5.62341325190349e-07,720,0.5868227723175445,0.48049894055824616,0.7060808324443945,0.7888888888888889,0.3129791386893584,1.505447498133516,0.1970074812967581
A,voc,7.498942093324558e-07,720,0.061369777410233646,0.0325249552612696,0.10000936952616919,0.9805555555555555,0.45559319597864156,1.904013925908435,0.0
A,hybrid,7.498942093324558e-07,720,0.5868223438696777,0.4804984858743003,0.7060806150034481,0.7888888888888889,0.304536566333472,1.489231071551578,0.20199501246882792
A,voc,1e-06,720,0.09869266901919488,0.0527073997677671,0.15484464314725224,0.9708333333333333,0.4294947439024002,1.7288797229668034,0.0
A,hybrid,1e-06,720,0.586822098139631,0.4804986538971745,0.7060796461585664,0.7888888888888889,0.2966938543655877,1.466019742557142,0.2194513715710723
A,voc,1.333521432163324e-06,720,0.10627785183164523,0.0620444095499511,0.16435200937415037,0.9680555555555556,0.4092592710858884,1.6465881912265155,0.0
A,hybrid,1.333521432163324e-06,720,0.5871335152181215,0.48065273846494333,0.706085547066143,0.7888888888888889,0.28530573272835863,1.436974376583516,0.2344139650872818
A,voc,1.7782794100389227e-06,720,0.11203658178273303,0.06606943533563284,0.17506676028031962,0.9666666666666667,0.3899081474332968,1.586518085816821,0.0
A,hybrid,1.7782794100389227e-06,720,0.5876548796283427,0.48094612651295443,0.707097054999268,0.7888888888888889,0.27423618479858447,1.4082853085723854,0.2518703241895262
A,voc,2.3713737056616552e-06,720,0.1145260851585215,0.06944308227312161,0.17654925390547202,0.9666666666666667,0.38040308649851845,1.5486466938848833,0.0
A,hybrid,2.3713737056616552e-06,720,0.5901444874474957,0.48250142308174665,0.7097596635568334,0.7888888888888889,0.26843102647590117,1.3756599908820994,0.26433915211970077
A,voc,3.162277660168379e-06,720,0.11666146079180126,0.07156998742959665,0.17928826484394247,0.9666666666666667,0.36764074713554085,1.4988441915765431,0.0
A,hybrid,3.162277660168379e-06,720,0.5922797782067002,0.4850368267009002,0.7116106373139303,0.7888888888888889,0.25802406173606934,1.3288647917806884,0.2892768079800499
A,voc,4.216965034285822e-06,720,0.12413565810761461,0.07787898913087056,0.1869274432889155,0.9666666666666667,0.35859943340307265,1.425634446494592,0.0
A,hybrid,4.216965034285822e-06,720,0.5997540178207893,0.49129026627122285,0.7204964147026656,0.7888888888888889,0.2497830183722304,1.256817474732073,0.29925187032418954
A,voc,5.623413251903491e-06,720,0.13382785034045297,0.08410771601462631,0.19477401475257142,0.9625,0.3534878422483887,1.3828081347667902,0.007481296758104738
A,hybrid,5.623413251903491e-06,720,0.6094462553233425,0.5015655296640652,0.7309320957650489,0.7847222222222222,0.2446975775848488,1.2143119706015113,0.3092269326683292
A,voc,7.498942093324558e-06,720,0.17481321882947923,0.1262257423166594,0.23533298674583966,0.9486111111111111,0.3432870896603221,1.240400116915407,0.032418952618453865
A,hybrid,7.498942093324558e-06,720,0.650431586102102,0.5411566644195602,0.7670681214213428,0.7708333333333334,0.2345619202973329,1.0722386506320718,0.341645885286783
A,voc,9.999999999999999e-06,720,0.21635936198031763,0.1695050497910054,0.27445831245741886,0.9333333333333333,0.3314534398738231,1.1115334015153924,0.05486284289276808
A,hybrid,9.999999999999999e-06,720,0.6874641728311573,0.5794858749132917,0.8011489030059677,0.7583333333333333,0.22474780849098722,0.9474592379001124,0.36658354114713215
A,voc,1.333521432163324e-05,720,0.30602198561818644,0.2413204045286884,0.3796895553445973,0.8972222222222223,0.30972980296660046,0.9850300104792798,0.12219451371571072
A,hybrid,1.333521432163324e-05,720,0.7547994571311184,0.6382655995753859,0.8673521552599678,0.7333333333333333,0.2129686262077576,0.8441050902862217,0.4139650872817955
A,voc,1.778279410038923e-05,720,0.3886252471416303,0.32367344129508907,0.4655711993672005,0.8638888888888889,0.28089682535737515,0.8713712693889799,0.17955112219451372
A,hybrid,1.778279410038923e-05,720,0.8146725473923355,0.7019345230416754,0.9287408969433655,0.7125,0.19428511896033795,0.7489821817834278,0.456359102244389
A,voc,2.3713737056616554e-05,720,0.505358148009978,0.4344717903324736,0.5894193121062367,0.8152777777777778,0.24749293670871625,0.7696308620500734,0.26932668329177056
A,hybrid,2.3713737056616554e-05,720,0.8895619745401433,0.7679460166752649,0.9968332096772178,0.6847222222222222,0.17680889629214294,0.6737268297486986,0.5062344139650873
A,voc,3.1622776601683795e-05,720,0.6337986268917987,0.5539242311043534,0.7325703333975798,0.7694444444444445,0.20936926005781434,0.6743082335514676,0.3516209476309227
A,hybrid,3.1622776601683795e-05,720,0.978986046117261,0.8565907627706313,1.0952237855439988,0.6527777777777778,0.1536209484342358,0.5972202384847959,0.5685785536159601
A,voc,4.216965034285822e-05,720,0.7846849306562995,0.6900659257380467,0.8823866306951759,0.7166666666666667,0.17328141216532447,0.6054091770820176,0.4538653366583541
A,hybrid,4.216965034285822e-05,720,1.0755290750725663,0.9537076016527355,1.1929718119510941,0.6236111111111111,0.13419825681643113,0.550479441115355,0.6259351620947631
A,voc,5.623413251903491e-05,720,0.9763187399381826,0.8666846792172161,1.0988502777127414,0.6819444444444445,0.14782813318118984,0.5303460700333896,0.5261845386533666
A,hybrid,5.623413251903491e-05,720,1.2130542601271805,1.0709246312491962,1.3582040199799905,0.6013888888888889,0.11970610451105862,0.49056452204174295,0.6758104738154613
A,voc,7.498942093324559e-05,720,1.298885958591648,1.1464485355113196,1.4951866073523488,0.6486111111111111,0.12519895388796312,0.42288219256809295,0.6034912718204489
A,hybrid,7.498942093324559e-05,720,1.4929293703112272,1.3120073873298448,1.7101963343082436,0.5791666666666667,0.10344812746682228,0.39328514340005416,0.7331670822942643
A,voc,0.0001,720,1.5429069860956406,1.3627500898332134,1.7685429468425093,0.6222222222222222,0.10913958312408467,0.3583263390791924,0.6633416458852868
A,hybrid,0.0001,720,1.7072108327337239,1.5053062048875132,1.9338954954154852,0.5611111111111111,0.09173616126470281,0.33612614691254145,0.7780548628428927
A,voc,0.0001333521432163324,720,1.7173282099648364,1.5385495263733118,1.9783522660283277,0.6013888888888889,0.09625500329936239,0.3236105842777811,0.7107231920199502
A,hybrid,0.0001333521432163324,720,1.8440794782013212,1.6300385746200612,2.1129683950519804,0.5513888888888889,0.08397506383464913,0.30884491649309087,0.8054862842892768
A,voc,0.00017782794100389227,720,1.807475900448181,1.605307620141131,2.0713233490735634,0.5736111111111111,0.08594056724068201,0.305897184327806,0.7630922693266833
A,hybrid,0.00017782794100389227,720,1.8767579763025,1.661959932463519,2.1484735875582213,0.5444444444444444,0.07992879769616329,0.29859311413337714,0.8179551122194514
A,voc,0.0002371373705661655,720,1.889282565414099,1.7003576678625518,2.1708969825124815,0.5305555555555556,0.07730063557761456,0.29589593748197934,0.8403990024937655
A,hybrid,0.0002371373705661655,720,1.921410357674177,1.7086864253232532,2.1913081657502644,0.5277777777777778,0.07598256856965567,0.29423340669726106,0.8478802992518704
A,voc,0.00031622776601683794,720,1.9758234988552852,1.7530949603643893,2.2409647474257692,0.5,0.07180592806721342,0.28985689640280726,0.8952618453865336
A,hybrid,0.00031622776601683794,720,1.9758234988552852,1.7530949603643893,2.2409647474257692,0.5,0.07172526953273124,0.28976902926253084,0.8977556109725686
A,voc,0.00042169650342858224,720,2.0496764655922624,1.8400051381100928,2.313399969217211,0.46944444444444444,0.06703013921624139,0.283602726966693,0.9501246882793017
A,hybrid,0.00042169650342858224,720,2.0496764655922624,1.8400051381100928,2.313399969217211,0.46944444444444444,0.06703013921624139,0.283602726966693,0.9501246882793017
A,voc,0.0005623413251903491,720,2.096486495324415,1.8755438711405599,2.37248209682658,0.45,0.06358130551599965,0.2799032025847535,0.9800498753117207
A,hybrid,0.0005623413251903491,720,2.096486495324415,1.8755438711405599,2.37248209682658,0.45,0.06358130551599965,0.2799032025847535,0.9800498753117207
A,voc,0.0007498942093324559,720,2.6898618585420753,1.9153800427018801,3.7968857637834206,0.44583333333333336,0.06299890102165222,0.2766250377264189,0.9875311720698254
A,hybrid,0.0007498942093324559,720,2.6898618585420753,1.9153800427018801,3.7968857637834206,0.44583333333333336,0.06299890102165222,0.2766250377264189,0.9875311720698254
A,voc,0.001,720,2.7327067013407818,1.9597768698122109,3.8324838730925794,0.44305555555555554,0.06191039289324794,0.27519668705002814,0.9925187032418953
A,hybrid,0.001,720,2.7327067013407818,1.9597768698122109,3.8324838730925794,0.44305555555555554,0.06191039289324794,0.27519668705002814,0.9925187032418953
A,voc,0.001333521432163324,720,2.7327067013407818,1.9597768698122109,3.8324838730925794,0.44305555555555554,0.06191039289324794,0.27519668705002814,0.9925187032418953
A,hybrid,0.001333521432163324,720,2.7327067013407818,1.9597768698122109,3.8324838730925794,0.44305555555555554,0.06191039289324794,0.27519668705002814,0.9925187032418953
A,voc,0.0017782794100389228,720,2.7327067013407818,1.9597768698122109,3.8324838730925794,0.44305555555555554,0.06191039289324794,0.27519668705002814,0.9925187032418953
A,hybrid,0.0017782794100389228,720,2.7327067013407818,1.9597768698122109,3.8324838730925794,0.44305555555555554,0.06191039289324794,0.27519668705002814,0.9925187032418953
A,voc,0.0023713737056616554,720,2.7327067013407818,1.9597768698122109,3.8324838730925794,0.44305555555555554,0.06159067453638873,0.27376671406530273,0.9925187032418953
A,hybrid,0.0023713737056616554,720,2.7327067013407818,1.9597768698122109,3.8324838730925794,0.44305555555555554,0.06159067453638873,0.27376671406530273,0.9925187032418953
A,voc,0.0031622776601683794,720,2.7327067013407818,1.9597768698122109,3.8324838730925794,0.44305555555555554,0.06159067453638873,0.27376671406530273,0.9925187032418953
A,hybrid,0.0031622776601683794,720,2.7327067013407818,1.9597768698122109,3.8324838730925794,0.44305555555555554,0.06159067453638873,0.27376671406530273,0.9925187032418953
A,voc,0.004216965034285822,720,2.7327067013407818,1.9597768698122109,3.8324838730925794,0.44305555555555554,0.06159067453638873,0.27376671406530273,0.9925187032418953
A,hybrid,0.004216965034285822,720,2.7327067013407818,1.9597768698122109,3.8324838730925794,0.44305555555555554,0.06159067453638873,0.27376671406530273,0.9925187032418953
A,voc,0.005623413251903491,720,2.732706702609333,1.9597768704147729,3.8324838744245584,0.44305555555555554,0.06138876398493412,0.2735849508319714,1.0
A,hybrid,0.005623413251903491,720,2.732706702609333,1.9597768704147729,3.8324838744245584,0.44305555555555554,0.06138876398493412,0.2735849508319714,1.0
A,voc,0.007498942093324558,720,2.732706702609333,1.9597768704147729,3.8324838744245584,0.44305555555555554,0.06138876398493412,0.2735849508319714,1.0
A,hybrid,0.007498942093324558,720,2.732706702609333,1.9597768704147729,3.8324838744245584,0.44305555555555554,0.06138876398493412,0.2735849508319714,1.0
A,voc,0.01,720,2.732706702609333,1.9597768704147729,3.8324838744245584,0.44305555555555554,0.06138876398493412,0.2735849508319714,1.0
A,hybrid,0.01,720,2.732706702609333,1.9597768704147729,3.8324838744245584,0.44305555555555554,0.06138876398493412,0.2735849508319714,1.0
A,hardlabel,0.01,720,0.011113320917601923,0.006246359719413225,0.01756403383264777,0.9986111111111111,0.49429382384535375,2.5816487480348718,0.0024937655860349127
A,hardlabel,0.020000000000000004,720,0.015781678076450846,0.010753819839519486,0.02197771769556487,0.9986111111111111,0.4386873501483721,2.285580073195999,0.0024937655860349127
A,hardlabel,0.030000000000000006,720,0.024807257622887015,0.01749883015064387,0.033325272762104695,0.9986111111111111,0.41428571024274824,2.1726175707348525,0.0024937655860349127
A,hardlabel,0.04000000000000001,720,0.03407438626263432,0.022901675235158972,0.04479491134066051,0.9958333333333333,0.39788779351285797,2.120201838640403,0.007481296758104738
A,hardlabel,0.05000000000000001,720,0.043519081229447025,0.0323608588763837,0.056320719963762866,0.9944444444444445,0.3918170231877995,2.0980022842987283,0.00997506234413965
A,hardlabel,0.06000000000000001,720,0.0501625960495076,0.038521640508980874,0.06286798815870402,0.9944444444444445,0.383409861719997,2.0193015567181596,0.00997506234413965
A,hardlabel,0.07,720,0.05874047404925185,0.04590704897288515,0.07358383623432095,0.9930555555555556,0.37714308405244523,1.9820360791890026,0.012468827930174564
A,hardlabel,0.08,720,0.060326592519551595,0.047515968020171544,0.07626445844686895,0.9930555555555556,0.37223414895474083,1.9597596167584572,0.012468827930174564
A,hardlabel,0.09000000000000001,720,0.06436865940017537,0.05109889629927702,0.07995892275141932,0.9930555555555556,0.37046785263274906,1.9493144488278984,0.012468827930174564
A,hardlabel,0.1,720,0.06681389131525421,0.05293237545546781,0.0833337883070239,0.9930555555555556,0.36854118666951197,1.9365399978876212,0.012468827930174564
A,hardlabel,0.15,720,0.10648040185005442,0.0703793909964686,0.16201459361912696,0.9888888888888889,0.3564909000864692,1.8456631588543182,0.0199501246882793
A,hardlabel,0.19999999999999998,720,0.12329174058355293,0.08641986016803034,0.18156351006535484,0.9847222222222223,0.3489607637939281,1.798857490690418,0.02743142144638404
A,hardlabel,0.25,720,0.1557503071286221,0.11412120678459774,0.21386096396193885,0.975,0.3370483343167732,1.761197758754305,0.04488778054862843
A,hardlabel,0.3,720,0.1931986416509096,0.14761891772468913,0.25010456358858446,0.9652777777777778,0.3261109175546814,1.7226752143598636,0.06234413965087282
A,hardlabel,0.35,720,0.22095479283928346,0.17484931386322403,0.27536727244796283,0.95,0.3171560626845396,1.6740520277543258,0.08977556109725686
A,hardlabel,0.39999999999999997,720,0.2702499588067846,0.20466718949751816,0.3489107784870171,0.9388888888888889,0.30634152077433213,1.6105163840182033,0.10723192019950124
A,hardlabel,0.44999999999999996,720,0.3240832250446979,0.2566992897972316,0.4082467306612246,0.9194444444444444,0.2924520544257007,1.5218840650417962,0.1371571072319202
A,hardlabel,0.5,720,0.37209338434782724,0.28349926593219116,0.47369060222214504,0.9097222222222222,0.2806073649612673,1.466915825404299,0.15211970074812967
A,hardlabel,0.5499999999999999,720,0.4189905804557788,0.32574951833351584,0.521771124668227,0.8944444444444445,0.26263185024330654,1.427487844829294,0.17955112219451372
A,hardlabel,0.6,720,0.4969623729836728,0.38010713534977064,0.6435231723739865,0.8777777777777778,0.2510605370021109,1.3978683092098487,0.20947630922693267
A,hardlabel,0.6499999999999999,720,0.5410319313210755,0.41940889832186695,0.6760455939985797,0.8597222222222223,0.23817819079351793,1.348832016690388,0.24189526184538654
A,hardlabel,0.7,720,0.5912781779665051,0.4629658525480487,0.7294174769672909,0.8361111111111111,0.22569173195065947,1.2916083552681559,0.28428927680798005
A,hardlabel,0.75,720,0.7380169874676148,0.5979180723393274,0.8941284154197562,0.7833333333333333,0.1874890989929741,1.147343157645946,0.3740648379052369
A,hardlabel,0.7999999999999999,720,0.8379290565249944,0.6950460281003332,0.9744036508370998,0.7430555555555556,0.16784730378360777,1.082711569512594,0.4463840399002494
A,hardlabel,0.85,720,1.0606535613946104,0.9096747604294143,1.2310328223715115,0.6652777777777777,0.13360555829414786,0.9567420788709114,0.5810473815461347
A,hardlabel,0.8999999999999999,720,1.2821685848678315,1.1281082656015262,1.4469916298333076,0.5986111111111111,0.10854148968151964,0.8530828438903326,0.7007481296758105
A,hardlabel,0.95,720,2.2086419939468716,1.4548282491243645,3.3390668273058566,0.4875,0.08042777115861913,0.5837117685778139,0.8778054862842892
A,voc_seq,0.0,720,0.0003425999134822242,0.0002295360444342321,0.0004816763116129054,1.0,1.5806948101879104,9.246752817993128,0.0
A,voc_seq,1e-08,720,0.0003715861077746668,0.000261129495935176,0.0005242691511165921,1.0,1.5103359883937733,8.268221556363965,0.0
A,voc_seq,1.333521432163324e-08,720,0.0004430017529407516,0.00029849323122948564,0.0006531208585559217,1.0,1.5026787072554748,8.154937481230636,0.0
A,voc_seq,1.7782794100389228e-08,720,0.0004475010418729528,0.00030062762855870387,0.00065739388322198,1.0,1.4866654634699554,7.98165135027509,0.0
A,voc_seq,2.371373705661655e-08,720,0.00048160971265694884,0.00032603793366892895,0.0006956359941362233,1.0,1.4628230086755885,7.61638844839871,0.0
A,voc_seq,3.162277660168379e-08,720,0.0005682470139595538,0.00035297716593647136,0.0008786859837331797,1.0,1.427497188386271,7.0549140464237,0.0
A,voc_seq,4.2169650342858225e-08,720,0.0010157204967298223,0.0004216718111923958,0.001978860451339044,1.0,1.394524766262651,6.586225096254288,0.0
A,voc_seq,5.6234132519034905e-08,720,0.0012441605112544555,0.0005512486386705338,0.0022929649364070537,1.0,1.3605159650297827,6.220650359127906,0.0
A,voc_seq,7.498942093324559e-08,720,0.0012802222107024842,0.0006196189767183004,0.002347717015479549,1.0,1.3064495930899875,5.819609745901507,0.0
A,voc_seq,1e-07,720,0.0013499829871155469,0.0006528978219666313,0.0024829622432792652,1.0,1.2458781918746582,5.310178897440402,0.0
A,voc_seq,1.333521432163324e-07,720,0.001766662008380265,0.0008775905311865397,0.0032129807130268314,1.0,1.1853277392518762,4.9379148906806725,0.0
A,voc_seq,1.7782794100389227e-07,720,0.002114185175456757,0.0011760147586875624,0.0035606531458023363,1.0,1.1049437285380888,4.4429911892696,0.0
A,voc_seq,2.3713737056616554e-07,720,0.0021142048171451755,0.0011759611342318742,0.0035607424186030615,1.0,1.0414924671225392,4.149011800179303,0.0
A,voc_seq,3.162277660168379e-07,720,0.0023322531904308897,0.0013228094019419614,0.00377010256391122,1.0,0.9632553131041599,3.7641707188084284,0.0
A,voc_seq,4.2169650342858225e-07,720,0.002401681907865903,0.0013639851323492696,0.0038396540816917884,1.0,0.8910338804535264,3.5287648765112207,0.0
A,voc_seq,5.62341325190349e-07,720,0.005449301793516673,0.0025023082063509615,0.009736374025502993,1.0,0.8328855459242366,3.280472574918147,0.0
A,voc_seq,7.498942093324558e-07,720,0.013108798705413061,0.005019554381007791,0.025436055007686663,0.9972222222222222,0.7489394511849649,3.0052826121653804,0.0
A,voc_seq,1e-06,720,0.02872880114733644,0.014067373329652196,0.04945625993038733,0.9902777777777778,0.6742085468463087,2.667563441187627,0.0
A,voc_seq,1.333521432163324e-06,720,0.03565036012565725,0.01987361639184837,0.05853818390004848,0.9875,0.6002948939202571,2.357890545707076,0.0
A,voc_seq,1.7782794100389227e-06,720,0.06137202954400795,0.03406545989078017,0.08987097119680246,0.9763888888888889,0.5255385641907665,2.063587753336252,0.0
A,voc_seq,2.3713737056616552e-06,720,0.09018119926421739,0.051895131463444,0.14133136143116332,0.9722222222222222,0.47474439863632883,1.8283126629320778,0.0
A,voc_seq,3.162277660168379e-06,720,0.09914971323033733,0.05906087591714773,0.1516200330894706,0.9694444444444444,0.42482983841257765,1.6632261908431853,0.0
A,voc_seq,4.216965034285822e-06,720,0.10734433772317507,0.0661153940965679,0.157848109411143,0.9694444444444444,0.4003243087896428,1.5549983334612383,0.0
A,voc_seq,5.623413251903491e-06,720,0.12059638919285535,0.07915490443696648,0.171802485399595,0.9638888888888889,0.3820545623198307,1.4675742088695591,0.007481296758104738
A,voc_seq,7.498942093324558e-06,720,0.17481446921862845,0.12622764916011192,0.23533489359057083,0.9486111111111111,0.36466895403880417,1.2756668584223412,0.032418952618453865
A,voc_seq,9.999999999999999e-06,720,0.216359359355502,0.1695050471674684,0.2744583110795253,0.9333333333333333,0.34806136513328495,1.140726425251493,0.05486284289276808
A,voc_seq,1.333521432163324e-05,720,0.3060219856462987,0.24132040454076306,0.37968955538888166,0.8972222222222223,0.319544881728311,1.0020795453389988,0.12219451371571072
A,voc_seq,1.778279410038923e-05,720,0.3925157904427683,0.3254106976496797,0.46743950302020504,0.8625,0.2849931607671309,0.877292198184811,0.17955112219451372
A,voc_seq,2.3713737056616554e-05,720,0.5053581480380902,0.4344717903913899,0.5894193121344835,0.8152777777777778,0.2512526813028159,0.7767269637681339,0.26932668329177056
A,voc_seq,3.1622776601683795e-05,720,0.6337986268917987,0.5539242311043534,0.7325703333975798,0.7694444444444445,0.2110787578405152,0.678193895440356,0.3516209476309227
A,voc_seq,4.216965034285822e-05,720,0.7846849306562995,0.6900659257380467,0.8823866306951759,0.7166666666666667,0.17493845799720448,0.6092537208722963,0.4538653366583541
A,voc_seq,5.623413251903491e-05,720,0.9763187399381826,0.8666846792172161,1.0988502777127414,0.6819444444444445,0.1489487198987631,0.5330185840167209,0.5261845386533666
A,voc_seq,7.498942093324559e-05,720,1.298885958591648,1.1464485355113196,1.4951866073523488,0.6486111111111111,0.12540086443941773,0.4230639558014243,0.6034912718204489
A,voc_seq,0.0001,720,1.5429069860956406,1.3627500898332134,1.7685429468425093,0.6222222222222222,0.1093414936755393,0.3585081023125238,0.6633416458852868
A,voc_seq,0.0001333521432163324,720,1.7173282099648364,1.5385495263733118,1.9783522660283277,0.6013888888888889,0.09645691385081703,0.32379234751111247,0.7107231920199502
A,voc_seq,0.00017782794100389227,720,1.807475900448181,1.605307620141131,2.0713233490735634,0.5736111111111111,0.08614247779213663,0.3060789475611374,0.7630922693266833
A,voc_seq,0.0002371373705661655,720,1.889282565414099,1.7003576678625518,2.1708969825124815,0.5305555555555556,0.07750254612906919,0.29607770071531075,0.8403990024937655
A,voc_seq,0.00031622776601683794,720,1.9758234988552852,1.7530949603643893,2.2409647474257692,0.5,0.07200783861866805,0.2900386596361386,0.8952618453865336
A,voc_seq,0.00042169650342858224,720,2.0496764655922624,1.8400051381100928,2.313399969217211,0.46944444444444444,0.06716474625054447,0.2837239024555806,0.9501246882793017
A,voc_seq,0.0005623413251903491,720,2.096486495324415,1.8755438711405599,2.37248209682658,0.45,0.06358130551599965,0.2799032025847535,0.9800498753117207
A,voc_seq,0.0007498942093324559,720,2.6898618585420753,1.9153800427018801,3.7968857637834206,0.44583333333333336,0.06299890102165222,0.2766250377264189,0.9875311720698254
A,voc_seq,0.001,720,2.7327067013407818,1.9597768698122109,3.8324838730925794,0.44305555555555554,0.06191039289324794,0.27519668705002814,0.9925187032418953
A,voc_seq,0.001333521432163324,720,2.7327067013407818,1.9597768698122109,3.8324838730925794,0.44305555555555554,0.06191039289324794,0.27519668705002814,0.9925187032418953
A,voc_seq,0.0017782794100389228,720,2.7327067013407818,1.9597768698122109,3.8324838730925794,0.44305555555555554,0.06191039289324794,0.27519668705002814,0.9925187032418953
A,voc_seq,0.0023713737056616554,720,2.7327067013407818,1.9597768698122109,3.8324838730925794,0.44305555555555554,0.06159067453638873,0.27376671406530273,0.9925187032418953
A,voc_seq,0.0031622776601683794,720,2.7327067013407818,1.9597768698122109,3.8324838730925794,0.44305555555555554,0.06159067453638873,0.27376671406530273,0.9925187032418953
A,voc_seq,0.004216965034285822,720,2.7327067013407818,1.9597768698122109,3.8324838730925794,0.44305555555555554,0.06159067453638873,0.27376671406530273,0.9925187032418953
A,voc_seq,0.005623413251903491,720,2.732706702609333,1.9597768704147729,3.8324838744245584,0.44305555555555554,0.06138876398493412,0.2735849508319714,1.0
A,voc_seq,0.007498942093324558,720,2.732706702609333,1.9597768704147729,3.8324838744245584,0.44305555555555554,0.06138876398493412,0.2735849508319714,1.0
A,voc_seq,0.01,720,2.732706702609333,1.9597768704147729,3.8324838744245584,0.44305555555555554,0.06138876398493412,0.2735849508319714,1.0
A,hybrid_seq,0.0,720,0.586823979767522,0.4805003819728469,0.7060809825195086,0.7888888888888889,0.6017310307519529,2.8928832785334633,0.09476309226932668
A,hybrid_seq,1e-08,720,0.5868236458676875,0.4805002059663353,0.706080823537754,0.7888888888888889,0.5975434309107138,2.8449470725195725,0.10224438902743142
A,hybrid_seq,1.333521432163324e-08,720,0.586823801319659,0.4805002061297615,0.7060808979021246,0.7888888888888889,0.5947929363242234,2.8124796854820793,0.10473815461346633
A,hybrid_seq,1.7782794100389228e-08,720,0.5868237988281109,0.48050020482169875,0.7060808930436057,0.7888888888888889,0.5929408266147419,2.7900388759015238,0.10473815461346633
A,hybrid_seq,2.371373705661655e-08,720,0.5868222729924865,0.48049860601281463,0.7060792969219739,0.7888888888888889,0.5894320448223851,2.767952984443188,0.11471321695760599
A,hybrid_seq,3.162277660168379e-08,720,0.5868221340317981,0.48049844521878043,0.7060792816140521,0.7888888888888889,0.5851546178644204,2.721270582834859,0.12219451371571072
A,hybrid_seq,4.2169650342858225e-08,720,0.5868232689626932,0.4805001760775884,0.7060809557266404,0.7888888888888889,0.5801466063071208,2.692794537327912,0.12718204488778054
A,hybrid_seq,5.6234132519034905e-08,720,0.5868264441960006,0.48050350922829377,0.706084289747747,0.7888888888888889,0.5705920380528821,2.640811235304308,0.12718204488778054
A,hybrid_seq,7.498942093324559e-08,720,0.5868264518321897,0.4805035184374239,0.7060842962484777,0.7888888888888889,0.5566547676665945,2.561037685104298,0.13466334164588528
A,hybrid_seq,1e-07,720,0.5868260694143295,0.48050301715615396,0.7060836198381515,0.7888888888888889,0.5420710564776452,2.4946365670765114,0.15211970074812967
A,hybrid_seq,1.333521432163324e-07,720,0.5868262838660837,0.48050319399179686,0.70608386401587,0.7888888888888889,0.5271282418286608,2.395396800461236,0.16209476309226933
A,hybrid_seq,1.7782794100389227e-07,720,0.5868254686443916,0.480502805040199,0.7060836940618389,0.7888888888888889,0.5065917579211524,2.270662450597365,0.16957605985037408
A,hybrid_seq,2.3713737056616554e-07,720,0.5868268522902886,0.4805033627804477,0.7060852585233317,0.7888888888888889,0.4920349466439271,2.1644544187154175,0.17206982543640897
A,hybrid_seq,3.162277660168379e-07,720,0.5868284524341203,0.4805041747938561,0.7060860151760783,0.7888888888888889,0.4725891474361041,2.0047649155459366,0.18703241895261846
A,hybrid_seq,4.2169650342858225e-07,720,0.586827650166946,0.4805031333312457,0.7060843990619105,0.7888888888888889,0.4496269558674238,1.9272010246334503,0.19451371571072318
A,hybrid_seq,5.62341325190349e-07,720,0.5868276697692516,0.48050315375936725,0.7060844592058161,0.7888888888888889,0.43051352388999425,1.8681310602487278,0.1970074812967581
A,hybrid_seq,7.498942093324558e-07,720,0.5868254045458383,0.4804997211703879,0.7060811155076,0.7888888888888889,0.3988795741148982,1.7902935486376665,0.20199501246882792
A,hybrid_seq,1e-06,720,0.5868259840947752,0.4805003150723108,0.7060816848649892,0.7888888888888889,0.37214170467123686,1.695420068401543,0.2194513715710723
A,hybrid_seq,1.333521432163324e-06,720,0.587137068177175,0.48065442207758635,0.7060873424156708,0.7888888888888889,0.34142148053333565,1.5928701521973634,0.2344139650872818
A,hybrid_seq,1.7782794100389227e-06,720,0.5876546660093932,0.48094572516677253,0.7070968530801457,0.7888888888888889,0.3054543825408586,1.5037271638751413,0.2518703241895262
A,hybrid_seq,2.3713737056616552e-06,720,0.5901443305235279,0.48250109112266826,0.7097595072005155,0.7888888888888889,0.2920703392963037,1.4437289195751368,0.26433915211970077
A,hybrid_seq,3.162277660168379e-06,720,0.5922796274094398,0.48503664287607623,0.7116104896622868,0.7888888888888889,0.2742259982294101,1.384396716539014,0.2892768079800499
A,hybrid_seq,4.216965034285822e-06,720,0.599753920515605,0.4912899732338751,0.7204963828059663,0.7888888888888889,0.2614950407294555,1.3039507837126216,0.29925187032418954
A,hybrid_seq,5.623413251903491e-06,720,0.6094462553206507,0.5015655296640652,0.7309320957623571,0.7847222222222222,0.25283463646013743,1.243089256666786,0.3092269326683292
A,hybrid_seq,7.498942093324558e-06,720,0.6504328364912513,0.5411585087446992,0.7670681214185163,0.7708333333333334,0.24012702431770971,1.0867993470154034,0.341645885286783
A,hybrid_seq,9.999999999999999e-06,720,0.6874641715134987,0.5794858742201078,0.8011489023129184,0.7583333333333333,0.22925528658498903,0.960771664065386,0.36658354114713215
A,hybrid_seq,1.333521432163324e-05,720,0.7547994571592306,0.6382655995739727,0.8673521552571414,0.7333333333333333,0.21566133149136435,0.8515515240862239,0.4139650872817955
A,hybrid_seq,1.778279410038923e-05,720,0.8146725474204478,0.701934523040262,0.9287408969582589,0.7125,0.19609727070220176,0.7527657486181548,0.456359102244389
A,hybrid_seq,2.3713737056616554e-05,720,0.8895619745682555,0.7679460166979936,0.9968332097068703,0.6847222222222222,0.1782633725253245,0.677213318320926,0.5062344139650873
A,hybrid_seq,3.1622776601683795e-05,720,0.978986046117261,0.8565907627706313,1.0952237855439988,0.6527777777777778,0.15516912914797226,0.6009301660931315,0.5685785536159601
A,hybrid_seq,4.216965034285822e-05,720,1.0755290750725663,0.9537076016527355,1.1929718119510941,0.6236111111111111,0.135774644113829,0.5542361177653573,0.6259351620947631
A,hybrid_seq,5.623413251903491e-05,720,1.2130542601271805,1.0709246312491962,1.3582040199799905,0.6013888888888889,0.12082669122863186,0.4932370360250742,0.6758104738154613
A,hybrid_seq,7.498942093324559e-05,720,1.4929293703112272,1.3120073873298448,1.7101963343082436,0.5791666666666667,0.10365003801827691,0.3934669066333855,0.7331670822942643
A,hybrid_seq,0.0001,720,1.7072108327337239,1.5053062048875132,1.9338954954154852,0.5611111111111111,0.09193807181615744,0.3363079101458728,0.7780548628428927
A,hybrid_seq,0.0001333521432163324,720,1.8440794782013212,1.6300385746200612,2.1129683950519804,0.5513888888888889,0.08417697438610376,0.3090266797264222,0.8054862842892768
A,hybrid_seq,0.00017782794100389227,720,1.8767579763025,1.661959932463519,2.1484735875582213,0.5444444444444444,0.08013070824761791,0.2987748773667085,0.8179551122194514
A,hybrid_seq,0.0002371373705661655,720,1.921410357674177,1.7086864253232532,2.1913081657502644,0.5277777777777778,0.07618447912111029,0.2944151699305924,0.8478802992518704
A,hybrid_seq,0.00031622776601683794,720,1.9758234988552852,1.7530949603643893,2.2409647474257692,0.5,0.07192718008418586,0.2899507924958622,0.8977556109725686
A,hybrid_seq,0.00042169650342858224,720,2.0496764655922624,1.8400051381100928,2.313399969217211,0.46944444444444444,0.06716474625054447,0.2837239024555806,0.9501246882793017
A,hybrid_seq,0.0005623413251903491,720,2.096486495324415,1.8755438711405599,2.37248209682658,0.45,0.06358130551599965,0.2799032025847535,0.9800498753117207
A,hybrid_seq,0.0007498942093324559,720,2.6898618585420753,1.9153800427018801,3.7968857637834206,0.44583333333333336,0.06299890102165222,0.2766250377264189,0.9875311720698254
A,hybrid_seq,0.001,720,2.7327067013407818,1.9597768698122109,3.8324838730925794,0.44305555555555554,0.06191039289324794,0.27519668705002814,0.9925187032418953
A,hybrid_seq,0.001333521432163324,720,2.7327067013407818,1.9597768698122109,3.8324838730925794,0.44305555555555554,0.06191039289324794,0.27519668705002814,0.9925187032418953
A,hybrid_seq,0.0017782794100389228,720,2.7327067013407818,1.9597768698122109,3.8324838730925794,0.44305555555555554,0.06191039289324794,0.27519668705002814,0.9925187032418953
A,hybrid_seq,0.0023713737056616554,720,2.7327067013407818,1.9597768698122109,3.8324838730925794,0.44305555555555554,0.06159067453638873,0.27376671406530273,0.9925187032418953
A,hybrid_seq,0.0031622776601683794,720,2.7327067013407818,1.9597768698122109,3.8324838730925794,0.44305555555555554,0.06159067453638873,0.27376671406530273,0.9925187032418953
A,hybrid_seq,0.004216965034285822,720,2.7327067013407818,1.9597768698122109,3.8324838730925794,0.44305555555555554,0.06159067453638873,0.27376671406530273,0.9925187032418953
A,hybrid_seq,0.005623413251903491,720,2.732706702609333,1.9597768704147729,3.8324838744245584,0.44305555555555554,0.06138876398493412,0.2735849508319714,1.0
A,hybrid_seq,0.007498942093324558,720,2.732706702609333,1.9597768704147729,3.8324838744245584,0.44305555555555554,0.06138876398493412,0.2735849508319714,1.0
A,hybrid_seq,0.01,720,2.732706702609333,1.9597768704147729,3.8324838744245584,0.44305555555555554,0.06138876398493412,0.2735849508319714,1.0
A,oracle,0.0,720,0.1939221965928217,0.17138108764427376,0.21643482172746825,1.0,0.24705512896323145,1.3094348336861912,0.0
A,oracle_voc,0.0,720,0.035058072612419104,0.012130573137985866,0.0614193725034148,0.9888888888888889,0.5101669719539401,2.691144856020896,0.0
A,oracle_voc,1e-08,720,0.03916113727477699,0.016872444717330706,0.06447535077064825,0.9875,0.3435059749144878,2.0708594339070716,0.0
A,oracle_voc,1.333521432163324e-08,720,0.03917853394941722,0.016893482945283925,0.0644893315656328,0.9875,0.3384722337921366,1.9789549019751373,0.0
A,oracle_voc,1.7782794100389228e-08,720,0.03918179160029385,0.01689681044815879,0.06449439772253245,0.9875,0.3376009589446965,1.9625449558598576,0.0
A,oracle_voc,2.371373705661655e-08,720,0.042929239321478546,0.020692800487150192,0.07054169365730424,0.9861111111111112,0.3352280040142246,1.9324488602473644,0.0
A,oracle_voc,3.162277660168379e-08,720,0.04293457283755369,0.020694744675280288,0.07054923781041833,0.9861111111111112,0.33288109526885923,1.9009273028320826,0.0
A,oracle_voc,4.2169650342858225e-08,720,0.04651368830303035,0.022777487969922794,0.0760211916609087,0.9833333333333333,0.33037502230485966,1.8425429067445798,0.0
A,oracle_voc,5.6234132519034905e-08,720,0.050271166884972254,0.026340955244954497,0.08071385045081211,0.9833333333333333,0.32560397068901586,1.7750169425681885,0.0
A,oracle_voc,7.498942093324559e-08,720,0.06314566230345384,0.03837104703655813,0.09803344873975252,0.9791666666666666,0.3215345222559432,1.7045778126917968,0.0
A,oracle_voc,1e-07,720,0.06949979405719278,0.043589303812536576,0.1080844762907967,0.9763888888888889,0.3157771154676368,1.581195776334865,0.0
A,oracle_voc,1.333521432163324e-07,720,0.07189349009986543,0.04560441860102572,0.10884903948326052,0.975,0.31021764272434205,1.4773196675445939,0.0
A,oracle_voc,1.7782794100389227e-07,720,0.07189349009986543,0.04560441860102572,0.10884903948326052,0.975,0.31021764272434205,1.4773196675445939,0.0
A,oracle_voc,2.3713737056616554e-07,720,0.07749102157533282,0.04936823744322873,0.11475392850893332,0.9736111111111111,0.30745476705462693,1.4243240255612566,0.0
A,oracle_voc,3.162277660168379e-07,720,0.09246268031222,0.05766688598588573,0.14466418665540057,0.9708333333333333,0.3051178680005812,1.3913235251668032,0.0
A,oracle_voc,4.2169650342858225e-07,720,0.09287934697888664,0.0581569152926305,0.1449818949887339,0.9708333333333333,0.302745524889346,1.3564236360376325,0.0
A,oracle_voc,5.62341325190349e-07,720,0.09287934697888664,0.0581569152926305,0.1449818949887339,0.9708333333333333,0.30197257663565125,1.3474565414612445,0.0
A,oracle_voc,7.498942093324558e-07,720,0.09697986829329332,0.061539963992140234,0.1504289270787834,0.9680555555555556,0.29909494747098975,1.2925975595973493,0.0
A,oracle_voc,1e-06,720,0.09715437267478795,0.06171963204344902,0.15059345854573472,0.9680555555555556,0.29732495166555845,1.2753768349931862,0.0
A,oracle_voc,1.333521432163324e-06,720,0.09749410202612294,0.06192741695033956,0.15105747164021746,0.9680555555555556,0.29644799913592174,1.2703497048570778,0.0
A,oracle_voc,1.7782794100389227e-06,720,0.11409514692251034,0.06777578422090716,0.17771284417385372,0.9666666666666667,0.2944931167043767,1.2217928172737327,0.0
A,oracle_voc,2.3713737056616552e-06,720,0.11665780630749525,0.07110594685071761,0.18006859804596315,0.9666666666666667,0.29323865354211215,1.1979862103112282,0.0
A,oracle_voc,3.162277660168379e-06,720,0.1185772559571025,0.07323735112943981,0.1817261199438267,0.9666666666666667,0.29082536555665733,1.1841571863987257,0.0
A,oracle_voc,4.216965034285822e-06,720,0.12990963968925112,0.08472463223525588,0.19293093275463055,0.9666666666666667,0.2833515230579096,1.1230604394320431,0.0
A,oracle_voc,5.623413251903491e-06,720,0.14343968052520073,0.09540069866034363,0.2044113098790422,0.9666666666666667,0.27847612237836694,1.0695831203362054,0.0
A,oracle_voc,7.498942093324558e-06,720,0.1750148672471175,0.12451822410542492,0.2324529741330829,0.9625,0.270364094563343,0.9805922792792343,0.007481296758104738
A,oracle_voc,9.999999999999999e-06,720,0.2144294798079982,0.1642514047167644,0.275012658684705,0.9430555555555555,0.2602773648779049,0.8949645014959009,0.04239401496259352
A,oracle_voc,1.333521432163324e-05,720,0.2507196678369827,0.1997866204381992,0.3112705671854558,0.925,0.24621335684661172,0.8369983214292359,0.07481296758104738
A,oracle_voc,1.778279410038923e-05,720,0.33267919435432425,0.2770128351443129,0.39025120098315486,0.8847222222222222,0.22829360227297407,0.7352813893194858,0.14713216957605985
A,oracle_voc,2.3713737056616554e-05,720,0.4480528650294527,0.3830684590014452,0.518384380250736,0.8361111111111111,0.20233906253274986,0.6359446669125444,0.23940149625935161
A,oracle_voc,3.1622776601683795e-05,720,0.5206218289311084,0.44971466963155604,0.5959341270152367,0.8055555555555556,0.18490964898452947,0.5881905908153082,0.29925187032418954
A,oracle_voc,4.216965034285822e-05,720,0.6307384484703966,0.5448220522972544,0.713030098713059,0.7625,0.16165137222110124,0.5350551578583539,0.38154613466334164
A,oracle_voc,5.623413251903491e-05,720,0.7858013664452648,0.6742399865422369,0.8913352610536786,0.7236111111111111,0.1421832942499207,0.47994201059027547,0.46384039900249374
A,oracle_voc,7.498942093324559e-05,720,0.952081840425863,0.8150577538116561,1.0781367213194792,0.6944444444444444,0.12698789856712728,0.4310263526291793,0.5261845386533666
A,oracle_voc,0.0001,720,1.2443540286777877,1.0889810569971472,1.4191499541028456,0.6569444444444444,0.10698559959039512,0.36870868203473545,0.6059850374064838
A,oracle_voc,0.0001333521432163324,720,1.5298253399354158,1.3620751053910767,1.7502668495456764,0.6263888888888889,0.09174925533786756,0.32174075766527294,0.6683291770573566
A,oracle_voc,0.00017782794100389227,720,1.7198063040129585,1.525358696478049,1.9444958882773142,0.5861111111111111,0.0812343696873081,0.2999325384569551,0.743142144638404
A,oracle_voc,0.0002371373705661655,720,1.7887415995846232,1.6020562646453878,2.031715910287023,0.5472222222222223,0.07641901660250265,0.293522145844463,0.8129675810473815
A,oracle_voc,0.00031622776601683794,720,1.8937267214391176,1.6858210326761913,2.1506007189527256,0.5152777777777777,0.07053093585929388,0.2866182634916893,0.8703241895261845
A,oracle_voc,0.00042169650342858224,720,1.9927808929334787,1.7920020754210166,2.2629306006957735,0.4777777777777778,0.0662708520724425,0.28168016425141407,0.9376558603491272
A,oracle_voc,0.0005623413251903491,720,2.1305196442310033,1.8767280255610186,2.4143785484143243,0.45,0.06208087356699837,0.2766649717541946,0.9875311720698254
A,oracle_voc,0.0007498942093324559,720,2.1459318746840625,1.8963451321994054,2.42383900849108,0.4444444444444444,0.06162450950227686,0.2762341708430843,0.9975062344139651
A,oracle_voc,0.001,720,2.1459318746840625,1.8963451321994054,2.42383900849108,0.4444444444444444,0.06162450950227686,0.2762341708430843,0.9975062344139651
A,oracle_voc,0.001333521432163324,720,2.1459318746840625,1.8963451321994054,2.42383900849108,0.4444444444444444,0.06162450950227686,0.2762341708430843,0.9975062344139651
A,oracle_voc,0.0017782794100389228,720,2.1459318746840625,1.8963451321994054,2.42383900849108,0.4444444444444444,0.06162450950227686,0.2762341708430843,0.9975062344139651
A,oracle_voc,0.0023713737056616554,720,2.1459318746840625,1.8963451321994054,2.42383900849108,0.4444444444444444,0.06162450950227686,0.2762341708430843,0.9975062344139651
A,oracle_voc,0.0031622776601683794,720,2.1459318746840625,1.8963451321994054,2.42383900849108,0.4444444444444444,0.06162450950227686,0.2762341708430843,0.9975062344139651
A,oracle_voc,0.004216965034285822,720,2.732706702609333,1.9597768704147729,3.8324838744245584,0.44305555555555554,0.06138876398493412,0.2735849508319714,1.0
A,oracle_voc,0.005623413251903491,720,2.732706702609333,1.9597768704147729,3.8324838744245584,0.44305555555555554,0.06138876398493412,0.2735849508319714,1.0
A,oracle_voc,0.007498942093324558,720,2.732706702609333,1.9597768704147729,3.8324838744245584,0.44305555555555554,0.06138876398493412,0.2735849508319714,1.0
A,oracle_voc,0.01,720,2.732706702609333,1.9597768704147729,3.8324838744245584,0.44305555555555554,0.06138876398493412,0.2735849508319714,1.0
B,uniform_coarse,0.0,720,22.465413054363733,19.53893679628035,25.900088597050903,0.13472222222222222,0.019834967016673043,0.562323302976453,1.0
B,uniform_medium,1.0,720,8.321793878305328,5.936303140239899,11.585720981013962,0.2722222222222222,0.06258873746519221,0.2917490610666795,1.0
B,uniform_fine,2.0,720,0.00012060469807178797,8.1899610303799e-05,0.0001711697367720532,1.0,1.0,7.159073996487612,0.0
B,random,0.0,720,8.321793878305328,5.936303140239899,11.585720981013962,0.2722222222222222,0.06258873746519221,0.2917490610666795,1.0
B,random,1.0,720,6.69841852369519,4.439164455319289,9.642215728585875,0.4305555555555556,0.20771635845985476,1.4153490051626756,0.0
B,random,2.0,720,3.334902885017488,2.226067479508359,4.63618727218864,0.6222222222222222,0.3976358853724365,2.676284183970903,0.0
B,random,3.0,720,1.4354612719249706,0.965241614663614,2.161526122753035,0.8097222222222222,0.6733939231994348,4.905678458376441,0.0
B,random,4.0,720,0.00012060469807178797,8.1899610303799e-05,0.0001711697367720532,1.0,1.0,7.159073996487612,0.0
B,share,0.0,720,8.321793878305328,5.936303140239899,11.585720981013962,0.2722222222222222,0.06258873746519221,0.2917490610666795,1.0
B,share,1.0,720,5.029543682657445,2.7537057617300644,8.223730482674918,0.6305555555555555,0.19813515306927865,1.253539300773779,0.0
B,share,2.0,720,0.7777475999271176,0.6128925330511164,0.9274247078218955,0.8333333333333334,0.4134875237630973,1.689255382445966,0.0
B,share,3.0,720,0.5774845097425823,0.4660821200530225,0.6798905490216127,0.8625,0.502949268013758,2.09818658415274,0.0
B,share,4.0,720,0.00012060469807178797,8.1899610303799e-05,0.0001711697367720532,1.0,1.0625887374651923,7.450823057554292,0.0
B,discrepancy,0.01,720,1.1132331130003275,0.11934588891844332,2.8960808454423477,0.9666666666666667,1.018543825888455,7.696018817211315,0.0
B,discrepancy,0.020000000000000004,720,1.1602836136008368,0.15949458176266676,2.9323802281415885,0.9597222222222223,1.0016101436048817,7.533498610130801,0.0
B,discrepancy,0.030000000000000006,720,2.2894542540988727,0.6323416610399388,5.041710729475452,0.95,0.9630327983886505,7.410707736168211,0.0057251908396946565
B,discrepancy,0.04000000000000001,720,2.2894542815865218,0.632341659645996,5.041710805281019,0.95,0.9265807977864325,7.354962087991812,0.02862595419847328
B,discrepancy,0.05000000000000001,720,2.3301362623990647,0.6552967543943636,5.051386830408402,0.9444444444444444,0.9098735666603138,7.241457941950097,0.03435114503816794
B,discrepancy,0.06000000000000001,720,2.3689908599523033,0.6776073311198693,5.064918320268803,0.9402777777777778,0.8919393762511457,7.0653961729972705,0.04007633587786259
B,discrepancy,0.07,720,3.4575692880453133,1.1827992701480998,6.558287092497908,0.9263888888888889,0.8699895675041034,6.8628392251529124,0.05725190839694656
B,discrepancy,0.08,720,3.457569491100531,1.182799369901246,6.5582875389089255,0.9263888888888889,0.8594982092097811,6.857236527465476,0.05916030534351145
B,discrepancy,0.09000000000000001,720,3.458697153775504,1.1836832755227462,6.559572438317075,0.9263888888888889,0.8474591541372124,6.782639879797474,0.06870229007633588
B,discrepancy,0.1,720,3.497246582966225,1.1883868467101557,6.593231006621622,0.9222222222222223,0.8400118692343357,6.745218330446141,0.06870229007633588
B,discrepancy,0.15,720,4.1470504182773285,1.9228632709148452,7.158498636061847,0.8583333333333333,0.7960711626459215,6.601626298230793,0.07824427480916031
B,discrepancy,0.19999999999999998,720,4.284171589186323,2.0185756017716137,7.252497363144423,0.8444444444444444,0.7622997178314396,6.569125014312617,0.07824427480916031
B,discrepancy,0.25,720,4.311046473105725,2.0464582457578824,7.285649392469044,0.8375,0.7490551043894988,6.485301831783398,0.07824427480916031
B,discrepancy,0.3,720,4.375942305857228,2.095936403080647,7.36086112549017,0.8291666666666667,0.7362127738002461,6.468051452888969,0.07824427480916031
B,discrepancy,0.35,720,4.5562657932677935,2.2192549290434314,7.515264415919157,0.8013888888888889,0.7168392791966839,6.441620606980647,0.08778625954198473
B,discrepancy,0.39999999999999997,720,4.661441382902171,2.3218506636133456,7.623892837244171,0.7875,0.6983287331021882,6.425884861027801,0.08778625954198473
B,discrepancy,0.44999999999999996,720,4.742801017001952,2.3860310926105113,7.729165735308868,0.7833333333333333,0.685855300472413,6.412213501761122,0.08778625954198473
B,discrepancy,0.5,720,4.805196052303111,2.4288902837254485,7.787360317197088,0.775,0.6774061926710628,6.374578561047242,0.08778625954198473
B,discrepancy,0.5499999999999999,720,4.829790084656475,2.4499004953755015,7.8149403816717316,0.7652777777777777,0.6705756902722558,6.3365920647944876,0.09351145038167939
B,discrepancy,0.6,720,4.855679655112938,2.471923609847733,7.848525676857867,0.7541666666666667,0.6635089211545131,6.329870367477805,0.10877862595419847
B,discrepancy,0.6499999999999999,720,4.866502696892919,2.4857315332956795,7.860043216036686,0.75,0.6597065256465958,6.326338749765308,0.11450381679389313
B,discrepancy,0.7,720,4.866502723641109,2.4857315500578236,7.860043240199891,0.75,0.6542899176908199,6.286121752898624,0.11450381679389313
B,discrepancy,0.75,720,4.953760632259547,2.6064096729162802,8.004940128413757,0.7402777777777778,0.6416725487218884,6.22487866985697,0.1183206106870229
B,discrepancy,0.7999999999999999,720,5.072753337774918,2.745808075244929,8.132973532820834,0.7208333333333333,0.6257004111865747,6.09644695566812,0.13549618320610687
B,discrepancy,0.85,720,5.11855111670086,2.802477346295466,8.176866760827657,0.7125,0.6126348885199092,6.035939819748697,0.15267175572519084
B,discrepancy,0.8999999999999999,720,5.1422523281785075,2.8200094500201427,8.206416037928548,0.7055555555555556,0.6069934116042557,6.0013971078681605,0.15839694656488548
B,discrepancy,0.95,720,5.158592303330711,2.8343356184855124,8.218452232047655,0.7013888888888888,0.6008991024542103,5.99582188084735,0.17557251908396945
B,sensitivity,0.01,720,4.491897695108087,2.2157544911265625,7.5897134130925,0.8125,0.6254883046767942,5.195693364586542,0.25
B,sensitivity,0.020000000000000004,720,4.609075939696552,2.3365472638891616,7.67381942515092,0.8,0.6171097641709224,5.034047150403174,0.25
B,sensitivity,0.030000000000000006,720,4.718651034001661,2.433138579914264,7.761665102475793,0.7888888888888889,0.6105161201076886,4.902359752000403,0.25
B,sensitivity,0.04000000000000001,720,4.740998998584202,2.4476553719338687,7.7695338946898405,0.7861111111111111,0.6048373633437056,4.802144277604591,0.25
B,sensitivity,0.05000000000000001,720,4.773429299540675,2.5247400473070067,7.802058384324432,0.7819444444444444,0.5995536936295948,4.716267252542108,0.25
B,sensitivity,0.06000000000000001,720,4.800481230757618,2.5796145195936457,7.832898682579314,0.7791666666666667,0.5895215004673225,4.500815981382402,0.25
B,sensitivity,0.07,720,4.8601495417323894,2.6190558717113146,7.86431251894567,0.7722222222222223,0.583056646309655,4.34453655498103,0.25
B,sensitivity,0.08,720,4.860186206686445,2.619085234514038,7.86433554675389,0.7722222222222223,0.5776570902366831,4.23146378594354,0.25
B,sensitivity,0.09000000000000001,720,4.87816809815476,2.654790105586955,7.8814186259292605,0.7708333333333334,0.576195087165888,4.212643037060217,0.25
B,sensitivity,0.1,720,4.878240833757807,2.6548151836960523,7.881479163462453,0.7708333333333334,0.571695497750949,4.122464180704643,0.25
B,sensitivity,0.15,720,4.954916297797543,2.756680081652388,7.949239867308931,0.7625,0.5616078737599521,3.93186764537827,0.25
B,sensitivity,0.19999999999999998,720,5.05386183832583,2.8517420935871107,8.049884659918861,0.7486111111111111,0.5481562663972901,3.734111288761637,0.25
B,sensitivity,0.25,720,5.072920333459189,2.864018314516236,8.055301875617054,0.7416666666666667,0.5420220264893217,3.660191544678279,0.25
B,sensitivity,0.3,720,5.083084147497781,2.8747035419004265,8.06594992337828,0.7375,0.5395656970981954,3.6250388928394286,0.25
B,sensitivity,0.35,720,5.124975849218861,2.914641822821874,8.108170683494421,0.7319444444444444,0.5362005101559768,3.592128976529678,0.25
B,sensitivity,0.39999999999999997,720,5.14560010631707,2.933616518982327,8.148759037364568,0.7305555555555555,0.5341598959358862,3.5670087848519163,0.25
B,sensitivity,0.44999999999999996,720,5.197691330416352,2.974138102685636,8.17722331380222,0.7263888888888889,0.5301673055917734,3.513561234486633,0.25
B,sensitivity,0.5,720,5.221441330958768,2.9978881035139415,8.18969206490048,0.725,0.529166342514634,3.4931554758907826,0.25
B,sensitivity,0.5499999999999999,720,5.224072732697113,3.0019280414604874,8.191711437177025,0.7236111111111111,0.5274267901152263,3.4746705586338673,0.25
B,sensitivity,0.6,720,5.243031281018286,3.04826852480621,8.210669985498198,0.7222222222222222,0.5268396481545665,3.4641597832435966,0.25
B,sensitivity,0.6499999999999999,720,5.243031279369088,3.04826852237258,8.21066998544667,0.7222222222222222,0.5261783014619883,3.4494166850213537,0.25
B,sensitivity,0.7,720,5.243031279307618,3.04826852231111,8.210669985388273,0.7222222222222222,0.5258706644544241,3.4419564168755237,0.25
B,sensitivity,0.75,720,5.243031277502229,3.048268519408213,8.210669982821697,0.7222222222222222,0.525522952304139,3.4321227477060954,0.25
B,sensitivity,0.7999999999999999,720,5.243031277391241,3.048268519355494,8.210669982821697,0.7222222222222222,0.5252322512917315,3.426934060501925,0.25
B,sensitivity,0.85,720,5.243031276263741,3.0482685181779727,8.210669982279782,0.7222222222222222,0.524937996687163,3.4199399516644258,0.25
B,sensitivity,0.8999999999999999,720,5.268893348362098,3.06184610744649,8.259376456395355,0.7208333333333333,0.5242776266552873,3.409060725211657,0.25
B,sensitivity,0.95,720,5.282387819278167,3.0753405722211435,8.272730763949916,0.7180555555555556,0.5235922069765154,3.396168648947772,0.25
B,novelty,0.5,720,2.236184133818417,1.927173424994838,2.5362786576300693,0.6430555555555556,0.5495418280820257,5.224588567840338,0.36450381679389315
B,novelty,0.75,720,6.2252361844400035,4.301462869196311,8.971455031059872,0.4597222222222222,0.3274547956824182,3.435491994954176,0.6316793893129771
B,novelty,0.9,720,7.614453994441366,5.232898150159316,10.856828637034248,0.3819444444444444,0.21487070987926596,2.289867805915229,0.7614503816793893
B,novelty,0.95,720,7.966556585865836,5.576347726327061,11.221545743968955,0.325,0.1567867043772829,1.7253641548486434,0.8473282442748091
B,novelty,0.99,720,8.066685395460393,5.7046545832535,11.346219561884238,0.30833333333333335,0.10694653482477524,1.171366249626408,0.9293893129770993
B,uncertainty,0.01,720,0.00234402796083201,0.00012357130984302184,0.008118893985512205,0.9986111111111111,0.9107013778148055,6.706413601632009,0.0
B,uncertainty,0.020000000000000004,720,0.004716911661249755,0.0006837511979026603,0.011034336984854249,0.9986111111111111,0.8317141487213727,6.155008411276458,0.0
B,uncertainty,0.030000000000000006,720,0.004743784873463628,0.0006996543087318456,0.011044436971666922,0.9986111111111111,0.7884056146059127,5.862360276594457,0.0
B,uncertainty,0.04000000000000001,720,0.004776749447531136,0.0007403136415421262,0.01108802526164061,0.9986111111111111,0.7564562439359862,5.526848144683309,0.0
B,uncertainty,0.05000000000000001,720,0.005017170626633213,0.0010096573863395278,0.011316472404925604,0.9986111111111111,0.721414218330849,5.2291553215236135,0.0
B,uncertainty,0.06000000000000001,720,0.006503317828569249,0.0017163491816276802,0.013031480575293875,0.9972222222222222,0.6986012332788518,4.975873476163931,0.0
B,uncertainty,0.07,720,0.008181019416616865,0.0020530383343403454,0.014551550121322044,0.9972222222222222,0.6810399331352004,4.744862817552868,0.0
B,uncertainty,0.08,720,0.01107146299458559,0.004144017749623891,0.017651425375064214,0.9958333333333333,0.6576062202252625,4.534741758136231,0.0
B,uncertainty,0.09000000000000001,720,0.021563581034767385,0.006437779395344426,0.04565565522057915,0.9944444444444445,0.6431089844943131,4.311597303598713,0.0
B,uncertainty,0.1,720,0.021607121616183667,0.006495400225885717,0.04569946528607457,0.9944444444444445,0.6295134024700616,4.180496990727877,0.0
B,uncertainty,0.15,720,0.07497984146928655,0.026284772459294097,0.13147519294433202,0.9861111111111112,0.577577077013838,3.5131742513486994,0.0
B,uncertainty,0.19999999999999998,720,0.10195214187586148,0.04560365238937307,0.17361549524013578,0.9805555555555555,0.5341725817225915,2.9766654582612064,0.0
B,uncertainty,0.25,720,0.10806234518828667,0.050440734578406345,0.18038614019436244,0.9791666666666666,0.5080113892779566,2.744921662247331,0.0
B,uncertainty,0.3,720,0.1087980608521965,0.05082668870513779,0.18174236334700702,0.9791666666666666,0.4947678144046438,2.611620814727874,0.0
B,uncertainty,0.35,720,0.11847124269340531,0.06091621077977682,0.18973571816645238,0.9763888888888889,0.4843096971017672,2.470860689832034,0.0
B,uncertainty,0.39999999999999997,720,0.11975783002506166,0.06169517303089524,0.19090313734004424,0.9763888888888889,0.4678271148958989,2.292264992637582,0.0
B,uncertainty,0.44999999999999996,720,0.12095284627788114,0.06370630110657971,0.19130165034242688,0.9763888888888889,0.45795434517153927,2.127495575358408,0.0
B,uncertainty,0.5,720,0.12416470546845873,0.06523709701619879,0.19440054380642577,0.9763888888888889,0.441894201040184,2.0154597208139773,0.0
B,uncertainty,0.5499999999999999,720,0.1246333262726236,0.06640654792777838,0.19464657956925144,0.9763888888888889,0.42947222553718306,1.919737866726483,0.0
B,uncertainty,0.6,720,0.13584706204959257,0.07652745215619879,0.2046349428830059,0.9722222222222222,0.420520873093321,1.8035621835778886,0.0
B,uncertainty,0.6499999999999999,720,0.15459879270757917,0.08245939209170493,0.23562226002787598,0.9708333333333333,0.41361128621649673,1.7713882966945573,0.0
B,uncertainty,0.7,720,0.1774783493328591,0.09544841445683165,0.2613897859213523,0.9680555555555556,0.40496691615749875,1.7330851539445524,0.0
B,uncertainty,0.75,720,0.17747832168938962,0.09544837361487703,0.261389756732514,0.9680555555555556,0.4006417043161421,1.7059890785278742,0.0
B,uncertainty,0.7999999999999999,720,0.19250029088409204,0.1154562606305145,0.28275406855152485,0.9652777777777778,0.3982560132469623,1.7007081046084345,0.0
B,uncertainty,0.85,720,0.19806065487327038,0.12463039284783722,0.2875150842636138,0.9638888888888889,0.3946127396478764,1.6372165376042682,0.0
B,uncertainty,0.8999999999999999,720,0.20021109457717737,0.12749917149177326,0.289383020547815,0.9625,0.389551166440085,1.6251442961292974,0.0
B,uncertainty,0.95,720,0.21125371514118052,0.13352439485207035,0.30230403098734343,0.9597222222222223,0.3870413222512837,1.5996011593820791,0.0
B,uncertainty_per_cost,0.0,720,0.00012060469807178797,8.1899610303799e-05,0.0001711697367720532,1.0,1.0625887374651923,7.450823057554292,0.0
B,uncertainty_per_cost,1e-08,720,0.0009776044485550629,0.00013512275549729181,0.0025714319120411933,1.0,1.0469599096437496,7.127090718732047,0.0
B,uncertainty_per_cost,1.333521432163324e-08,720,0.0010679686233683544,0.0002115017658100097,0.002682986959155818,1.0,1.034752526897401,6.8147278096264925,0.0
B,uncertainty_per_cost,1.7782794100389228e-08,720,0.0011266294795922711,0.0002561857389264896,0.002738266092181105,1.0,1.0178021528252608,6.406740225629281,0.0
B,uncertainty_per_cost,2.371373705661655e-08,720,0.0012179024573081446,0.00029296740741852073,0.0028847898996230627,1.0,1.0076036751979514,6.149632201220948,0.0
B,uncertainty_per_cost,3.162277660168379e-08,720,0.001233464126149444,0.00030474148413612017,0.0029011725099386343,1.0,0.9896428109422841,5.759968712305716,0.0
B,uncertainty_per_cost,4.2169650342858225e-08,720,0.0014112336010960755,0.0004054741952177548,0.003080933614191227,1.0,0.9689618141931489,5.303694752833502,0.0
B,uncertainty_per_cost,5.6234132519034905e-08,720,0.001920153870352604,0.000585962054579073,0.0038302573884206282,1.0,0.9458110565349601,4.78007589441264,0.0
B,uncertainty_per_cost,7.498942093324559e-08,720,0.0022776711711868804,0.0009551226610931611,0.004189214086497198,1.0,0.9279140877457916,4.33517405230011,0.0
B,uncertainty_per_cost,1e-07,720,0.010378682684017124,0.004025640735753844,0.02007499499110997,0.9958333333333333,0.9060449880494245,4.026524712513952,0.0
B,uncertainty_per_cost,1.333521432163324e-07,720,0.010468722798014703,0.004129263427525523,0.020127379914899445,0.9958333333333333,0.8680253972743046,3.7691664385445316,0.0019083969465648854
B,uncertainty_per_cost,1.7782794100389227e-07,720,0.029637454789337086,0.014940041630315074,0.05031454404584419,0.9902777777777778,0.8164511879285925,3.359383107262612,0.0019083969465648854
B,uncertainty_per_cost,2.3713737056616554e-07,720,0.05736558257996162,0.029576105557277722,0.08719209561521675,0.9819444444444444,0.7707780065753184,3.0270337947209502,0.0057251908396946565
B,uncertainty_per_cost,3.162277660168379e-07,720,0.08968563884586703,0.05782604169516863,0.12522738712560702,0.9680555555555556,0.7224233167136093,2.647440493855654,0.011450381679389313
B,uncertainty_per_cost,4.2169650342858225e-07,720,0.13932993354203307,0.09844157127203484,0.17842928037159178,0.9513888888888888,0.6610051513260448,2.3609567973751333,0.02862595419847328
B,uncertainty_per_cost,5.62341325190349e-07,720,0.22639671559589003,0.16428622255538078,0.2892914509010108,0.9263888888888889,0.5637110378520063,1.865459466718236,0.061068702290076333
B,uncertainty_per_cost,7.498942093324558e-07,720,0.28300477409931757,0.21160833510565008,0.3549437782956801,0.9125,0.5223164369660384,1.619054858586292,0.08015267175572519
B,uncertainty_per_cost,1e-06,720,0.36256849208219066,0.2812669795346609,0.44708635328413077,0.8888888888888888,0.48104451931360404,1.443599914202898,0.11259541984732824
B,uncertainty_per_cost,1.333521432163324e-06,720,0.4526197762815869,0.3522942795320502,0.5432309163303057,0.8666666666666667,0.438726287209743,1.262819571622352,0.15648854961832062
B,uncertainty_per_cost,1.7782794100389227e-06,720,0.5756701687412868,0.45465571845514413,0.6898544228400727,0.8375,0.39218523957804535,1.1149690574862334,0.18702290076335878
B,uncertainty_per_cost,2.3713737056616552e-06,720,0.8310554684522338,0.6586820707777297,0.9794310308697529,0.8,0.3514619307965836,0.9648109655723652,0.24618320610687022
B,uncertainty_per_cost,3.162277660168379e-06,720,1.0491215611118347,0.8648823798840519,1.2242303043423624,0.7666666666666667,0.31712476965802694,0.8591786353806381,0.2900763358778626
B,uncertainty_per_cost,4.216965034285822e-06,720,1.3558353173765538,1.1467304274889685,1.536610235140884,0.7069444444444445,0.2699902705220965,0.7357423399945118,0.3606870229007634
B,uncertainty_per_cost,5.623413251903491e-06,720,1.7017194261471422,1.4689331932825775,1.9196900005794417,0.6541666666666667,0.2333386534926904,0.6563948270931228,0.42366412213740456
B,uncertainty_per_cost,7.498942093324558e-06,720,1.9970271384215057,1.7535138379884316,2.26313745924654,0.6041666666666666,0.20195929686646227,0.5987190388056307,0.48854961832061067
B,uncertainty_per_cost,9.999999999999999e-06,720,2.4929373295486164,2.20008419917294,2.7848790152319376,0.5347222222222222,0.164019146917908,0.49567847672921944,0.5935114503816794
B,uncertainty_per_cost,1.333521432163324e-05,720,2.8355302373088995,2.5572470568254166,3.11421879552231,0.4652777777777778,0.13459924076780533,0.4429684986431362,0.6984732824427481
B,uncertainty_per_cost,1.778279410038923e-05,720,3.2150450219896403,2.8926160164548667,3.4856127471463267,0.4097222222222222,0.11510459651584899,0.40216775594174375,0.7824427480916031
B,uncertainty_per_cost,2.3713737056616554e-05,720,3.607044111599443,3.2631609741609955,3.9002274863511492,0.37083333333333335,0.09837604760945638,0.37855768591952155,0.8320610687022901
B,uncertainty_per_cost,3.1622776601683795e-05,720,4.013537481704033,3.6757718450523855,4.329247601449856,0.3347222222222222,0.08765621925740286,0.3641736392167281,0.8912213740458015
B,uncertainty_per_cost,4.216965034285822e-05,720,4.276174706498518,3.8988257405285838,4.642063986533422,0.30972222222222223,0.07875253262582486,0.33926333776393625,0.9293893129770993
B,uncertainty_per_cost,5.623413251903491e-05,720,4.449263765580688,4.050163126494773,4.835131903379919,0.2986111111111111,0.07596183222080728,0.33598599056115036,0.9541984732824428
B,uncertainty_per_cost,7.498942093324559e-05,720,4.493563737585113,4.088107062256144,4.884916938584209,0.2916666666666667,0.07095425949891217,0.3279139659972619,0.9656488549618321
B,uncertainty_per_cost,0.0001,720,4.836632362225684,4.27013215435604,5.650847128409732,0.2875,0.06886469342337767,0.31790411203893804,0.9713740458015268
B,uncertainty_per_cost,0.0001333521432163324,720,4.885861246251567,4.292020875105285,5.698439390543719,0.2833333333333333,0.06633493039758054,0.3153452676333725,0.9770992366412213
B,uncertainty_per_cost,0.00017782794100389227,720,5.578067023746701,4.574538965198535,7.006933174098709,0.28055555555555556,0.06570169015521045,0.31030755578753494,0.9809160305343512
B,uncertainty_per_cost,0.0002371373705661655,720,5.60408554226522,4.603195144005017,7.009960422935782,0.2791666666666667,0.06480560459880251,0.30902724438335805,0.982824427480916
B,uncertainty_per_cost,0.00031622776601683794,720,5.614918875598553,4.619715977338351,7.025397922935783,0.2777777777777778,0.0644808049016769,0.3065241676528027,0.9847328244274809
B,uncertainty_per_cost,0.00042169650342858224,720,5.614918876749992,4.619715978979151,7.025397922935783,0.2777777777777778,0.06426686239520674,0.30633705894446295,0.9866412213740458
B,uncertainty_per_cost,0.0005623413251903491,720,7.645613321194436,5.231550344399979,10.372650243061232,0.27361111111111114,0.06360030642054544,0.29506533278890856,0.9923664122137404
B,uncertainty_per_cost,0.0007498942093324559,720,7.645613321194436,5.231550344399979,10.372650243061232,0.27361111111111114,0.06300368724407825,0.29402563780279506,0.9923664122137404
B,uncertainty_per_cost,0.001,720,8.321793876749991,5.936303137129226,11.585720977903291,0.2722222222222222,0.0627892289928083,0.29193147807918146,0.9942748091603053
B,uncertainty_per_cost,0.001333521432163324,720,8.321793876749991,5.936303137129226,11.585720977903291,0.2722222222222222,0.0627892289928083,0.29193147807918146,0.9942748091603053
B,uncertainty_per_cost,0.0017782794100389228,720,8.321793876749991,5.936303137129226,11.585720977903291,0.2722222222222222,0.0627892289928083,0.29193147807918146,0.9942748091603053
B,uncertainty_per_cost,0.0023713737056616554,720,8.321793876749991,5.936303137129226,11.585720977903291,0.2722222222222222,0.0627892289928083,0.29193147807918146,0.9942748091603053
B,uncertainty_per_cost,0.0031622776601683794,720,8.321793876749991,5.936303137129226,11.585720977903291,0.2722222222222222,0.0627892289928083,0.29193147807918146,0.9942748091603053
B,uncertainty_per_cost,0.004216965034285822,720,8.321793876749991,5.936303137129226,11.585720977903291,0.2722222222222222,0.0627892289928083,0.29193147807918146,0.9942748091603053
B,uncertainty_per_cost,0.005623413251903491,720,8.321793878305328,5.936303140239899,11.585720981013962,0.2722222222222222,0.06258873746519221,0.2917490610666795,1.0
B,uncertainty_per_cost,0.007498942093324558,720,8.321793878305328,5.936303140239899,11.585720981013962,0.2722222222222222,0.06258873746519221,0.2917490610666795,1.0
B,uncertainty_per_cost,0.01,720,8.321793878305328,5.936303140239899,11.585720981013962,0.2722222222222222,0.06258873746519221,0.2917490610666795,1.0
B,fullstate_voc,0.0,720,0.417029097903444,0.30824278602523253,0.5235794491673318,0.8875,0.6381413596195332,6.132788167002905,0.0
B,fullstate_voc,1e-08,720,0.4173326229544173,0.30839103879765756,0.5237226306205182,0.8875,0.6329451363058698,6.054762311926505,0.0
B,fullstate_voc,1.333521432163324e-08,720,0.4175354157282594,0.30839103879736296,0.5238290968266398,0.8875,0.6302380860165376,6.0502246614418,0.0
B,fullstate_voc,1.7782794100389228e-08,720,0.41760534065649757,0.3084934644774628,0.5238658063362326,0.8875,0.6301342427821527,6.049237924608441,0.0
B,fullstate_voc,2.371373705661655e-08,720,0.4176056784864945,0.3084938034781098,0.5238661317343488,0.8875,0.6285324883715918,6.020436568184838,0.0
B,fullstate_voc,3.162277660168379e-08,720,0.41760644921371287,0.3084942984197235,0.5238671063125717,0.8875,0.6225178781027919,5.914057743775109,0.0
B,fullstate_voc,4.2169650342858225e-08,720,0.4255327965077588,0.32022402909585035,0.5352228257823269,0.8847222222222222,0.6045007086425678,5.589565594575172,0.0
B,fullstate_voc,5.6234132519034905e-08,720,0.4255350412680493,0.3202263624813248,0.5352253907178935,0.8847222222222222,0.596004157942535,5.4674132367418675,0.0
B,fullstate_voc,7.498942093324559e-08,720,0.42553412171857696,0.32022486114020887,0.5352247394825151,0.8847222222222222,0.5864742845297083,5.288132213859944,0.0
B,fullstate_voc,1e-07,720,0.42553459695094376,0.320225066576669,0.5352253119459548,0.8847222222222222,0.5779478275794091,5.247469729005691,0.0
B,fullstate_voc,1.333521432163324e-07,720,0.42938790388238757,0.32245674774534194,0.5381696918086663,0.8833333333333333,0.5634546965956235,5.113466397036235,0.0
B,fullstate_voc,1.7782794100389227e-07,720,0.4398101871554357,0.33377376552147886,0.5488775624137998,0.8805555555555555,0.5532267571589883,4.94848243578208,0.0
B,fullstate_voc,2.3713737056616554e-07,720,0.4477153318062696,0.34057457396526103,0.5593389067294456,0.8763888888888889,0.5395130021965074,4.788686100958471,0.0
B,fullstate_voc,3.162277660168379e-07,720,0.46136968629296876,0.3499687763820132,0.5743651775037052,0.8694444444444445,0.5206235437337456,4.438907161776509,0.0
B,fullstate_voc,4.2169650342858225e-07,720,0.49148288622854996,0.3764785422470561,0.6129331412745488,0.8625,0.49006969568567865,3.8574490862612643,0.0
B,fullstate_voc,5.62341325190349e-07,720,0.4930511095698391,0.3774150947525544,0.6143030979681166,0.8625,0.4804324971084341,3.645429640941807,0.0
B,fullstate_voc,7.498942093324558e-07,720,0.49773412897617014,0.3816873363910769,0.61918051620504,0.8625,0.4542451785196951,3.171983694661286,0.0
B,fullstate_voc,1e-06,720,0.5210579132376479,0.40120276570025887,0.6432552021947953,0.8555555555555555,0.4287083428557829,2.6480415171307414,0.0
B,fullstate_voc,1.333521432163324e-06,720,0.5433633327087789,0.4180089099879323,0.6684523758301243,0.85,0.399297237662288,2.2134799325321484,0.0
B,fullstate_voc,1.7782794100389227e-06,720,0.5794189565015558,0.4451269495720093,0.7122987634366768,0.8430555555555556,0.3724972523430669,1.8320668527001949,0.0
B,fullstate_voc,2.3713737056616552e-06,720,0.6052260177853089,0.46595465974472117,0.7469089586644863,0.8388888888888889,0.36228775811269703,1.743676561743233,0.0
B,fullstate_voc,3.162277660168379e-06,720,0.6063153732206332,0.4670298061061393,0.7473702768360636,0.8388888888888889,0.35486500354802586,1.6224327344890046,0.0
B,fullstate_voc,4.216965034285822e-06,720,0.6068185344144963,0.46706492135414757,0.7476857762867711,0.8388888888888889,0.3476834383293657,1.5051709761417897,0.0
B,fullstate_voc,5.623413251903491e-06,720,0.6075136115872359,0.4673950830041983,0.747685775864887,0.8388888888888889,0.34631692135384184,1.5022230980918063,0.0
B,fullstate_voc,7.498942093324558e-06,720,0.6226642784148506,0.4767967847167618,0.7658514296505844,0.8347222222222223,0.3418651669901925,1.495539784965422,0.0
B,fullstate_voc,9.999999999999999e-06,720,0.6650100295935043,0.5123252462746756,0.8108358115354738,0.8305555555555556,0.34000100608451644,1.46150092423625,0.007633587786259542
B,fullstate_voc,1.333521432163324e-05,720,0.7435320740775593,0.5737265255437449,0.8954219845467425,0.8222222222222222,0.335150075313773,1.4019144628890192,0.02099236641221374
B,fullstate_voc,1.778279410038923e-05,720,0.8011809602255204,0.6286243238898169,0.9740559267967344,0.8097222222222222,0.3265339878805143,1.37076893214178,0.03625954198473282
B,fullstate_voc,2.3713737056616554e-05,720,1.1481751476519897,0.9333536437109556,1.3482187414672662,0.7555555555555555,0.2807251902313102,1.2632437570028894,0.04961832061068702
B,fullstate_voc,3.1622776601683795e-05,720,1.4266222968100994,1.186079157882319,1.6283375184762159,0.6902777777777778,0.23559615284473745,1.062482769423645,0.10305343511450382
B,fullstate_voc,4.216965034285822e-05,720,3.6595470709574784,2.036239374196627,5.67392162103284,0.6083333333333333,0.19463603976749455,0.7717539772125596,0.20419847328244276
B,fullstate_voc,5.623413251903491e-05,720,4.140319447557566,2.4906035056775484,6.15443371867998,0.5347222222222222,0.17593343250864635,0.5352781495013763,0.30916030534351147
B,fullstate_voc,7.498942093324559e-05,720,5.284229731151292,3.062928021062511,7.9815391640632285,0.5138888888888888,0.17192752951182486,0.490509472898571,0.3377862595419847
B,fullstate_voc,0.0001,720,6.517796545381761,4.101556184263541,9.71738780991458,0.4875,0.15965517571349153,0.40823832851385,0.37786259541984735
B,fullstate_voc,0.0001333521432163324,720,6.624665950295488,4.192079206752153,9.809398203843703,0.4736111111111111,0.15530446389967495,0.3809105670402308,0.3969465648854962
B,fullstate_voc,0.00017782794100389227,720,6.728509453577173,4.286638442796538,9.905051043575988,0.45694444444444443,0.14520459021716048,0.37159906467913467,0.3969465648854962
B,fullstate_voc,0.0002371373705661655,720,6.9141692357394975,4.45368383469562,10.089818405670131,0.4236111111111111,0.13284138388754843,0.3601091190138555,0.41030534351145037
B,fullstate_voc,0.00031622776601683794,720,6.96870105377404,4.480636222503614,10.13710950125068,0.4166666666666667,0.12594889410804477,0.35407362043473667,0.44274809160305345
B,fullstate_voc,0.00042169650342858224,720,7.362604787536806,4.904922478817182,10.557906403417716,0.37083333333333335,0.11727913189969591,0.34773909951809906,0.4866412213740458
B,fullstate_voc,0.0005623413251903491,720,7.460645433743522,4.975524319412299,10.68637660438256,0.35833333333333334,0.11399507120623428,0.34464010727919636,0.5133587786259542
B,fullstate_voc,0.0007498942093324559,720,8.071843329443066,5.677409449556343,11.303921302409734,0.2972222222222222,0.09302808349106692,0.3231464464596583,0.6793893129770993
B,fullstate_voc,0.001,720,8.321793987454532,5.936303149837881,11.585721096097812,0.2722222222222222,0.08273383823799335,0.3119700919096532,0.7824427480916031
B,fullstate_voc,0.001333521432163324,720,8.321793884561837,5.9363031342010615,11.585720989926637,0.2722222222222222,0.07425676946311059,0.30364094634579586,0.8645038167938931
B,fullstate_voc,0.0017782794100389228,720,8.321793875557665,5.936303135651651,11.58572097637087,0.2722222222222222,0.06610651872257137,0.29562772929167397,0.9484732824427481
B,fullstate_voc,0.0023713737056616554,720,8.321793878305328,5.936303140239899,11.585720981013962,0.2722222222222222,0.06258873746519221,0.2917490610666795,1.0
B,fullstate_voc,0.0031622776601683794,720,8.321793878305328,5.936303140239899,11.585720981013962,0.2722222222222222,0.06258873746519221,0.2917490610666795,1.0
B,fullstate_voc,0.004216965034285822,720,8.321793878305328,5.936303140239899,11.585720981013962,0.2722222222222222,0.06258873746519221,0.2917490610666795,1.0
B,fullstate_voc,0.005623413251903491,720,8.321793878305328,5.936303140239899,11.585720981013962,0.2722222222222222,0.06258873746519221,0.2917490610666795,1.0
B,fullstate_voc,0.007498942093324558,720,8.321793878305328,5.936303140239899,11.585720981013962,0.2722222222222222,0.06258873746519221,0.2917490610666795,1.0
B,fullstate_voc,0.01,720,8.321793878305328,5.936303140239899,11.585720981013962,0.2722222222222222,0.06258873746519221,0.2917490610666795,1.0
B,voc,0.0,720,0.00034075555824256625,0.00020342127942597668,0.0005366989709678404,1.0,0.7687454522922926,5.628356458114048,0.0
B,hybrid,0.0,720,0.8082599246345908,0.677513763278677,0.9552556838465315,0.8194444444444444,0.35005656045024347,1.6952530422293572,0.06870229007633588
B,voc,1e-08,720,0.0004025734950582389,0.00025228234530551296,0.0006048342777067281,1.0,0.7533184903503427,5.297700593983523,0.0
B,hybrid,1e-08,720,0.8082607515111151,0.6775149405448683,0.955256514789172,0.8194444444444444,0.3487200805517511,1.6878216762529772,0.07442748091603053
B,voc,1.333521432163324e-08,720,0.0005018738189140823,0.00031860927405993016,0.0006951273939663193,1.0,0.7391009890489877,4.997215822409862,0.0
B,hybrid,1.333521432163324e-08,720,0.8082630310834683,0.677518180966102,0.9552565707596259,0.8194444444444444,0.3470412122483408,1.675590203096019,0.07442748091603053
B,voc,1.7782794100389228e-08,720,0.001394275292599584,0.0004231965420371067,0.002986957352852818,1.0,0.7256067693054604,4.758393704555692,0.0
B,hybrid,1.7782794100389228e-08,720,0.8082630157506372,0.6775181743956264,0.9552565648924385,0.8194444444444444,0.3459859782862523,1.6743715952599107,0.07633587786259542
B,voc,2.371373705661655e-08,720,0.001448274609499941,0.0004956055173589422,0.0030568198213637597,1.0,0.7108869515889679,4.525394719545971,0.0
B,hybrid,2.371373705661655e-08,720,0.8083324598015367,0.677620603607922,0.9552565637663397,0.8194444444444444,0.3443022751806843,1.668483774841838,0.08015267175572519
B,voc,3.162277660168379e-08,720,0.001473115571673892,0.0005114860897793502,0.003081891013915576,1.0,0.6947995841659375,4.238552608789036,0.0
B,hybrid,3.162277660168379e-08,720,0.8083326925795591,0.6776226846623807,0.955256906063284,0.8194444444444444,0.3418478736863326,1.6621459028293633,0.08778625954198473
B,voc,4.2169650342858225e-08,720,0.00193594998227106,0.0005535299739688058,0.0036620444922998304,1.0,0.6842728649158656,4.058446427498767,0.0
B,hybrid,4.2169650342858225e-08,720,0.8083347250490236,0.6776235728501041,0.9552598250359909,0.8194444444444444,0.3409132365870344,1.6572660201113396,0.08969465648854962
B,voc,5.6234132519034905e-08,720,0.0022079593234955687,0.0008112974066717445,0.004065192984554576,1.0,0.6689839024747269,3.7590648306932155,0.0
B,hybrid,5.6234132519034905e-08,720,0.808334723651712,0.6776235710705625,0.9552598212643001,0.8194444444444444,0.3399077263677725,1.6557795633821824,0.08969465648854962
B,voc,7.498942093324559e-08,720,0.002346783250095891,0.0009116398845058866,0.004204048915854983,1.0,0.6532470232934647,3.509928455065473,0.0
B,hybrid,7.498942093324559e-08,720,0.8083369062661642,0.6776256590954336,0.9552644184592546,0.8194444444444444,0.3380426098935473,1.6467510921808146,0.09541984732824428
B,voc,1e-07,720,0.003744284040375614,0.0014570746369368134,0.006228439542025435,1.0,0.642825639298886,3.341086191491872,0.0
B,hybrid,1e-07,720,0.8083352949714434,0.6776239616125613,0.9552644234597967,0.8194444444444444,0.336567513602949,1.6411350879919004,0.10305343511450382
B,voc,1.333521432163324e-07,720,0.0037461960166393004,0.0014589830995019454,0.006232158528287409,1.0,0.620819518363079,3.1376320012529404,0.0
B,hybrid,1.333521432163324e-07,720,0.8083352333894933,0.6776239081124147,0.9552642841295106,0.8194444444444444,0.33380748364625257,1.6343158380294123,0.10877862595419847
B,voc,1.7782794100389227e-07,720,0.00674834243292108,0.002363423436568667,0.01326723618216163,0.9986111111111111,0.5922718636032525,2.799601405437675,0.0
B,hybrid,1.7782794100389227e-07,720,0.8083364809017008,0.6776249702441383,0.9552649374577011,0.8194444444444444,0.32943483504729365,1.6079611706335526,0.12022900763358779
B,voc,2.3713737056616554e-07,720,0.010433489897781395,0.0049927794855117525,0.01875248871837259,0.9972222222222222,0.5492897303709259,2.5724459236529382,0.0
B,hybrid,2.3713737056616554e-07,720,0.8083370098569953,0.677625406877217,0.955265550070403,0.8194444444444444,0.32404346749394536,1.582301964826628,0.12404580152671756
B,voc,3.162277660168379e-07,720,0.014844372361859603,0.007677759723951589,0.02539053373288079,0.9944444444444445,0.5265631498988326,2.41604857103352,0.0
B,hybrid,3.162277660168379e-07,720,0.8083369431765887,0.6776257763965874,0.9552667637813966,0.8194444444444444,0.3181213276598355,1.5553921611835904,0.13740458015267176
B,voc,4.2169650342858225e-07,720,0.03298974626816523,0.016277891730885626,0.05661471331712032,0.9916666666666667,0.49312967870117885,2.190868309015559,0.0
B,hybrid,4.2169650342858225e-07,720,0.8083369129058077,0.6776258054098875,0.9552667139727195,0.8194444444444444,0.3101396363450846,1.534369300004452,0.13931297709923665
B,voc,5.62341325190349e-07,720,0.03732541925415273,0.020192522729862144,0.06119825076472771,0.9902777777777778,0.4604675252972604,1.9959004196933265,0.0
B,hybrid,5.62341325190349e-07,720,0.8083383456493831,0.6776264934684985,0.9552681345894658,0.8194444444444444,0.3030625291650768,1.515275089222531,0.1431297709923664
B,voc,7.498942093324558e-07,720,0.04886420064247014,0.02638097925014098,0.07471100836759881,0.9875,0.4333049784282189,1.7592571709752267,0.0
B,hybrid,7.498942093324558e-07,720,0.8083382077921097,0.6776264942708811,0.9552679162061257,0.8194444444444444,0.29530920869882005,1.489318001608591,0.14694656488549618
B,voc,1e-06,720,0.05209874604639724,0.02842122313687206,0.08055814753124406,0.9861111111111112,0.41498341465420885,1.6708323903515823,0.0
B,hybrid,1e-06,720,0.8083408524072572,0.677629022106775,0.9552700319079096,0.8194444444444444,0.288555437834782,1.4693261388002612,0.15267175572519084
B,voc,1.333521432163324e-06,720,0.05315752447483012,0.02933704419387512,0.08118953718477093,0.9861111111111112,0.4018483027699962,1.6259327715376912,0.0
B,hybrid,1.333521432163324e-06,720,0.8083372451981701,0.6776271116785081,0.9552683002543924,0.8194444444444444,0.2820760730735984,1.4539719785349816,0.16412213740458015
B,voc,1.7782794100389227e-06,720,0.07373727482849529,0.047253173430534416,0.10760902192316296,0.9777777777777777,0.38201153309977703,1.545733787389074,0.009541984732824428
B,hybrid,1.7782794100389227e-06,720,0.8269128159071836,0.6947404423432804,0.9752691554998698,0.8125,0.27036478726073915,1.4075809416585596,0.18129770992366412
B,voc,2.3713737056616552e-06,720,0.11403322596114357,0.08031417597966031,0.15213244178582322,0.9611111111111111,0.3690481924066305,1.4680603710251339,0.03244274809160305
B,hybrid,2.3713737056616552e-06,720,0.8672087597657987,0.7228980621185928,1.0131154220198286,0.7958333333333333,0.2612773534858534,1.3333928013015743,0.22328244274809161
B,voc,3.162277660168379e-06,720,0.12982287213940127,0.09316251884715676,0.1680918832239113,0.9527777777777777,0.3548570307363876,1.4179281007014854,0.04389312977099236
B,hybrid,3.162277660168379e-06,720,0.882998484260705,0.7386843549395756,1.0295174326702463,0.7875,0.2507518222520859,1.2890297652904237,0.2538167938931298
B,voc,4.216965034285822e-06,720,0.1662573708956085,0.12755211648458933,0.21660310507143482,0.9375,0.34322940698017923,1.3362409202223313,0.0648854961832061
B,hybrid,4.216965034285822e-06,720,0.9194329623144278,0.7707907992082764,1.0724494147047277,0.7722222222222223,0.24324978403185485,1.2115167507084859,0.2767175572519084
B,voc,5.623413251903491e-06,720,0.2615112319690106,0.19465833951904452,0.3264191316130957,0.9097222222222222,0.33242655009405736,1.1999710461889561,0.10305343511450382
B,hybrid,5.623413251903491e-06,720,1.014686809472261,0.8716260091112012,1.158847793434661,0.7444444444444445,0.23345022685368472,1.0755124000292906,0.3187022900763359
B,voc,7.498942093324558e-06,720,0.3020793681566689,0.24068043371274214,0.35975663583848894,0.8972222222222223,0.3249006615454696,1.1429987330847982,0.11641221374045801
B,hybrid,7.498942093324558e-06,720,1.0528340225051376,0.9076022141450513,1.2021601760131029,0.7333333333333333,0.22809894924412738,1.0209701310070716,0.33587786259541985
B,voc,9.999999999999999e-06,720,0.40191933248793177,0.32904081491880954,0.4813410020519494,0.8736111111111111,0.3184623948111206,1.0607342249084164,0.15076335877862596
B,hybrid,9.999999999999999e-06,720,1.1526739888723565,0.9967792683218952,1.3144385691658744,0.7097222222222223,0.22192864329617118,0.9389832193695737,0.37213740458015265
B,voc,1.333521432163324e-05,720,0.5526638337428235,0.44811463417924907,0.672488803653363,0.8444444444444444,0.3090118514678639,0.978044415401463,0.19083969465648856
B,hybrid,1.333521432163324e-05,720,1.3027263828165372,1.1257906458118914,1.4685361589881707,0.6805555555555556,0.2145877114704116,0.8596080220723353,0.4122137404580153
B,voc,1.778279410038923e-05,720,0.75268377344526,0.6062357796982752,0.895598980359989,0.8097222222222222,0.2884853499842958,0.8823760243681187,0.24045801526717558
B,hybrid,1.778279410038923e-05,720,1.4773099005908865,1.2717686565581612,1.6662380600534858,0.6541666666666667,0.20155838829307832,0.7751501710709312,0.4541984732824427
B,voc,2.3713737056616554e-05,720,1.0265924547212573,0.8346065686746847,1.2239844050104849,0.7597222222222222,0.2586210126330157,0.7650371363542591,0.31679389312977096
B,hybrid,2.3713737056616554e-05,720,1.7081904913970754,1.4792480172948521,1.940096200027243,0.6138888888888889,0.1808312366900888,0.6714499730140132,0.5152671755725191
B,voc,3.1622776601683795e-05,720,1.2773439129776578,1.0551760733840303,1.499543695939923,0.7083333333333334,0.2304391466733818,0.6949296353208815,0.383587786259542
B,hybrid,3.1622776601683795e-05,720,1.8829282126741138,1.6292614076605836,2.133418461055809,0.5861111111111111,0.16863462561264808,0.624604639211197,0.5572519083969466
B,voc,4.216965034285822e-05,720,1.7393730230451279,1.4936281090655235,1.973027000271997,0.6263888888888889,0.1819648034691812,0.5688069627541811,0.5
B,hybrid,4.216965034285822e-05,720,2.2440893795886927,1.9567270040299904,2.5089297564612427,0.5347222222222222,0.1430366150860817,0.5249766111444892,0.6297709923664122
B,voc,5.623413251903491e-05,720,2.131149869732941,1.8554730033773918,2.390563208736134,0.5666666666666667,0.1513601214603292,0.47271483455559365,0.5877862595419847
B,hybrid,5.623413251903491e-05,720,2.5518621805054402,2.2939949333861187,2.8119921009342703,0.49166666666666664,0.12301239154342597,0.4422347627222785,0.6927480916030534
B,voc,7.498942093324559e-05,720,2.4875497143719705,2.2001412070087816,2.7520763220654687,0.5236111111111111,0.12894259328990332,0.4182618490458683,0.6507633587786259
B,hybrid,7.498942093324559e-05,720,2.8719197668916436,2.5764793144641494,3.145371683432619,0.45694444444444443,0.10734587115639894,0.39520687462227216,0.7442748091603053
B,voc,0.0001,720,2.766375874017273,2.4425755784766663,3.0509309594424843,0.49027777777777776,0.1142654143113181,0.37766869196948394,0.6984732824427481
B,hybrid,0.0001,720,3.1313510017719066,2.8043305287003286,3.406557625755478,0.42777777777777776,0.09582444742922583,0.3577647052486605,0.7862595419847328
B,voc,0.0001333521432163324,720,3.0066426750341115,2.6867292785944747,3.30542469414043,0.4513888888888889,0.10094173301768955,0.3576772605528125,0.7519083969465649
B,hybrid,0.0001333521432163324,720,3.2962922838542625,2.9570011004004004,3.62091255378239,0.40555555555555556,0.0898108747638376,0.3457832105111619,0.816793893129771
B,voc,0.00017782794100389227,720,3.3712872865382013,3.038161749173119,3.6840003087709525,0.4041666666666667,0.08932614321051721,0.3431514659694888,0.816793893129771
B,hybrid,0.00017782794100389227,720,3.4907476550724406,3.1440342968116077,3.7902767379778637,0.3888888888888889,0.08468660578635669,0.3380464765208924,0.8396946564885496
B,voc,0.0002371373705661655,720,3.5524837281712407,3.2105505132614898,3.86837736707889,0.37916666666666665,0.0836000316562819,0.3343171553306143,0.8492366412213741
B,hybrid,0.0002371373705661655,720,3.62238977414499,3.282879052604464,3.929356378136304,0.37083333333333335,0.08053318340121576,0.3313988015597968,0.8625954198473282
B,voc,0.00031622776601683794,720,4.037523945322927,3.501523151999813,4.849562695658208,0.35694444444444445,0.07824962976251829,0.3224831747278485,0.8778625954198473
B,hybrid,0.00031622776601683794,720,4.059536425217451,3.526021157370021,4.868917367787472,0.3541666666666667,0.07785980158853509,0.32210852377090504,0.8835877862595419
B,voc,0.00042169650342858224,720,4.480537454688313,3.9276322343224943,5.26228795524817,0.3277777777777778,0.07250000703901291,0.3175888661083971,0.9179389312977099
B,hybrid,0.00042169650342858224,720,4.480537454688313,3.9276322343224943,5.26228795524817,0.3277777777777778,0.07250000703901291,0.3175888661083971,0.9179389312977099
B,voc,0.0005623413251903491,720,5.088350738069979,4.314316046948657,6.102289198172604,0.2986111111111111,0.06762292261673343,0.31117508445975345,0.9580152671755725
B,hybrid,0.0005623413251903491,720,5.088350738069979,4.314316046948657,6.102289198172604,0.2986111111111111,0.06762292261673343,0.31117508445975345,0.9580152671755725
B,voc,0.0007498942093324559,720,5.614918876749992,4.619715978979151,7.025397922935783,0.2777777777777778,0.06426686239520674,0.30633705894446295,0.9866412213740458
B,hybrid,0.0007498942093324559,720,5.614918876749992,4.619715978979151,7.025397922935783,0.2777777777777778,0.06426686239520674,0.30633705894446295,0.9866412213740458
B,voc,0.001,720,6.298599432305546,4.691785473422132,8.570885791368223,0.2763888888888889,0.0640293649093578,0.3010868590027965,0.9885496183206107
B,hybrid,0.001,720,6.298599432305546,4.691785473422132,8.570885791368223,0.2763888888888889,0.0640293649093578,0.3010868590027965,0.9885496183206107
B,voc,0.001333521432163324,720,6.974849432305548,4.985502164961988,9.38723187002465,0.275,0.06382694521708944,0.297646126720853,0.9904580152671756
B,hybrid,0.001333521432163324,720,6.974849432305548,4.985502164961988,9.38723187002465,0.275,0.06382694521708944,0.297646126720853,0.9904580152671756
B,voc,0.0017782794100389228,720,6.974849432305548,4.985502164961988,9.38723187002465,0.275,0.06323032604062225,0.2966064317347395,0.9904580152671756
B,hybrid,0.0017782794100389228,720,6.974849432305548,4.985502164961988,9.38723187002465,0.275,0.06323032604062225,0.2966064317347395,0.9904580152671756
B,voc,0.0023713737056616554,720,7.651029987861103,5.418184965886401,10.370676680721958,0.27361111111111114,0.06301586778935228,0.2945122720111259,0.9923664122137404
B,hybrid,0.0023713737056616554,720,7.651029987861103,5.418184965886401,10.370676680721958,0.27361111111111114,0.06301586778935228,0.2945122720111259,0.9923664122137404
B,voc,0.0031622776601683794,720,8.321793876749991,5.936303137129226,11.585720977903291,0.2722222222222222,0.0627892289928083,0.29193147807918146,0.9942748091603053
B,hybrid,0.0031622776601683794,720,8.321793876749991,5.936303137129226,11.585720977903291,0.2722222222222222,0.0627892289928083,0.29193147807918146,0.9942748091603053
B,voc,0.004216965034285822,720,8.321793876749991,5.936303137129226,11.585720977903291,0.2722222222222222,0.0627892289928083,0.29193147807918146,0.9942748091603053
B,hybrid,0.004216965034285822,720,8.321793876749991,5.936303137129226,11.585720977903291,0.2722222222222222,0.0627892289928083,0.29193147807918146,0.9942748091603053
B,voc,0.005623413251903491,720,8.321793878305328,5.936303140239899,11.585720981013962,0.2722222222222222,0.06258873746519221,0.2917490610666795,1.0
B,hybrid,0.005623413251903491,720,8.321793878305328,5.936303140239899,11.585720981013962,0.2722222222222222,0.06258873746519221,0.2917490610666795,1.0
B,voc,0.007498942093324558,720,8.321793878305328,5.936303140239899,11.585720981013962,0.2722222222222222,0.06258873746519221,0.2917490610666795,1.0
B,hybrid,0.007498942093324558,720,8.321793878305328,5.936303140239899,11.585720981013962,0.2722222222222222,0.06258873746519221,0.2917490610666795,1.0
B,voc,0.01,720,8.321793878305328,5.936303140239899,11.585720981013962,0.2722222222222222,0.06258873746519221,0.2917490610666795,1.0
B,hybrid,0.01,720,8.321793878305328,5.936303140239899,11.585720981013962,0.2722222222222222,0.06258873746519221,0.2917490610666795,1.0
B,hardlabel,0.01,720,0.05031353582509453,0.029293313321689506,0.0738649571739513,0.9805555555555555,0.4522998145349408,2.710615300864058,0.026717557251908396
B,hardlabel,0.020000000000000004,720,0.7967416956595457,0.08374519090509229,2.524490118259,0.9583333333333334,0.41028963069412344,2.3720559710557003,0.05725190839694656
B,hardlabel,0.030000000000000006,720,0.8307698704774479,0.11714510437851586,2.5492573315211113,0.9444444444444444,0.38890160366431037,2.2330664965862472,0.07251908396946564
B,hardlabel,0.04000000000000001,720,0.8875922750090821,0.15641400028624086,2.629528382053371,0.9305555555555556,0.37328724240822186,2.16704952355567,0.0916030534351145
B,hardlabel,0.05000000000000001,720,0.8986610566195156,0.16654519086401393,2.64173815928336,0.9277777777777778,0.3640070378948188,2.1471223348959585,0.09541984732824428
B,hardlabel,0.06000000000000001,720,1.2331833717732008,0.23585469359974734,3.016737552783668,0.9138888888888889,0.3565131773239916,2.051328525405668,0.11450381679389313
B,hardlabel,0.07,720,1.2385621140067733,0.24134756870778779,3.022100600737257,0.9111111111111111,0.35047435303625624,2.013299698123708,0.1183206106870229
B,hardlabel,0.08,720,1.2407847766208264,0.24416050923543609,3.026240557983788,0.9111111111111111,0.3479463012090977,1.9910701630945369,0.1183206106870229
B,hardlabel,0.09000000000000001,720,1.2503238122930032,0.25157412609871865,3.035125296506627,0.9069444444444444,0.34646422381120817,1.9694196303153655,0.12404580152671756
B,hardlabel,0.1,720,1.2573239786363455,0.26243769537671946,3.0424384070216925,0.9041666666666667,0.3441516709253868,1.9583428940667595,0.12786259541984732
B,hardlabel,0.15,720,1.2948175251901717,0.28660473691148924,3.0673776852393004,0.8902777777777777,0.33318925804709515,1.8543974698000814,0.14694656488549618
B,hardlabel,0.19999999999999998,720,1.3867708162697456,0.385772502352927,3.1838193417254543,0.8666666666666667,0.32192409398978616,1.7948425427820085,0.17938931297709923
B,hardlabel,0.25,720,1.91072951208137,0.5792013727510212,4.102914853678782,0.8388888888888889,0.3080133224388584,1.7437385727708967,0.21755725190839695
B,hardlabel,0.3,720,2.7197699189513806,1.0277145467622568,5.375242555567202,0.8111111111111111,0.2975687667883556,1.6908025436486644,0.25572519083969464
B,hardlabel,0.35,720,2.8903784008996536,1.245521479066064,5.558601954197242,0.7861111111111111,0.2832500788563436,1.6408090510486646,0.2900763358778626
B,hardlabel,0.39999999999999997,720,3.025955724428388,1.3718953522821273,5.698930720677463,0.7583333333333333,0.26626335270972606,1.570916016120893,0.32633587786259544
B,hardlabel,0.44999999999999996,720,3.133872400371916,1.4373193111112463,5.773266477314453,0.7416666666666667,0.2563990702837509,1.4833091291889509,0.3473282442748092
B,hardlabel,0.5,720,3.279867489827603,1.5861889424457318,5.920631958390449,0.7111111111111111,0.2359162169499592,1.3827054370181335,0.3893129770992366
B,hardlabel,0.5499999999999999,720,3.3782109379289897,1.6897442726242238,6.037514889903432,0.6833333333333333,0.21823899050767256,1.3332567048181267,0.42748091603053434
B,hardlabel,0.6,720,4.21436387805935,2.1337189127685674,7.236051023649099,0.6569444444444444,0.20625530617470622,1.306581229038976,0.46564885496183206
B,hardlabel,0.6499999999999999,720,4.732874878438379,2.4943971074483056,7.691258091594547,0.6236111111111111,0.1905185737064148,1.2523448933111974,0.5114503816793893
B,hardlabel,0.7,720,4.856902852331174,2.5966022779414866,7.798771071385133,0.6027777777777777,0.17942135862970932,1.227809101227846,0.5400763358778626
B,hardlabel,0.75,720,5.103728313541882,2.824277571492014,8.036145158208916,0.5652777777777778,0.15912492546952964,1.1394362139194982,0.5916030534351145
B,hardlabel,0.7999999999999999,720,5.73193589470184,3.4583733110961385,8.650248780481554,0.5027777777777778,0.13611450953431278,1.0673104958750324,0.6774809160305344
B,hardlabel,0.85,720,6.0672906645427345,3.765856599176349,9.003202093729094,0.4583333333333333,0.11754729464381579,0.956062473216702,0.7385496183206107
B,hardlabel,0.8999999999999999,720,6.656550390488696,4.359799394634565,9.702174620505076,0.39305555555555555,0.09756918761420778,0.8533583288611579,0.8263358778625954
B,hardlabel,0.95,720,7.65389759911849,5.221229398347414,10.84061059517071,0.3347222222222222,0.0802716455428076,0.6161667752430883,0.9045801526717557
B,voc_seq,0.0,720,0.0004447223941071376,0.00023267431841754094,0.0007076780800573468,1.0,1.521830533990831,8.711943843453128,0.0
B,voc_seq,1e-08,720,0.000507757457270123,0.00027706183136252873,0.0007736205527712671,1.0,1.4823884007022994,8.036671434976723,0.0
B,voc_seq,1.333521432163324e-08,720,0.0005200411045945777,0.0002855059776075906,0.0007852049839342766,1.0,1.463667183695778,7.683464735176707,0.0
B,voc_seq,1.7782794100389228e-08,720,0.0006227861224971103,0.0003703883198101536,0.0008741283605032607,1.0,1.4441628690653476,7.278183197951709,0.0
B,voc_seq,2.371373705661655e-08,720,0.001455310039251064,0.000477930486776072,0.003056515201300754,1.0,1.4074618709514284,6.633508395171146,0.0
B,voc_seq,3.162277660168379e-08,720,0.0014843616589496384,0.0005119630281951008,0.00308539106632583,1.0,1.3846470249962912,6.386567876905873,0.0
B,voc_seq,4.2169650342858225e-08,720,0.0015713705579892664,0.0005718003449435665,0.003203475932349632,1.0,1.3542271341471248,6.024616894261408,0.0
B,voc_seq,5.6234132519034905e-08,720,0.0015939078546604096,0.0005745308671102809,0.0032199222836326005,1.0,1.3209044980704092,5.673500608969723,0.0
B,voc_seq,7.498942093324559e-08,720,0.0023061981306366107,0.0008713687743737781,0.0040461133466626505,1.0,1.2796681053224812,5.213023306697495,0.0
B,voc_seq,1e-07,720,0.0023062066081135863,0.000871379266526919,0.004046117281035849,1.0,1.2469997027987567,5.041817259315541,0.0
B,voc_seq,1.333521432163324e-07,720,0.0028572586013265056,0.001132389298080968,0.005206144456709426,1.0,1.1944923177909292,4.753839490208565,0.0
B,voc_seq,1.7782794100389227e-07,720,0.0029272405680488317,0.001216369878004688,0.005243306893020035,1.0,1.1249772457417504,4.432835648853026,0.0
B,voc_seq,2.3713737056616554e-07,720,0.003320851989420489,0.0014059006676249912,0.0055419703209672625,1.0,1.0454695402444154,4.107324514905799,0.0
B,voc_seq,3.162277660168379e-07,720,0.004758042797762658,0.0023861086972851438,0.007660921576926272,1.0,0.9668321587863582,3.6757439826835405,0.0
B,voc_seq,4.2169650342858225e-07,720,0.00851948067633136,0.004059877509592515,0.013209264020396775,0.9986111111111111,0.8823563385287084,3.4627643823585004,0.0
B,voc_seq,5.62341325190349e-07,720,0.011848922252379603,0.006032591592563411,0.017122836227242647,0.9986111111111111,0.792244981702224,3.036361252346018,0.0
B,voc_seq,7.498942093324558e-07,720,0.018769409912798112,0.011062658820204728,0.028083295200798903,0.9972222222222222,0.691701098951428,2.7086054310196133,0.0
B,voc_seq,1e-06,720,0.03943648452069548,0.02001178146323529,0.06305800729420198,0.9916666666666667,0.6248061911174545,2.340814835073747,0.0
B,voc_seq,1.333521432163324e-06,720,0.042681532658307375,0.023185645308324124,0.07001627802512021,0.9902777777777778,0.5746497344395851,2.1535897351529054,0.0
B,voc_seq,1.7782794100389227e-06,720,0.06740109807707616,0.03974977958261609,0.10216339561908065,0.9805555555555555,0.5178808865283963,1.9650664622334666,0.009541984732824428
B,voc_seq,2.3713737056616552e-06,720,0.11102185279781346,0.07756018904848702,0.14894154782252111,0.9625,0.4660592229385061,1.7296982827723544,0.03244274809160305
B,voc_seq,3.162277660168379e-06,720,0.12681173927734893,0.09046097348529983,0.16512570462479528,0.9541666666666667,0.41267906080329136,1.5867402109056659,0.04389312977099236
B,voc_seq,4.216965034285822e-06,720,0.16324625280361357,0.12408651159147967,0.21539773989735372,0.9388888888888889,0.3842903475128368,1.4752321026223196,0.0648854961832061
B,voc_seq,5.623413251903491e-06,720,0.26024698381029937,0.19399373513164034,0.3246430419016302,0.9097222222222222,0.3638019855331225,1.2869619756056232,0.10305343511450382
B,voc_seq,7.498942093324558e-06,720,0.3008152216201513,0.24001614295717608,0.35930880405709925,0.8972222222222223,0.35297230528170587,1.2168705893861846,0.11641221374045801
B,voc_seq,9.999999999999999e-06,720,0.401919334794163,0.3290408184358121,0.4813410067797236,0.8736111111111111,0.33933837018664675,1.0886126321848022,0.15076335877862596
B,voc_seq,1.333521432163324e-05,720,0.5526638337428232,0.44811463417924896,0.6724888036533629,0.8444444444444444,0.32275293933735977,0.9938105761431113,0.19083969465648856
B,voc_seq,1.778279410038923e-05,720,0.75268377344526,0.6062357796982752,0.895598980359989,0.8097222222222222,0.2990213152730936,0.8951200195278236,0.24045801526717558
B,voc_seq,2.3713737056616554e-05,720,1.0265924547212573,0.8346065686746847,1.2239844050104849,0.7597222222222222,0.265613556140493,0.7738846317639552,0.31679389312977096
B,voc_seq,3.1622776601683795e-05,720,1.277343913020664,1.0551760734664306,1.4995436959121446,0.7083333333333334,0.23531357781776638,0.7014943624472734,0.383587786259542
B,voc_seq,4.216965034285822e-05,720,1.7393730230451279,1.4936281090655235,1.973027000271997,0.6263888888888889,0.18451432709619506,0.5725947531930716,0.5
B,voc_seq,5.623413251903491e-05,720,2.1311498692325834,1.8554730033773918,2.3905632077604366,0.5666666666666667,0.15345149373072176,0.4759282508903147,0.5877862595419847
B,voc_seq,7.498942093324559e-05,720,2.4875497143719705,2.2001412070087816,2.7520763220654687,0.5236111111111111,0.1291430848175194,0.41844426605837015,0.6507633587786259
B,voc_seq,0.0001,720,2.766375874017273,2.4425755784766663,3.0509309594424843,0.49027777777777776,0.11446590583893419,0.3778511089819858,0.6984732824427481
B,voc_seq,0.0001333521432163324,720,3.0066426750341115,2.6867292785944747,3.30542469414043,0.4513888888888889,0.10114222454530564,0.3578596775653144,0.7519083969465649
B,voc_seq,0.00017782794100389227,720,3.3712872865382013,3.038161749173119,3.6840003087709525,0.4041666666666667,0.0895266347381333,0.34333388298199075,0.816793893129771
B,voc_seq,0.0002371373705661655,720,3.5524837281712407,3.2105505132614898,3.86837736707889,0.37916666666666665,0.08373369267469262,0.33443876667228223,0.8492366412213741
B,voc_seq,0.00031622776601683794,720,4.037523945322927,3.501523151999813,4.849562695658208,0.35694444444444445,0.07831646027172365,0.32254398039868243,0.8778625954198473
B,voc_seq,0.00042169650342858224,720,4.480537454688313,3.9276322343224943,5.26228795524817,0.3277777777777778,0.07250000703901291,0.3175888661083971,0.9179389312977099
B,voc_seq,0.0005623413251903491,720,5.088350738069979,4.314316046948657,6.102289198172604,0.2986111111111111,0.06762292261673343,0.31117508445975345,0.9580152671755725
B,voc_seq,0.0007498942093324559,720,5.614918876749992,4.619715978979151,7.025397922935783,0.2777777777777778,0.06426686239520674,0.30633705894446295,0.9866412213740458
B,voc_seq,0.001,720,6.298599432305546,4.691785473422132,8.570885791368223,0.2763888888888889,0.0640293649093578,0.3010868590027965,0.9885496183206107
B,voc_seq,0.001333521432163324,720,6.974849432305548,4.985502164961988,9.38723187002465,0.275,0.06382694521708944,0.297646126720853,0.9904580152671756
B,voc_seq,0.0017782794100389228,720,6.974849432305548,4.985502164961988,9.38723187002465,0.275,0.06323032604062225,0.2966064317347395,0.9904580152671756
B,voc_seq,0.0023713737056616554,720,7.651029987861103,5.418184965886401,10.370676680721958,0.27361111111111114,0.06301586778935228,0.2945122720111259,0.9923664122137404
B,voc_seq,0.0031622776601683794,720,8.321793876749991,5.936303137129226,11.585720977903291,0.2722222222222222,0.0627892289928083,0.29193147807918146,0.9942748091603053
B,voc_seq,0.004216965034285822,720,8.321793876749991,5.936303137129226,11.585720977903291,0.2722222222222222,0.0627892289928083,0.29193147807918146,0.9942748091603053
B,voc_seq,0.005623413251903491,720,8.321793878305328,5.936303140239899,11.585720981013962,0.2722222222222222,0.06258873746519221,0.2917490610666795,1.0
B,voc_seq,0.007498942093324558,720,8.321793878305328,5.936303140239899,11.585720981013962,0.2722222222222222,0.06258873746519221,0.2917490610666795,1.0
B,voc_seq,0.01,720,8.321793878305328,5.936303140239899,11.585720981013962,0.2722222222222222,0.06258873746519221,0.2917490610666795,1.0
B,hybrid_seq,0.0,720,0.8082579208147678,0.6775181491009943,0.9552549282414943,0.8194444444444444,0.5733342214444417,2.6188360054211546,0.06870229007633588
B,hybrid_seq,1e-08,720,0.808257909901101,0.6775181436406044,0.955254918525444,0.8194444444444444,0.569759738999719,2.584183947618385,0.07442748091603053
B,hybrid_seq,1.333521432163324e-08,720,0.8082580012989955,0.6775182830223934,0.9552549619394437,0.8194444444444444,0.5690255798570831,2.5718918120989405,0.07442748091603053
B,hybrid_seq,1.7782794100389228e-08,720,0.8082598432915711,0.6775209223474522,0.9552549553884376,0.8194444444444444,0.5667193158604726,2.5494650753336523,0.07633587786259542
B,hybrid_seq,2.371373705661655e-08,720,0.8082598430892151,0.6775209204376392,0.9552549555027272,0.8194444444444444,0.5650312083202998,2.530044184179471,0.08015267175572519
B,hybrid_seq,3.162277660168379e-08,720,0.808259853562178,0.6775209473060633,0.9552550181664831,0.8194444444444444,0.5616778591356716,2.52640660606698,0.08778625954198473
B,hybrid_seq,4.2169650342858225e-08,720,0.8082598497370971,0.6775209453061299,0.9552550143674226,0.8194444444444444,0.5571519492716683,2.4922728866725214,0.08969465648854962
B,hybrid_seq,5.6234132519034905e-08,720,0.8082598557576554,0.6775209484991825,0.955255038058366,0.8194444444444444,0.5484891337460843,2.458107624579462,0.08969465648854962
B,hybrid_seq,7.498942093324559e-08,720,0.8082598782553516,0.677520967216655,0.9552550472410699,0.8194444444444444,0.5350310854074481,2.384574207369749,0.09541984732824428
B,hybrid_seq,1e-07,720,0.8082615719173927,0.6775235538931514,0.9552559394491997,0.8194444444444444,0.5225888766546115,2.3243389293794534,0.10305343511450382
B,hybrid_seq,1.333521432163324e-07,720,0.8082630349416473,0.6775242509074653,0.9552574040498517,0.8194444444444444,0.5053124043449123,2.2609982963808406,0.10877862595419847
B,hybrid_seq,1.7782794100389227e-07,720,0.8083324871492077,0.6776267034117415,0.9552574015312029,0.8194444444444444,0.48766731433573474,2.1828500196363874,0.12022900763358779
B,hybrid_seq,2.3713737056616554e-07,720,0.8083285733414136,0.6776234041639906,0.9552554887218432,0.8194444444444444,0.47465197929174174,2.1261862682933343,0.12404580152671756
B,hybrid_seq,3.162277660168379e-07,720,0.8083286164547953,0.6776234606547764,0.955255531782227,0.8194444444444444,0.45603219480816914,2.049243559739155,0.13740458015267176
B,hybrid_seq,4.2169650342858225e-07,720,0.8083352521330891,0.6776257066023735,0.9552625558196823,0.8194444444444444,0.43478429103386385,1.9881690641669238,0.13931297709923665
B,hybrid_seq,5.62341325190349e-07,720,0.8083352138738592,0.6776256921631184,0.9552625034429559,0.8194444444444444,0.4144602661357317,1.9063629851752668,0.1431297709923664
B,hybrid_seq,7.498942093324558e-07,720,0.8083355557714934,0.6776260415136561,0.9552624323024613,0.8194444444444444,0.37988610409870405,1.8299582238210759,0.14694656488549618
B,hybrid_seq,1e-06,720,0.808335436254571,0.6776259277282629,0.9552623814745883,0.8194444444444444,0.36037629461177645,1.7654936588794043,0.15267175572519084
B,hybrid_seq,1.333521432163324e-06,720,0.8083345445528999,0.6776256787419016,0.9552637399926646,0.8194444444444444,0.336942700044499,1.6805499654988327,0.16412213740458015
B,hybrid_seq,1.7782794100389227e-06,720,0.8269113028117633,0.6947402706609697,0.975266381171299,0.8125,0.3078815996679866,1.5846764746766036,0.18129770992366412
B,hybrid_seq,2.3713737056616552e-06,720,0.8672072178593789,0.7228949386108882,1.013114055871483,0.7958333333333333,0.28763775895377264,1.477369910864066,0.22328244274809161
B,hybrid_seq,3.162277660168379e-06,720,0.8829971100837736,0.7386812529814216,1.0295140291718605,0.7875,0.2659887708365585,1.3693286892070824,0.2538167938931298
B,hybrid_seq,4.216965034285822e-06,720,0.91943162911622,0.7707883227737173,1.0724467573130556,0.7722222222222223,0.2560649488581871,1.2794790846737416,0.2767175572519084
B,hybrid_seq,5.623413251903491e-06,720,1.0146854143178934,0.871625113186587,1.1588451622532292,0.7444444444444445,0.24361828344853767,1.1109999296042739,0.3187022900763359
B,hybrid_seq,7.498942093324558e-06,720,1.0528327311390382,0.9076009228194281,1.2021594972363823,0.7333333333333333,0.23710163706943246,1.0456477384612197,0.33587786259541985
B,hybrid_seq,9.999999999999999e-06,720,1.1526740020208406,0.9967792814703792,1.3144385691658744,0.7097222222222223,0.22784991797889523,0.9500546683431619,0.37213740458015265
B,hybrid_seq,1.333521432163324e-05,720,1.3027263828165372,1.1257906458118914,1.4685361589881707,0.6805555555555556,0.21931935926452,0.8653184381584197,0.4122137404580153
B,hybrid_seq,1.778279410038923e-05,720,1.4773099005908865,1.2717686565581612,1.6662380600534858,0.6541666666666667,0.20516226924887987,0.7801309002347959,0.4541984732824427
B,hybrid_seq,2.3713737056616554e-05,720,1.7081904913970754,1.4792480172948521,1.940096200027243,0.6138888888888889,0.18443511764589043,0.6764307021778778,0.5152671755725191
B,hybrid_seq,3.1622776601683795e-05,720,1.8829282127171199,1.6292614076590008,2.1334184610608857,0.5861111111111111,0.17230000574841892,0.6300938615500854,0.5572519083969466
B,hybrid_seq,4.216965034285822e-05,720,2.2440893795886927,1.9567270040299904,2.5089297564612427,0.5347222222222222,0.14547916745986045,0.5286708472292099,0.6297709923664122
B,hybrid_seq,5.623413251903491e-05,720,2.5518621800050822,2.2939949326480913,2.811992100196243,0.49166666666666664,0.1249967925605834,0.4453546247028296,0.6927480916030534
B,hybrid_seq,7.498942093324559e-05,720,2.8719197668916436,2.5764793144641494,3.145371683432619,0.45694444444444443,0.10754636268401503,0.39538929163477404,0.7442748091603053
B,hybrid_seq,0.0001,720,3.1313510017719066,2.8043305287003286,3.406557625755478,0.42777777777777776,0.09602493895684193,0.3579471222611624,0.7862595419847328
B,hybrid_seq,0.0001333521432163324,720,3.2962922838542625,2.9570011004004004,3.62091255378239,0.40555555555555556,0.09001136629145369,0.3459656275236638,0.816793893129771
B,hybrid_seq,0.00017782794100389227,720,3.4907476550724406,3.1440342968116077,3.7902767379778637,0.3888888888888889,0.08488709731397279,0.3382288935333943,0.8396946564885496
B,hybrid_seq,0.0002371373705661655,720,3.62238977414499,3.282879052604464,3.929356378136304,0.37083333333333335,0.08066684441962649,0.3315204129014647,0.8625954198473282
B,hybrid_seq,0.00031622776601683794,720,4.059536425217451,3.526021157370021,4.868917367787472,0.3541666666666667,0.07792663209774045,0.32216932944173904,0.8835877862595419
B,hybrid_seq,0.00042169650342858224,720,4.480537454688313,3.9276322343224943,5.26228795524817,0.3277777777777778,0.07250000703901291,0.3175888661083971,0.9179389312977099
B,hybrid_seq,0.0005623413251903491,720,5.088350738069979,4.314316046948657,6.102289198172604,0.2986111111111111,0.06762292261673343,0.31117508445975345,0.9580152671755725
B,hybrid_seq,0.0007498942093324559,720,5.614918876749992,4.619715978979151,7.025397922935783,0.2777777777777778,0.06426686239520674,0.30633705894446295,0.9866412213740458
B,hybrid_seq,0.001,720,6.298599432305546,4.691785473422132,8.570885791368223,0.2763888888888889,0.0640293649093578,0.3010868590027965,0.9885496183206107
B,hybrid_seq,0.001333521432163324,720,6.974849432305548,4.985502164961988,9.38723187002465,0.275,0.06382694521708944,0.297646126720853,0.9904580152671756
B,hybrid_seq,0.0017782794100389228,720,6.974849432305548,4.985502164961988,9.38723187002465,0.275,0.06323032604062225,0.2966064317347395,0.9904580152671756
B,hybrid_seq,0.0023713737056616554,720,7.651029987861103,5.418184965886401,10.370676680721958,0.27361111111111114,0.06301586778935228,0.2945122720111259,0.9923664122137404
B,hybrid_seq,0.0031622776601683794,720,8.321793876749991,5.936303137129226,11.585720977903291,0.2722222222222222,0.0627892289928083,0.29193147807918146,0.9942748091603053
B,hybrid_seq,0.004216965034285822,720,8.321793876749991,5.936303137129226,11.585720977903291,0.2722222222222222,0.0627892289928083,0.29193147807918146,0.9942748091603053
B,hybrid_seq,0.005623413251903491,720,8.321793878305328,5.936303140239899,11.585720981013962,0.2722222222222222,0.06258873746519221,0.2917490610666795,1.0
B,hybrid_seq,0.007498942093324558,720,8.321793878305328,5.936303140239899,11.585720981013962,0.2722222222222222,0.06258873746519221,0.2917490610666795,1.0
B,hybrid_seq,0.01,720,8.321793878305328,5.936303140239899,11.585720981013962,0.2722222222222222,0.06258873746519221,0.2917490610666795,1.0
B,oracle,0.0,720,0.12088641168941691,0.10529399304254335,0.14192634042850963,1.0,0.23927594420352066,1.2890638947196194,0.0
B,oracle_voc,0.0,720,0.054994788222489176,0.03223468188552227,0.08448834686125882,0.9847222222222223,0.4151138026224637,1.4741013404070802,0.0
B,oracle_voc,1e-08,720,0.055088022908211756,0.03231866462916963,0.08456011237979677,0.9847222222222223,0.28669462539968743,1.2303117217126682,0.0
B,oracle_voc,1.333521432163324e-08,720,0.05508805643315359,0.032318681343489426,0.08456014738045006,0.9847222222222223,0.28622753612427065,1.2296153470307267,0.0
B,oracle_voc,1.7782794100389228e-08,720,0.05508805643315359,0.032318681343489426,0.08456014738045006,0.9847222222222223,0.28622753612427065,1.2296153470307267,0.0
B,oracle_voc,2.371373705661655e-08,720,0.05509085000931283,0.032321335240840694,0.08456426790528493,0.9847222222222223,0.286213349008997,1.2295503330376707,0.0
B,oracle_voc,3.162277660168379e-08,720,0.05509085000931283,0.032321335240840694,0.08456426790528493,0.9847222222222223,0.286213349008997,1.2295503330376707,0.0
B,oracle_voc,4.2169650342858225e-08,720,0.05509085000931283,0.032321335240840694,0.08456426790528493,0.9847222222222223,0.286213349008997,1.2295503330376707,0.0
B,oracle_voc,5.6234132519034905e-08,720,0.05509085000931283,0.032321335240840694,0.08456426790528493,0.9847222222222223,0.286213349008997,1.2295503330376707,0.0
B,oracle_voc,7.498942093324559e-08,720,0.05509085000931283,0.032321335240840694,0.08456426790528493,0.9847222222222223,0.286213349008997,1.2295503330376707,0.0
B,oracle_voc,1e-07,720,0.05509085000931283,0.032321335240840694,0.08456426790528493,0.9847222222222223,0.286213349008997,1.2295503330376707,0.0
B,oracle_voc,1.333521432163324e-07,720,0.05509085000931283,0.032321335240840694,0.08456426790528493,0.9847222222222223,0.286213349008997,1.2295503330376707,0.0
B,oracle_voc,1.7782794100389227e-07,720,0.05509085000931283,0.032321335240840694,0.08456426790528493,0.9847222222222223,0.286213349008997,1.2295503330376707,0.0
B,oracle_voc,2.3713737056616554e-07,720,0.055160294453757225,0.032357793574173996,0.08463371234972933,0.9847222222222223,0.28593958028719807,1.2235953068918357,0.0
B,oracle_voc,3.162277660168379e-07,720,0.055160294453757225,0.032357793574173996,0.08463371234972933,0.9847222222222223,0.28593958028719807,1.2235953068918357,0.0
B,oracle_voc,4.2169650342858225e-07,720,0.055245977552493344,0.03252487561670944,0.08476009492036511,0.9847222222222223,0.28581401254795175,1.2205489273557255,0.0
B,oracle_voc,5.62341325190349e-07,720,0.05526525595787783,0.03254415402209392,0.08478033724601881,0.9847222222222223,0.28521272186332775,1.2197355699710037,0.0
B,oracle_voc,7.498942093324558e-07,720,0.05547358929121117,0.03275248735542726,0.0851661770120157,0.9847222222222223,0.28435681205404295,1.2113918271196173,0.0
B,oracle_voc,1e-06,720,0.05547358929121117,0.03275248735542726,0.0851661770120157,0.9847222222222223,0.28435681205404295,1.2113918271196173,0.0
B,oracle_voc,1.333521432163324e-06,720,0.05547358929121117,0.03275248735542726,0.0851661770120157,0.9847222222222223,0.28435681205404295,1.2113918271196173,0.0
B,oracle_voc,1.7782794100389227e-06,720,0.0556449691384857,0.03297917096147397,0.08568502373412812,0.9847222222222223,0.28367155303934394,1.209857844230722,0.0
B,oracle_voc,2.3713737056616552e-06,720,0.05805975048894183,0.035377291711671414,0.0876273323812445,0.9847222222222223,0.28218354008770746,1.1930959888584969,0.0
B,oracle_voc,3.162277660168379e-06,720,0.06411889067334105,0.04170954845252633,0.0948404934132786,0.9847222222222223,0.2800964530052524,1.1676460905446069,0.0
B,oracle_voc,4.216965034285822e-06,720,0.07240369470085266,0.04673886230647201,0.10332863468651154,0.9819444444444444,0.2776402911541354,1.1372564204598903,0.003816793893129771
B,oracle_voc,5.623413251903491e-06,720,0.07794459762227308,0.05193257352708953,0.10766727339178214,0.9805555555555555,0.27413555296220976,1.1227335216001544,0.0057251908396946565
B,oracle_voc,7.498942093324558e-06,720,0.11475848992327163,0.08922513725493844,0.14955184216552844,0.9569444444444445,0.2678407012089094,1.0549371326279167,0.04007633587786259
B,oracle_voc,9.999999999999999e-06,720,0.15484748987078226,0.1216410056011732,0.18824154830959108,0.9375,0.25675884021171014,0.9946783737251179,0.06679389312977099
B,oracle_voc,1.333521432163324e-05,720,0.2245190734157168,0.1832117925728572,0.27212065650312156,0.9083333333333333,0.2500439221049226,0.9178700779431539,0.10687022900763359
B,oracle_voc,1.778279410038923e-05,720,0.30015111850592985,0.24888240260689323,0.3525803270791262,0.8833333333333333,0.23952931683724238,0.8532820046917399,0.14122137404580154
B,oracle_voc,2.3713737056616554e-05,720,0.39827219505398626,0.33299875131939655,0.47273680685020525,0.8583333333333333,0.22587773228049782,0.7898690443403615,0.17748091603053434
B,oracle_voc,3.1622776601683795e-05,720,0.5806329857544578,0.4802793295145829,0.6713173654254088,0.8208333333333333,0.20908439616178107,0.7057686085542425,0.23282442748091603
B,oracle_voc,4.216965034285822e-05,720,0.7363046589728922,0.6251443023961191,0.8563494732290671,0.7888888888888889,0.1959559142803652,0.6495165078750385,0.28435114503816794
B,oracle_voc,5.623413251903491e-05,720,1.018666205650935,0.8776529930944034,1.1834612048868451,0.7319444444444444,0.1753826241022847,0.5716276318111745,0.36259541984732824
B,oracle_voc,7.498942093324559e-05,720,1.4193596284095864,1.2353208553345993,1.6275163804335935,0.6736111111111112,0.15574453839269722,0.4889800075180928,0.4446564885496183
B,oracle_voc,0.0001,720,1.8100701053925825,1.592009938194869,2.0451754961894264,0.6152777777777778,0.13534290875253244,0.4257682743555708,0.5248091603053435
B,oracle_voc,0.0001333521432163324,720,2.1088061972622807,1.8588521289937276,2.3764088552869413,0.5680555555555555,0.11680087992924365,0.387700770101416,0.5916030534351145
B,oracle_voc,0.00017782794100389227,720,2.422042046463718,2.1446781412758296,2.7508716087751104,0.5305555555555556,0.10447001299729225,0.3606535613625258,0.6450381679389313
B,oracle_voc,0.0002371373705661655,720,2.7806551716658676,2.4913099070216314,3.0860660423380177,0.49027777777777776,0.08783887815555956,0.33160961352504675,0.700381679389313
B,oracle_voc,0.00031622776601683794,720,2.8745681487994235,2.561147666100768,3.1874973697979683,0.4736111111111111,0.08441465039921758,0.327104241812554,0.7232824427480916
B,oracle_voc,0.00042169650342858224,720,2.9502871327025457,2.6542861332527234,3.253827477583051,0.4513888888888889,0.08126669341622143,0.3243272764514586,0.7538167938931297
B,oracle_voc,0.0005623413251903491,720,3.015024097452549,2.7126543111445818,3.32036216483774,0.4305555555555556,0.07906130553019633,0.3228910436764636,0.7824427480916031
B,oracle_voc,0.0007498942093324559,720,3.124633337358224,2.8240254006851777,3.4139152939953656,0.4111111111111111,0.07658916881944261,0.32076967297368053,0.8091603053435115
B,oracle_voc,0.001,720,3.5450452993369845,3.029279729149294,4.355750944660269,0.39166666666666666,0.07402714241896158,0.31402726920977736,0.8358778625954199
B,oracle_voc,0.001333521432163324,720,3.7608476495453638,3.2299229057358114,4.584998444696838,0.35694444444444445,0.07082560670800415,0.3120059102875277,0.8835877862595419
B,oracle_voc,0.0017782794100389228,720,4.249439617176587,3.5982539699407607,5.280517659097108,0.3375,0.06884814893406209,0.3085227869680946,0.9103053435114504
B,oracle_voc,0.0023713737056616554,720,5.455125012862608,3.9459976839988946,7.721938130620285,0.32222222222222224,0.06699773364424724,0.30102547158060894,0.9312977099236641
B,oracle_voc,0.0031622776601683794,720,5.5658752057145815,4.106963394755813,7.885376567618465,0.3138888888888889,0.06634087231779867,0.3005714725764493,0.9427480916030534
B,oracle_voc,0.004216965034285822,720,7.949280542553811,5.483590475328782,11.208412914720064,0.2902777777777778,0.06399127198674556,0.2926196808291782,0.9751908396946565
B,oracle_voc,0.005623413251903491,720,8.236354616627885,5.76608933099518,11.498123386139037,0.275,0.06278097646763878,0.29186985506945956,0.9961832061068703
B,oracle_voc,0.007498942093324558,720,8.321793878305328,5.936303140239899,11.585720981013962,0.2722222222222222,0.06258873746519221,0.2917490610666795,1.0
B,oracle_voc,0.01,720,8.321793878305328,5.936303140239899,11.585720981013962,0.2722222222222222,0.06258873746519221,0.2917490610666795,1.0
