family,policy,param,n,err_mean,err_lo,err_hi,err_median,err_p90,err_max,cost_mean,cost_lo,cost_hi,wall_mean,n_fine_mean,n_sims_mean,success_rate,precision,recall,f1,waste,miss
id,uniform_coarse,0.0,400,0.11827869664341215,0.09920610000547624,0.1380282357047521,0.0564220957217475,0.27722558014433757,1.1115449150032235,4800.0,4800.0,4800.0,0.026246376722494916,0.0,1.0,0.2125,1.0,0.0,0.0,0.0,0.2075
id,uniform_medium,1.0,400,0.0451754754511213,0.032850711841169465,0.05936651859863208,0.0009954713937283047,0.129040980377482,0.8759592301089023,14400.0,14400.0,14400.0,0.06152966432498943,0.0,1.0,0.7925,1.0,0.0,0.0,0.0,0.2075
id,uniform_fine,2.0,400,0.001051541018479632,0.0008973659542539397,0.0012119299785294192,0.0004381692845408097,0.00324152213645857,0.01686701685090597,48000.0,48000.0,48000.0,0.1989970330624965,12.0,1.0,0.9975,0.022708333333333334,1.0,0.044408229782033,0.9772916666666666,0.0
id,random,0.0,400,0.0451754754511213,0.032850711841169465,0.05936651859863208,0.0009954713937283047,0.129040980377482,0.8759592301089023,14400.0,14400.0,14400.0,0.06152966432498943,0.0,1.0,0.7925,1.0,0.0,0.0,0.0,0.2075
id,random,1.0,400,0.04394505365860423,0.0315947494157374,0.05823836370271663,0.0009534603159791905,0.12494180153561044,0.875937712574859,17200.0,17200.0,17200.0,0.21471185564997997,1.0,1.0,0.8075,0.0175,0.06422018348623854,0.027504911591355603,0.9825,0.19125
id,random,2.0,400,0.039251590114014655,0.026342927877189868,0.0530822924702548,0.0009274080601909158,0.09578559485505482,0.8759470434272871,20000.0,20000.0,20000.0,0.21463909413751936,2.0,1.0,0.8225,0.01875,0.13761467889908258,0.03300330033003301,0.98125,0.17479166666666665
id,random,3.0,400,0.034900561058891715,0.022660542483907274,0.04815384288553067,0.000827973997146958,0.04753249431424014,0.8759466502273326,22800.0,22800.0,22800.0,0.21685725018001675,3.0,1.0,0.845,0.0225,0.24770642201834864,0.04125286478227654,0.9775,0.15083333333333332
id,random,4.0,400,0.030830350658221775,0.019849370582976703,0.04331178102509932,0.0007784208599264097,0.033730046687060776,0.8759818765610149,25600.0,25600.0,25600.0,0.21811550870998644,4.0,1.0,0.8575,0.025,0.3669724770642202,0.046811000585137506,0.975,0.131875
id,random,6.0,400,0.024453759470639054,0.015018153034463114,0.035703065404260166,0.0006789005046288232,0.015537436656673275,0.8300950184772293,31200.0,31200.0,31200.0,0.22118389649003803,6.0,1.0,0.885,0.022916666666666665,0.5045871559633027,0.04384216819449979,0.9770833333333334,0.10166666666666666
id,random,8.0,400,0.019832155127795726,0.011593754894782468,0.030667731182502416,0.0005530395967784721,0.005661698574372733,0.8301404507491559,36800.0,36800.0,36800.0,0.22368899557748137,8.0,1.0,0.9175,0.0225,0.6605504587155964,0.043517679057116954,0.9775,0.07
id,random,12.0,400,0.001051541018479632,0.0008973659542539397,0.0012119299785294192,0.0004381692845408097,0.00324152213645857,0.01686701685090597,48000.0,48000.0,48000.0,0.1989970330624965,12.0,1.0,0.9975,0.022708333333333334,1.0,0.044408229782033,0.9772916666666666,0.0
id,random_structured,0.0,400,0.0451754754511213,0.032850711841169465,0.05936651859863208,0.0009954713937283047,0.129040980377482,0.8759592301089023,14400.0,14400.0,14400.0,0.06152966432498943,0.0,1.0,0.7925,1.0,0.0,0.0,0.0,0.2075
id,random_structured,1.0,400,0.03941799817769162,0.028077443867019585,0.05228088971892667,0.0009505277958929831,0.09855285164615069,0.8759585466374109,17200.0,17200.0,17200.0,0.21129630297254154,1.0,1.0,0.8075,0.03,0.11009174311926606,0.047151277013752456,0.97,0.18375
id,random_structured,2.0,400,0.036859545456584014,0.025223883755644477,0.04918667867231179,0.0009296669885428439,0.0956027891230804,0.8759937675875343,20000.0,20000.0,20000.0,0.21529780469000342,2.0,1.0,0.815,0.01875,0.13761467889908258,0.03300330033003301,0.98125,0.17875
id,random_structured,3.0,400,0.03354619362154016,0.022446823439874485,0.04534598740086239,0.0009052606766767335,0.0828841282793187,0.8760030965775285,22800.0,22800.0,22800.0,0.21604129512999634,3.0,1.0,0.825,0.018333333333333333,0.2018348623853211,0.03361344537815126,0.9816666666666666,0.16583333333333333
id,random_structured,4.0,400,0.02923034682195409,0.01935430216167206,0.04081226885117377,0.0008635969793335807,0.050227587500673694,0.8760027034215274,25586.0,25565.0,25600.0,0.21683027771245406,3.995,1.0,0.84,0.02065081351689612,0.30275229357798167,0.03866432337434095,0.979375,0.14645833333333333
id,random_structured,6.0,400,0.019051374569427723,0.011167389079368381,0.028611728193983683,0.0007095990709648364,0.011819577487769807,0.8759983876489518,31074.0,30983.0,31151.0,0.21932758307752465,5.955,1.0,0.8925,0.02518891687657431,0.5504587155963303,0.04817342432757929,0.975,0.08916666666666666
id,random_structured,8.0,400,0.014603182408415545,0.006985738221105407,0.023230606682988857,0.0005755417919874467,0.005672796279432979,0.8759759809182701,36317.0,36107.0,36513.0,0.2219736553049506,7.8275,1.0,0.9275,0.024592781858831046,0.7064220183486238,0.047530864197530866,0.9757886904761905,0.05708333333333333
id,random_structured,12.0,400,0.001051541018479632,0.0008973659542539397,0.0012119299785294192,0.0004381692845408097,0.00324152213645857,0.01686701685090597,43569.0,43051.0,44059.175,0.21485411468249593,10.4175,1.0,0.9975,0.026157907367410606,1.0,0.0509822263797942,0.9746201298701298,0.0
id,spatial,0.0,400,0.0451754754511213,0.032850711841169465,0.05936651859863208,0.0009954713937283047,0.129040980377482,0.8759592301089023,14400.0,14400.0,14400.0,0.06152966432498943,0.0,1.0,0.7925,1.0,0.0,0.0,0.0,0.2075
id,spatial,1.0,400,0.021706764442370293,0.01367262907870787,0.031065534544073455,0.0006413247178251365,0.009075183413682178,0.7343403833816624,17200.0,17200.0,17200.0,0.20823411410751305,1.0,1.0,0.9025,0.1425,0.5229357798165137,0.22396856581532418,0.8575,0.08270833333333333
id,spatial,2.0,400,0.018962466557182506,0.011849947015040649,0.027232968784836595,0.0005563143682382268,0.008862892016858843,0.7343507437337338,20000.0,20000.0,20000.0,0.2117294320875021,2.0,1.0,0.9075,0.07875,0.5779816513761468,0.1386138613861386,0.92125,0.07479166666666666
id,spatial,3.0,400,0.013149027671501619,0.007586807615279814,0.019245017098120494,0.0005358371010662083,0.006471687153171817,0.6739963206608013,22800.0,22800.0,22800.0,0.21353822268002431,3.0,1.0,0.9225,0.059166666666666666,0.6513761467889908,0.10847975553857907,0.9408333333333333,0.06333333333333332
id,spatial,4.0,400,0.012304570076516468,0.00710002157975128,0.018476795853344514,0.0005372619168304178,0.005638870066746038,0.673996933577309,25600.0,25600.0,25600.0,0.2126819057624948,4.0,1.0,0.93,0.048125,0.7064220183486238,0.0901111761263897,0.951875,0.05416666666666666
id,spatial,6.0,400,0.009626820078949092,0.0049953594144743286,0.014700701264150629,0.0005248032710898284,0.004134968221039071,0.6726278766180598,31200.0,31200.0,31200.0,0.21671576919503877,6.0,1.0,0.9425,0.034583333333333334,0.7614678899082569,0.06616181745715426,0.9654166666666667,0.04770833333333334
id,spatial,8.0,400,0.00442252489129642,0.0014242379565197246,0.008376737874924111,0.00047358258965457534,0.0033673937344152033,0.6655134030584184,36800.0,36800.0,36800.0,0.21900345890749576,8.0,1.0,0.9775,0.0309375,0.908256880733945,0.05983680870353581,0.9690625,0.018125
id,spatial,12.0,400,0.001051541018479632,0.0008973659542539397,0.0012119299785294192,0.0004381692845408097,0.00324152213645857,0.01686701685090597,48000.0,48000.0,48000.0,0.1989970330624965,12.0,1.0,0.9975,0.022708333333333334,1.0,0.044408229782033,0.9772916666666666,0.0
id,adjoint,0.02,400,0.0011120157603003009,0.0009527529039542157,0.001287451342106975,0.0005043229629210846,0.003298311172533953,0.016091482518180822,57677.0,56371.975,58807.175,0.19520050631248978,1.9175,1.6325,0.995,0.1408083441981747,0.9908256880733946,0.24657534246575344,0.5196318542568543,0.0025
id,adjoint,0.05,400,0.0015071066752074265,0.0011120616759393161,0.0021517737263582084,0.0005466913601444023,0.003491912397973884,0.10371408895495027,55468.0,54279.9,56583.025,0.17851811907497223,1.54,1.5525,0.99,0.17207792207792208,0.9724770642201835,0.2924137931034483,0.4332142857142857,0.0075
id,adjoint,0.1,400,0.0026001309085198297,0.0018280336647105873,0.0036973265047920236,0.0006001044406573133,0.004366063686882418,0.11479854870384143,53335.0,52175.75,54444.125,0.16204850015997635,1.2025,1.47,0.9625,0.19542619542619544,0.8623853211009175,0.31864406779661014,0.3618988095238095,0.035
id,adjoint,0.15,400,0.002962646091775118,0.0021234770509084224,0.004132255484220964,0.0006186048773041269,0.004712455799838068,0.11479854870384143,51811.0,50751.8,52881.3,0.1475847917624833,0.9925,1.405,0.9525,0.22670025188916876,0.8256880733944955,0.35573122529644274,0.2918055555555556,0.04041666666666666
id,adjoint,0.2,400,0.004986936519232595,0.0035490530027396877,0.006772545753925522,0.0007189228296270445,0.006257734859804062,0.15282103250042467,50829.0,49795.525,51868.25,0.14003625887249427,0.8475,1.365,0.925,0.22123893805309736,0.6880733944954128,0.33482142857142855,0.2725525793650794,0.06979166666666665
id,adjoint,0.3,400,0.005855444780019034,0.004211811767731513,0.007832632500612767,0.0008525057125154181,0.008937347264956236,0.15282103250042467,49526.0,48586.975,50472.525,0.1281510778500001,0.665,1.31,0.9075,0.2518796992481203,0.6146788990825688,0.35733333333333334,0.22061805555555555,0.08333333333333331
id,adjoint,0.4,400,0.008217412314536581,0.005836287025102964,0.010943179801631182,0.0009010811632844673,0.01143591248238767,0.27445380115299434,48663.0,47736.975,49569.3,0.12066135347749878,0.5625,1.27,0.8925,0.26666666666666666,0.5504587155963303,0.35928143712574856,0.18695833333333334,0.09770833333333333
id,adjoint,0.5,400,0.011057764723293251,0.007309059682585465,0.01543661380499599,0.0009137378069126456,0.014858794255028344,0.4564616932141369,47720.0,46849.975,48619.275,0.11095778950498471,0.47,1.2225,0.8775,0.28191489361702127,0.48623853211009177,0.35690235690235694,0.14187202380952382,0.110625
id,adjoint,0.6,400,0.012798129702031527,0.008545527194789286,0.018011939388051346,0.000919228942183159,0.017311951917400543,0.4564616932141369,47207.0,46387.975,48081.1,0.10595190248498511,0.4025,1.2,0.8725,0.3105590062111801,0.45871559633027525,0.37037037037037035,0.12014583333333333,0.11520833333333332
id,adjoint,0.7,400,0.014408257383396706,0.00977868616346221,0.019634386345445207,0.0009487084460254175,0.03080868916913892,0.4564616932141369,46651.0,45908.8,47443.2,0.09937394235997317,0.3325,1.175,0.86,0.3383458646616541,0.41284403669724773,0.37190082644628103,0.0984375,0.1264583333333333
id,adjoint,0.8,400,0.014422407756207614,0.00978240886593401,0.01965123674736212,0.0009655958834577649,0.03080868916913892,0.4564616932141369,46380.0,45658.75,47131.075,0.09655618003498148,0.3,1.1625,0.86,0.375,0.41284403669724773,0.39301310043668125,0.08526785714285716,0.1264583333333333
id,adjoint,0.9,400,0.015104859135531268,0.010348305975529524,0.02051184397180347,0.0009655958834577649,0.03080868916913892,0.4564616932141369,46281.0,45575.975,47001.375,0.0961045863674849,0.2775,1.16,0.8575,0.38738738738738737,0.3944954128440367,0.39090909090909093,0.08130952380952379,0.12854166666666664
id,adjoint,0.97,400,0.018060254641743698,0.011828600362172838,0.025469675641220248,0.0009581990465483553,0.03176807295062397,0.7450856315188152,45952.0,45265.825,46645.125,0.0922981732124822,0.25,1.1425,0.855,0.39,0.3577981651376147,0.37320574162679426,0.06916666666666665,0.134375
id,oracle,0.002,400,0.001047148723401051,0.0009028038429040007,0.0012146330259513588,0.0005214416974913538,0.0030845364629267236,0.019856508071352863,15744.0,15492.0,15996.175,0.10705115879000913,0.48,1.0,0.9975,0.5677083333333334,1.0,0.7242524916943521,0.141,0.0
id,oracle,0.005,400,0.0012519033483818832,0.0010847024691512856,0.0014322336576460257,0.0005839763098035647,0.0034962753677173835,0.019856508071352863,15394.0,15197.825,15590.0,0.09812553590249763,0.355,1.0,0.9975,0.7676056338028169,1.0,0.8685258964143425,0.06154166666666667,0.0
id,oracle,0.01,400,0.0016662888254507244,0.0014425566228629403,0.0018899465478363243,0.0007058374155631264,0.004783826486907327,0.019856508071352863,15163.0,14995.0,15331.0,0.09125978171250154,0.2725,1.0,0.9975,1.0,1.0,1.0,0.0,0.0
id,oracle,0.02,400,0.0023206288248074653,0.0019626996760076826,0.002677740094027301,0.0007449029336323298,0.006410173721652646,0.019856508071352863,14988.0,14862.0,15121.175,0.08831436201249289,0.21,1.0,0.9375,1.0,0.7706422018348624,0.8704663212435233,0.0,0.03916666666666666
id,oracle,0.05,400,0.004118523074873969,0.003322146815513272,0.0049938959217488005,0.0008761667062967063,0.009283460611396057,0.04978474019726231,14820.0,14722.0,14925.0,0.08230133144748834,0.15,1.0,0.9,1.0,0.5504587155963303,0.7100591715976332,0.0,0.083125
id,oracle,0.1,400,0.006255140649205974,0.004720953108789577,0.007786083870978635,0.0009067237679811213,0.014378378670064485,0.098057889894041,14736.0,14645.0,14834.0,0.07807189361999008,0.12,1.0,0.875,1.0,0.44036697247706424,0.6114649681528662,0.0,0.11020833333333332
id,oracle_flips,0.0,400,0.0010419055654710529,0.0008835338021700622,0.001214024955219238,0.0004366702742290042,0.0032032169594431686,0.020129726555101257,17375.0,16955.0,17837.0,0.12349905211751093,1.0625,1.0,0.9975,0.2564705882352941,1.0,0.4082397003745319,0.3058095238095238,0.0
id,abl_no_uncertainty,0.02,400,0.001721822692423959,0.0013941223009983478,0.002107881424788341,0.0005982186730375885,0.004146834696299652,0.04872595412531966,21129.0,20263.975,21986.025,0.14160648224250963,0.4875,1.3725,0.9725,0.5025641025641026,0.8990825688073395,0.6447368421052632,0.19229166666666664,0.015416666666666665
id,abl_no_uncertainty,0.05,400,0.0018314342494880438,0.0014478711347299452,0.002251409118866102,0.0005982186730375885,0.004275088570495083,0.04872595412531966,20929.0,20076.85,21780.05,0.13942946722000898,0.4675,1.3625,0.9675,0.5133689839572193,0.8807339449541285,0.6486486486486487,0.18083333333333332,0.01708333333333333
id,abl_no_uncertainty,0.1,400,0.0019322325314830794,0.001550686666132946,0.002373725489224351,0.0006186048773041269,0.004533451384431043,0.04872595412531966,20543.0,19684.825,21331.15,0.13482922752250487,0.4325,1.3425,0.965,0.5491329479768786,0.8715596330275229,0.6737588652482269,0.15749999999999997,0.01958333333333333
id,abl_no_uncertainty,0.15,400,0.0020007371601475756,0.0015832571656787787,0.0024413107213314515,0.000629745525010994,0.004584433691914438,0.04872595412531966,20400.0,19547.675,21180.524999999998,0.13310080451500653,0.42,1.335,0.9625,0.5595238095238095,0.8623853211009175,0.6787003610108304,0.15125,0.02208333333333333
id,abl_no_uncertainty,0.2,400,0.0023835638956080044,0.001710667031551521,0.003367146567361841,0.0006416443518909593,0.00467212647101939,0.14283347019341053,20071.0,19226.0,20837.15,0.12948190245250543,0.3925,1.3175,0.96,0.5859872611464968,0.8440366972477065,0.6917293233082706,0.135,0.025416666666666664
id,abl_no_uncertainty,0.3,400,0.003557018014519519,0.00216195951893863,0.005495045089302747,0.0006790889344676226,0.005745496261982058,0.27445380115299434,19478.0,18725.975,20215.0,0.12314199749750288,0.335,1.2875,0.9425,0.6268656716417911,0.7706422018348624,0.6913580246913581,0.11041666666666666,0.04083333333333333
id,abl_no_uncertainty,0.4,400,0.0036428007898651436,0.0022395994919468323,0.005605886401633971,0.0006899096263093818,0.0060282902572665695,0.27445380115299434,19070.0,18332.975,19785.025,0.11815460290750025,0.305,1.265,0.9375,0.6639344262295082,0.7431192660550459,0.7012987012987013,0.09,0.04520833333333333
id,abl_no_uncertainty,0.5,400,0.00419581341225908,0.002657583252879926,0.006383643319023852,0.0007189228296270445,0.006197406630343842,0.27445380115299434,18748.0,18030.85,19457.175,0.11451643999499765,0.28,1.2475,0.93,0.6964285714285714,0.7155963302752294,0.7058823529411765,0.075,0.05020833333333333
id,abl_no_uncertainty,0.6,400,0.004567460635584962,0.0030136669987578853,0.006742269128590677,0.0007368186291251688,0.006858213441605917,0.27445380115299434,18247.0,17538.0,18964.15,0.10874288363749883,0.2425,1.22,0.915,0.7422680412371134,0.6605504587155964,0.6990291262135923,0.055,0.06104166666666666
id,abl_no_uncertainty,0.7,400,0.005280322667090276,0.003661247954391901,0.007520246368428022,0.0007603614116483692,0.008857216817884934,0.27445380115299434,17810.0,17115.8,18512.175,0.10357095013249591,0.215,1.195,0.905,0.7674418604651163,0.6055045871559633,0.6769230769230771,0.0425,0.073125
id,abl_no_uncertainty,0.8,400,0.00707141160990741,0.004495535723899137,0.010517602964537251,0.0008013041955275135,0.009283460611396057,0.4564616932141369,17402.0,16792.475,18062.15,0.09878239205999534,0.185,1.1725,0.9,0.8378378378378378,0.5688073394495413,0.6775956284153005,0.02625,0.08020833333333333
id,abl_no_uncertainty,0.9,400,0.011205589833328873,0.007292045516161887,0.016165662513575187,0.0008761667062967063,0.013339484835287683,0.4564616932141369,16865.0,16263.0,17460.0,0.09249927189498976,0.1475,1.1425,0.8825,0.8813559322033898,0.47706422018348627,0.6190476190476191,0.015,0.100625
id,abl_no_uncertainty,0.97,400,0.014917048665066587,0.009734598315358542,0.02138626248294463,0.0009148824053468174,0.024327120601369597,0.5595340054610423,16385.0,15905.0,16908.175,0.08690407437248496,0.1175,1.115,0.855,0.8936170212765957,0.3853211009174312,0.5384615384615384,0.0125,0.125625
id,abl_no_uncertainty_seq,0.02,400,0.0016532692694143402,0.0013387677467312157,0.0020382975241547414,0.0005883318133486984,0.004122863625146123,0.04872595412531966,23647.0,22203.975,25143.3,0.172280103195003,0.5075,1.5075,0.98,0.49261083743842365,0.9174311926605505,0.6410256410256411,0.19229166666666664,0.013333333333333332
id,abl_no_uncertainty_seq,0.05,400,0.0016870935355839294,0.0013622622656026696,0.0020766669285232327,0.0005883318133486984,0.004122863625146123,0.04872595412531966,23197.0,21838.275,24643.675,0.16749306632750632,0.485,1.485,0.9775,0.5103092783505154,0.908256880733945,0.6534653465346534,0.18145833333333333,0.014583333333333332
id,abl_no_uncertainty_seq,0.1,400,0.0018096182002316137,0.0014571958938885221,0.002206541454458706,0.0006186048773041269,0.004475448280788245,0.04872595412531966,22190.0,20938.475,23412.175,0.15618983399500166,0.435,1.435,0.97,0.5574712643678161,0.8899082568807339,0.6855123674911661,0.15625,0.016666666666666666
id,abl_no_uncertainty_seq,0.15,400,0.0020151485486802046,0.00159218373434033,0.0024599579231626163,0.0006243887944920035,0.00467212647101939,0.04872595412531966,21847.0,20651.625,23013.325,0.152144291457505,0.4175,1.4175,0.96,0.5568862275449101,0.8532110091743119,0.6739130434782609,0.15125,0.02333333333333333
id,abl_no_uncertainty_seq,0.2,400,0.0023751959548752844,0.0017059476077733787,0.0033315367409145324,0.0006243887944920035,0.00467212647101939,0.14283347019341053,21396.0,20237.825,22540.325,0.14674095592250297,0.3925,1.3925,0.9575,0.5796178343949044,0.8348623853211009,0.6842105263157895,0.135,0.026666666666666665
id,abl_no_uncertainty_seq,0.3,400,0.003248353791368942,0.0019970381808820763,0.005186406501710581,0.0006681043257931677,0.005633658290159829,0.27445380115299434,20673.0,19557.975,21746.2,0.138168888647499,0.3525,1.3525,0.945,0.6099290780141844,0.7889908256880734,0.6880000000000001,0.11416666666666667,0.03916666666666666
id,abl_no_uncertainty_seq,0.4,400,0.003380823530758753,0.0021068381769484223,0.005305429555611737,0.0006790889344676226,0.005823202758132796,0.27445380115299434,19936.0,18913.0,20931.05,0.1293186314024956,0.3125,1.3125,0.94,0.656,0.7522935779816514,0.7008547008547009,0.09166666666666666,0.044375
id,abl_no_uncertainty_seq,0.5,400,0.003695757299226293,0.0023761680164187332,0.00565152594075114,0.000724920182580413,0.006175903718687515,0.27445380115299434,19371.0,18461.65,20323.2,0.12291450918249211,0.2825,1.2825,0.9325,0.6991150442477876,0.7247706422018348,0.7117117117117118,0.075,0.049375
id,abl_no_uncertainty_seq,0.6,400,0.004255357671711445,0.0026809345576189626,0.0062933717302725125,0.0007449029336323298,0.006638322021709842,0.27445380115299434,18848.0,17946.0,19784.575,0.11655375539249235,0.2525,1.2525,0.9225,0.7425742574257426,0.6880733944954128,0.7142857142857144,0.055,0.058125
id,abl_no_uncertainty_seq,0.7,400,0.005169555865937203,0.003581843870217684,0.007386125600309611,0.0007817960013419278,0.007961386879515692,0.27445380115299434,18161.0,17372.825,18992.55,0.10846393806999004,0.215,1.215,0.9075,0.7674418604651163,0.6055045871559633,0.6769230769230771,0.0425,0.073125
id,abl_no_uncertainty_seq,0.8,400,0.0068615065745594814,0.004329759965563007,0.010246690331268894,0.0008013041955275135,0.008942541230145528,0.4564616932141369,17674.0,16964.825,18447.175,0.10261397756999031,0.1875,1.1875,0.9025,0.84,0.5779816513761468,0.6847826086956522,0.02625,0.079375
id,abl_no_uncertainty_seq,0.9,400,0.010959914828733508,0.007037433674143932,0.015758628937925047,0.0008761667062967063,0.012671295964730954,0.4564616932141369,17058.0,16385.0,17710.524999999998,0.09510978425248823,0.1525,1.1525,0.885,0.8688524590163934,0.48623853211009177,0.6235294117647059,0.01625,0.09979166666666667
id,abl_no_uncertainty_seq,0.97,400,0.014917289709763774,0.009734598315358542,0.02138650955375924,0.0009148824053468174,0.024327120601369597,0.5595340054610423,16478.0,15954.825,17065.0,0.08839565218998359,0.12,1.12,0.855,0.875,0.3853211009174312,0.5350318471337581,0.01375,0.125625
id,abl_no_graph,0.02,400,0.0010747122133427302,0.0009065693792377503,0.0012541113986063851,0.0004380002698390062,0.0032032169594431686,0.020183987968478423,27198.0,26107.3,28276.05,0.18625876019250426,1.485,1.6,0.9975,0.18181818181818182,0.9908256880733946,0.30725462304409673,0.4705416666666667,0.0008333333333333333
id,abl_no_graph,0.05,400,0.002922723629818441,0.0010420172154556565,0.006364775719658079,0.0004380002698390062,0.0032905901063538584,0.6632020819596169,26305.0,25246.35,27356.05,0.18117636444498886,1.3075,1.5725,0.9875,0.1988527724665392,0.9541284403669725,0.32911392405063294,0.44240476190476197,0.008333333333333333
id,abl_no_graph,0.1,400,0.008125787635421027,0.0032041486661983564,0.014370810061589582,0.0004886418169393197,0.0035729484912032346,0.7206605703575502,25177.0,24183.0,26190.125,0.17306647635999525,1.0975,1.535,0.9675,0.21867881548974943,0.8807339449541285,0.3503649635036496,0.4046666666666667,0.021875
id,abl_no_graph,0.15,400,0.010849229893544941,0.005084521838663654,0.018194488370838993,0.0005106208550758329,0.0038664580005728882,0.7246188048744968,24220.0,23211.925,25242.025,0.16702901299250697,0.91,1.505,0.96,0.25274725274725274,0.8440366972477065,0.38900634249471455,0.3611666666666666,0.028125
id,abl_no_graph,0.2,400,0.015030949738369532,0.008081061610456112,0.023393524742631743,0.0005440848361745534,0.005085806296907852,0.7343403833816624,22819.0,21896.85,23766.1,0.15600661635500046,0.6925,1.45,0.935,0.2815884476534296,0.7155963302752294,0.40414507772020725,0.31033333333333335,0.051875
id,abl_no_graph,0.3,400,0.018545193971788217,0.0116947579068415,0.02719866085816375,0.0005759601316060181,0.007091338985253478,0.7343403833816624,21560.0,20699.55,22435.1,0.14635301806751158,0.5,1.4,0.9075,0.32,0.5871559633027523,0.41423948220064727,0.26416666666666666,0.076875
id,abl_no_graph,0.4,400,0.020622481099214274,0.012971224351512059,0.029532121960075822,0.0006342230282436467,0.011370207973916033,0.7343403833816624,20546.0,19737.0,21354.05,0.13577584219000755,0.395,1.35,0.895,0.35443037974683544,0.5137614678899083,0.41947565543071164,0.22075,0.08854166666666666
id,abl_no_graph,0.5,400,0.024664062691574368,0.01588584535639227,0.034871409566496654,0.0006899096263093818,0.01334407295471535,0.7588145014056513,19494.0,18726.475,20289.0,0.12339928694250375,0.315,1.2925,0.89,0.3968253968253968,0.45871559633027525,0.42553191489361697,0.17125,0.09770833333333333
id,abl_no_graph,0.6,400,0.02693025017508014,0.01744293073038028,0.037500677656638226,0.0007334096841032367,0.02745179684914301,0.7588145014056513,18420.0,17688.825,19136.375,0.11046820076250015,0.24,1.2325,0.875,0.4270833333333333,0.3761467889908257,0.4,0.13125,0.11541666666666667
id,abl_no_graph,0.7,400,0.028887336638559545,0.019383099402426034,0.03994253690082353,0.0008525057125154181,0.036251046723004735,0.7588145014056513,17109.0,16464.0,17668.0,0.09460969998499649,0.1575,1.1575,0.8575,0.5079365079365079,0.29357798165137616,0.37209302325581395,0.0775,0.13458333333333333
id,abl_no_graph,0.8,400,0.03465993795544646,0.023700915098423016,0.04582222289741135,0.0009148824053468174,0.08707529748603567,0.7588145014056513,15948.0,15475.0,16421.0,0.08020933459499474,0.09,1.09,0.8325,0.5833333333333334,0.1926605504587156,0.2896551724137931,0.0375,0.16041666666666665
id,abl_no_graph,0.9,400,0.042196440853868256,0.030211962379810862,0.05650876703358028,0.0009877226977934028,0.11256755013389043,0.8759592301089023,14959.0,14701.0,15260.0,0.06824437088499052,0.0325,1.0325,0.81,0.7692307692307693,0.09174311926605505,0.16393442622950818,0.0075,0.18541666666666665
id,abl_no_graph,0.97,400,0.043726714412614706,0.03151757462236662,0.05805001199723252,0.0009954713937283047,0.129040980377482,0.8759592301089023,14572.0,14443.0,14744.0,0.06358576469998979,0.01,1.01,0.8,1.0,0.03669724770642202,0.07079646017699115,0.0,0.19875
id,abl_no_graph_seq,0.02,400,0.002399786067662147,0.0010046845784023447,0.004659793964174683,0.0004377077710134604,0.0032788481656098327,0.35434978782514537,42066.0,38676.5,45532.875,0.3561850398050024,1.37,2.37,0.9925,0.19343065693430658,0.9724770642201835,0.32267884322678847,0.4705,0.004583333333333333
id,abl_no_graph_seq,0.05,400,0.0044493410174952655,0.0014385731696341646,0.009328040889669556,0.0004560480202072531,0.0034582281594030878,0.650348187286685,38048.0,35070.5,41119.75,0.3196169524724974,1.195,2.195,0.9825,0.21338912133891214,0.9357798165137615,0.3475298126064736,0.4422499999999999,0.013333333333333332
id,abl_no_graph_seq,0.1,400,0.008662738544112472,0.0037775217312413486,0.015132328948082455,0.000519514551305722,0.003692141432052909,0.650348187286685,33764.0,31250.2,36357.375,0.2778680162900082,1.0025,2.0025,0.965,0.2344139650872818,0.8623853211009175,0.3686274509803922,0.4030416666666666,0.025
id,abl_no_graph_seq,0.15,400,0.010115115540846662,0.004976992495904192,0.016543573432585224,0.0005391561972093104,0.004475237261269412,0.6530904200715866,30026.0,27902.6,32207.05,0.24023834375500883,0.8275,1.8275,0.9475,0.2628398791540785,0.7981651376146789,0.3954545454545454,0.36341666666666667,0.034375
id,abl_no_graph_seq,0.2,400,0.01577103535693082,0.009306524320324597,0.02356002518535205,0.0006017302814529807,0.0062152068248214325,0.6653941589480321,26300.0,24643.95,28124.075,0.201543209270003,0.6475,1.6475,0.925,0.277992277992278,0.6605504587155964,0.391304347826087,0.31233333333333335,0.06
id,abl_no_graph_seq,0.3,400,0.021132153973663633,0.013273427608969181,0.030335381561503814,0.0006243887944920035,0.00890613024796767,0.7343403833816624,22943.0,21661.525,24232.55,0.16435102781500063,0.48,1.48,0.905,0.3125,0.5504587155963303,0.398671096345515,0.26775,0.08145833333333333
id,abl_no_graph_seq,0.4,400,0.022397143126104503,0.01415042458397172,0.03205288951252072,0.000646121855123612,0.009072154927287659,0.7343403833816624,21262.0,20253.65,22292.175,0.14442475222500206,0.39,1.39,0.9,0.358974358974359,0.5137614678899083,0.4226415094339622,0.21899999999999997,0.086875
id,abl_no_graph_seq,0.5,400,0.02444959259131209,0.01566068020928617,0.034622955723618995,0.0006899096263093818,0.012497328222448114,0.7588145014056513,20023.0,19064.95,21059.325,0.12952780064749958,0.32,1.32,0.8925,0.3984375,0.46788990825688076,0.43037974683544306,0.17149999999999999,0.09645833333333333
id,abl_no_graph_seq,0.6,400,0.026854159038451307,0.017416884653730952,0.03748885114403724,0.000724920182580413,0.0267071244369437,0.7588145014056513,18549.0,17768.0,19316.175,0.11202715678249887,0.24,1.24,0.8775,0.4375,0.3853211009174312,0.40975609756097564,0.13,0.11291666666666667
id,abl_no_graph_seq,0.7,400,0.028887336638559545,0.019383099402426034,0.03994253690082353,0.0008525057125154181,0.036251046723004735,0.7588145014056513,17109.0,16464.0,17668.0,0.09460969998499649,0.1575,1.1575,0.8575,0.5079365079365079,0.29357798165137616,0.37209302325581395,0.0775,0.13458333333333333
id,abl_no_graph_seq,0.8,400,0.03465993795544646,0.023700915098423016,0.04582222289741135,0.0009148824053468174,0.08707529748603567,0.7588145014056513,15948.0,15475.0,16421.0,0.08020933459499474,0.09,1.09,0.8325,0.5833333333333334,0.1926605504587156,0.2896551724137931,0.0375,0.16041666666666665
id,abl_no_graph_seq,0.9,400,0.042196440853868256,0.030211962379810862,0.05650876703358028,0.0009877226977934028,0.11256755013389043,0.8759592301089023,14959.0,14701.0,15260.0,0.06824437088499052,0.0325,1.0325,0.81,0.7692307692307693,0.09174311926605505,0.16393442622950818,0.0075,0.18541666666666665
id,abl_no_graph_seq,0.97,400,0.043726714412614706,0.03151757462236662,0.05805001199723252,0.0009954713937283047,0.129040980377482,0.8759592301089023,14572.0,14443.0,14744.0,0.06358576469998979,0.01,1.01,0.8,1.0,0.03669724770642202,0.07079646017699115,0.0,0.19875
id,abl_no_trajectory,0.02,400,0.004368590767337032,0.002216949373928274,0.00727097686177548,0.0005767614953419431,0.0047085411731925715,0.3651530215523291,26546.0,25648.0,27372.125,0.20105670738250184,0.995,1.65,0.9475,0.2135678391959799,0.7798165137614679,0.33530571992110453,0.5190833333333333,0.03625
id,abl_no_trajectory,0.05,400,0.0051504186304615965,0.0025594580711891164,0.008471765437497466,0.0005979478379379288,0.00480962472429373,0.3651530215523291,25376.0,24459.775,26242.1,0.18938811141249517,0.86,1.595,0.9425,0.24127906976744187,0.7614678899082569,0.36644591611479027,0.454375,0.03958333333333333
id,abl_no_trajectory,0.1,400,0.005473710687464941,0.002725706343110351,0.00887089761621665,0.0006236090810174937,0.005633658290159829,0.3651530215523291,24319.0,23444.875,25192.0,0.1779122074924976,0.7525,1.5425,0.94,0.26578073089701,0.7339449541284404,0.3902439024390244,0.400625,0.04291666666666666
id,abl_no_trajectory,0.15,400,0.006318658390062143,0.0032498552788806723,0.01032417212311115,0.0006140427203145653,0.005733295262417284,0.3651530215523291,23776.0,22903.75,24706.025,0.17104002172500712,0.7,1.515,0.935,0.275,0.7064220183486238,0.39588688946015427,0.373125,0.0475
id,abl_no_trajectory,0.2,400,0.006794409297281359,0.0035032041072363394,0.010647464178108666,0.0006353928817128818,0.0058981739137117985,0.3651530215523291,23391.0,22495.85,24286.15,0.16731839316750438,0.6525,1.4975,0.9325,0.29118773946360155,0.6972477064220184,0.41081081081081083,0.35375,0.05
id,abl_no_trajectory,0.3,400,0.010862535208615316,0.005166222603247365,0.017015408567994182,0.0006353928817128818,0.006234392244925177,0.7450693028016779,22620.0,21739.3,23464.725,0.15942319674750025,0.57,1.46,0.93,0.3201754385964912,0.6697247706422018,0.43323442136498513,0.31125,0.054375
id,abl_no_trajectory,0.4,400,0.01129662542312193,0.005521115815080554,0.017453288728673202,0.0006533280954594475,0.006652793415033945,0.7450693028016779,21890.0,21010.0,22735.2,0.15087867547250425,0.515,1.42,0.9225,0.33495145631067963,0.6330275229357798,0.4380952380952381,0.2758333333333333,0.06270833333333332
id,abl_no_trajectory,0.5,400,0.01283639486990524,0.006615213675066392,0.019672148574518978,0.0006790889344676226,0.006927475411723777,0.7450693028016779,21168.0,20308.625,21943.35,0.14318799379499977,0.45,1.3825,0.915,0.36666666666666664,0.6055045871559633,0.45674740484429066,0.24166666666666664,0.07020833333333333
id,abl_no_trajectory,0.6,400,0.01472878877527349,0.008403334801542602,0.021786301264829683,0.0006790889344676226,0.00915199163828278,0.7450693028016779,20345.0,19512.825,21183.025,0.13381739919999971,0.3875,1.3375,0.9025,0.3870967741935484,0.5504587155963303,0.45454545454545453,0.20625,0.08166666666666667
id,abl_no_trajectory,0.7,400,0.015093771185365847,0.008647294551107588,0.02202397760289478,0.0006899096263093818,0.009283460611396057,0.7450693028016779,19579.0,18833.975,20381.2,0.12473977130499861,0.3325,1.295,0.9,0.43609022556390975,0.5321100917431193,0.4793388429752066,0.1675,0.08541666666666665
id,abl_no_trajectory,0.8,400,0.018363414604160144,0.01113694907499069,0.02606819994191098,0.0007334096841032367,0.011821194074065582,0.7450693028016779,18741.0,18038.825,19508.15,0.11444284090249994,0.2775,1.2475,0.8875,0.46846846846846846,0.47706422018348627,0.4727272727272727,0.13125,0.09791666666666667
id,abl_no_trajectory,0.9,400,0.02137410442639851,0.013722897522696103,0.029824045936855646,0.0007449029336323298,0.019893276410389925,0.7450856315188152,17889.0,17236.825,18542.15,0.10405250197999749,0.2175,1.2,0.8725,0.4942528735632184,0.3944954128440367,0.4387755102040817,0.1,0.11625
id,abl_no_trajectory,0.97,400,0.021973435925593355,0.014245220371274812,0.030506472264355967,0.0007744167322449313,0.029287850693056748,0.7450856315188152,17216.0,16593.0,17818.0,0.09609955433499408,0.17,1.1625,0.8625,0.5441176470588235,0.3394495412844037,0.41807909604519766,0.0725,0.12625
id,abl_no_trajectory_seq,0.02,400,0.004286835024601422,0.002027504610814906,0.007525399875973737,0.0005772786343307135,0.004520714960069446,0.3651530215523291,33657.0,31591.6,35529.299999999996,0.28312830473748135,1.0325,2.0325,0.9525,0.2106537530266344,0.7981651376146789,0.3333333333333333,0.5152083333333333,0.035
id,abl_no_trajectory_seq,0.05,400,0.0043284022988967375,0.0020931790027607466,0.007546275767293537,0.0005979478379379288,0.004677106495265721,0.3651530215523291,30857.0,29112.675,32578.2,0.2536627007224888,0.8925,1.8925,0.95,0.24089635854341737,0.7889908256880734,0.36909871244635195,0.45479166666666665,0.0375
id,abl_no_trajectory_seq,0.1,400,0.0047901297025014335,0.0024178252779318236,0.0079516790879916,0.0006236090810174937,0.004996479681911031,0.3651530215523291,28841.0,27239.85,30496.275,0.23130425905499352,0.7875,1.7875,0.9425,0.2634920634920635,0.7614678899082569,0.3915094339622642,0.39625,0.04041666666666666
id,abl_no_trajectory_seq,0.15,400,0.005764610851547729,0.0031067891882158387,0.009172521519151667,0.0006236090810174937,0.005633658290159829,0.3651530215523291,27120.0,25689.875,28664.2,0.21179326784249725,0.7025,1.7025,0.9375,0.28113879003558717,0.7247706422018348,0.40512820512820513,0.3660416666666667,0.04583333333333334
id,abl_no_trajectory_seq,0.2,400,0.00803286175019871,0.003878011157168395,0.013348082352938322,0.0006439567286223857,0.005733295262417284,0.7450693028016779,26205.0,24804.975,27672.375,0.201660543925002,0.655,1.655,0.935,0.29389312977099236,0.7064220183486238,0.4150943396226415,0.3464583333333333,0.04958333333333334
id,abl_no_trajectory_seq,0.3,400,0.01054060908845166,0.005087142038392725,0.01649844198439106,0.0006439567286223857,0.005901228597722944,0.7450693028016779,24675.0,23377.85,25992.3,0.18432846753750937,0.575,1.575,0.9325,0.3217391304347826,0.6788990825688074,0.43657817109144537,0.30645833333333333,0.051875
id,abl_no_trajectory_seq,0.4,400,0.010766071343496957,0.005248116316545797,0.016881020125872986,0.0006533280954594475,0.0063833438561853575,0.7450693028016779,23238.0,22072.0,24363.475,0.16839418634250478,0.5,1.5,0.9275,0.36,0.6605504587155964,0.46601941747572817,0.26791666666666664,0.056875
id,abl_no_trajectory_seq,0.5,400,0.012327562410128525,0.006369426387299104,0.01911029683549055,0.0006859318742394554,0.006652793415033945,0.7450693028016779,22343.0,21254.475,23425.35,0.15774014095750089,0.45,1.45,0.92,0.38333333333333336,0.6330275229357798,0.4775086505190312,0.23666666666666664,0.06437499999999999
id,abl_no_trajectory_seq,0.6,400,0.014738169651157746,0.008398117522960765,0.021828940704800747,0.0006859318742394554,0.00893785265498725,0.7450693028016779,21062.0,20059.45,22128.025,0.14292267359000335,0.38,1.38,0.905,0.40131578947368424,0.5596330275229358,0.4674329501915709,0.2025,0.08083333333333333
id,abl_no_trajectory_seq,0.7,400,0.015108504472071125,0.008647160379764172,0.02202449026446406,0.000702598810810029,0.009283460611396057,0.7450693028016779,19974.0,19149.825,20862.0,0.13012747050750023,0.32,1.32,0.9,0.453125,0.5321100917431193,0.48945147679324896,0.16375,0.08541666666666665
id,abl_no_trajectory_seq,0.8,400,0.019520903037207306,0.011815933660087917,0.027658699473767263,0.0007368186291251688,0.011821194074065582,0.7450693028016779,19007.0,18226.0,19874.175,0.11829991501249879,0.265,1.265,0.89,0.49056603773584906,0.47706422018348627,0.4837209302325582,0.12625,0.0975
id,abl_no_trajectory_seq,0.9,400,0.0213740397719021,0.013722895906333693,0.029823981282359236,0.0007449029336323298,0.019893276410389925,0.7450856315188152,18140.0,17388.0,18907.35,0.10732680112249682,0.215,1.215,0.8725,0.5,0.3944954128440367,0.441025641025641,0.09875,0.11625
id,abl_no_trajectory_seq,0.97,400,0.021912337231585546,0.014131327717221196,0.030490588927614845,0.0007744167322449313,0.02745990293301559,0.7450856315188152,17395.0,16707.0,18104.175,0.09836103439999079,0.1725,1.1725,0.865,0.5507246376811594,0.3486238532110092,0.4269662921348315,0.0725,0.12541666666666668
id,abl_intervention_only,0.02,400,0.016171770471453354,0.009796044278727791,0.023277904540295238,0.0005325090397363536,0.006412003058624997,0.673949388144734,32937.0,31877.8,33818.2,0.23748452691000466,2.3775,1.825,0.92,0.07570977917981073,0.6605504587155964,0.1358490566037736,0.7639166666666668,0.06479166666666666
id,abl_intervention_only,0.05,400,0.021983916997201477,0.013762478901766916,0.03123680467220479,0.0006044879013448554,0.010560482002964276,0.7343403833816624,24774.0,23863.85,25664.125,0.18362527919249488,0.735,1.5775,0.8975,0.19047619047619047,0.5137614678899083,0.27791563275434245,0.4584583333333333,0.08729166666666666
id,abl_intervention_only,0.1,400,0.022714341572216076,0.014418125834432046,0.03205319711528171,0.0006532235372621476,0.010667131288428455,0.7343403833816624,22527.0,21667.0,23344.0,0.16119257317499888,0.4725,1.4725,0.8975,0.2857142857142857,0.4954128440366973,0.3624161073825503,0.3375,0.08895833333333332
id,abl_intervention_only,0.15,400,0.022713925785620943,0.014417838117261985,0.03205266372713997,0.0006532235372621476,0.010667131288428455,0.7343403833816624,21624.0,20807.0,22484.0,0.14994244229999823,0.42,1.42,0.8975,0.32142857142857145,0.4954128440366973,0.3898916967509025,0.285,0.08895833333333332
id,abl_intervention_only,0.2,400,0.022792934312375595,0.01443493998003684,0.03219288839842594,0.0006645225735987057,0.012527671376672364,0.7343403833816624,21108.0,20291.0,21925.0,0.14319593091749994,0.39,1.39,0.895,0.33974358974358976,0.48623853211009177,0.39999999999999997,0.2575,0.09145833333333332
id,abl_intervention_only,0.3,400,0.023844203316335764,0.015796336615057683,0.03324496908711305,0.0007088483564944847,0.02745179684914301,0.7343403833816624,19947.0,19173.0,20721.0,0.1293913869074936,0.3225,1.3225,0.88,0.3643410852713178,0.43119266055045874,0.3949579831932773,0.205,0.10645833333333332
id,abl_intervention_only,0.4,400,0.02688100459320703,0.018370335709672284,0.036861014935066536,0.0007337051834147568,0.03570785330900425,0.7343403833816624,18614.0,17883.0,19345.0,0.11290016495499458,0.245,1.245,0.87,0.42857142857142855,0.3853211009174312,0.4057971014492754,0.14,0.11770833333333332
id,abl_intervention_only,0.5,400,0.02779552292596228,0.01899411432796227,0.03793358765514177,0.0007528369406896718,0.03964561290196479,0.7397045865268583,17797.0,17152.0,18442.0,0.10290989292999257,0.1975,1.1975,0.865,0.4936708860759494,0.3577981651376147,0.4148936170212766,0.1,0.12333333333333332
id,abl_intervention_only,0.6,400,0.03936232973884659,0.027685694007484368,0.051625469830277604,0.0009159343811210863,0.11569492834659596,0.830046798024314,16077.0,15561.0,16593.0,0.08194329156498725,0.0975,1.0975,0.82,0.41025641025641024,0.14678899082568808,0.21621621621621623,0.0575,0.17375
id,abl_intervention_only,0.7,400,0.0451754754511213,0.032850711841169465,0.05936651859863208,0.0009954713937283047,0.129040980377482,0.8759592301089023,14400.0,14400.0,14400.0,0.06152966432498943,0.0,1.0,0.7925,1.0,0.0,0.0,0.0,0.2075
id,abl_intervention_only,0.8,400,0.0451754754511213,0.032850711841169465,0.05936651859863208,0.0009954713937283047,0.129040980377482,0.8759592301089023,14400.0,14400.0,14400.0,0.06152966432498943,0.0,1.0,0.7925,1.0,0.0,0.0,0.0,0.2075
id,abl_intervention_only,0.9,400,0.0451754754511213,0.032850711841169465,0.05936651859863208,0.0009954713937283047,0.129040980377482,0.8759592301089023,14400.0,14400.0,14400.0,0.06152966432498943,0.0,1.0,0.7925,1.0,0.0,0.0,0.0,0.2075
id,abl_intervention_only,0.97,400,0.0451754754511213,0.032850711841169465,0.05936651859863208,0.0009954713937283047,0.129040980377482,0.8759592301089023,14400.0,14400.0,14400.0,0.06152966432498943,0.0,1.0,0.7925,1.0,0.0,0.0,0.0,0.2075
id,abl_intervention_only_seq,0.02,400,0.016171375368809634,0.009795312439218544,0.023277486969903262,0.0005325090397363536,0.006412003058624997,0.673949388144734,61784.0,57684.875,65322.125,0.5530699935425036,2.295,3.295,0.92,0.0784313725490196,0.6605504587155964,0.14021421616358326,0.7632916666666667,0.06479166666666666
id,abl_intervention_only_seq,0.05,400,0.021983916997201477,0.013762478901766916,0.03123680467220479,0.0006044879013448554,0.010560482002964276,0.7343403833816624,27770.0,26098.675,29389.175,0.2170725709025055,0.735,1.735,0.8975,0.19047619047619047,0.5137614678899083,0.27791563275434245,0.4584583333333333,0.08729166666666666
id,abl_intervention_only_seq,0.1,400,0.022714341572216076,0.014418125834432046,0.03205319711528171,0.0006532235372621476,0.010667131288428455,0.7343403833816624,22527.0,21667.0,23344.0,0.16119257317499888,0.4725,1.4725,0.8975,0.2857142857142857,0.4954128440366973,0.3624161073825503,0.3375,0.08895833333333332
id,abl_intervention_only_seq,0.15,400,0.022713925785620943,0.014417838117261985,0.03205266372713997,0.0006532235372621476,0.010667131288428455,0.7343403833816624,21624.0,20807.0,22484.0,0.14994244229999823,0.42,1.42,0.8975,0.32142857142857145,0.4954128440366973,0.3898916967509025,0.285,0.08895833333333332
id,abl_intervention_only_seq,0.2,400,0.022792934312375595,0.01443493998003684,0.03219288839842594,0.0006645225735987057,0.012527671376672364,0.7343403833816624,21108.0,20291.0,21925.0,0.14319593091749994,0.39,1.39,0.895,0.33974358974358976,0.48623853211009177,0.39999999999999997,0.2575,0.09145833333333332
id,abl_intervention_only_seq,0.3,400,0.023844203316335764,0.015796336615057683,0.03324496908711305,0.0007088483564944847,0.02745179684914301,0.7343403833816624,19947.0,19173.0,20721.0,0.1293913869074936,0.3225,1.3225,0.88,0.3643410852713178,0.43119266055045874,0.3949579831932773,0.205,0.10645833333333332
id,abl_intervention_only_seq,0.4,400,0.02688100459320703,0.018370335709672284,0.036861014935066536,0.0007337051834147568,0.03570785330900425,0.7343403833816624,18614.0,17883.0,19345.0,0.11290016495499458,0.245,1.245,0.87,0.42857142857142855,0.3853211009174312,0.4057971014492754,0.14,0.11770833333333332
id,abl_intervention_only_seq,0.5,400,0.02779552292596228,0.01899411432796227,0.03793358765514177,0.0007528369406896718,0.03964561290196479,0.7397045865268583,17797.0,17152.0,18442.0,0.10290989292999257,0.1975,1.1975,0.865,0.4936708860759494,0.3577981651376147,0.4148936170212766,0.1,0.12333333333333332
id,abl_intervention_only_seq,0.6,400,0.03936232973884659,0.027685694007484368,0.051625469830277604,0.0009159343811210863,0.11569492834659596,0.830046798024314,16077.0,15561.0,16593.0,0.08194329156498725,0.0975,1.0975,0.82,0.41025641025641024,0.14678899082568808,0.21621621621621623,0.0575,0.17375
id,abl_intervention_only_seq,0.7,400,0.0451754754511213,0.032850711841169465,0.05936651859863208,0.0009954713937283047,0.129040980377482,0.8759592301089023,14400.0,14400.0,14400.0,0.06152966432498943,0.0,1.0,0.7925,1.0,0.0,0.0,0.0,0.2075
id,abl_intervention_only_seq,0.8,400,0.0451754754511213,0.032850711841169465,0.05936651859863208,0.0009954713937283047,0.129040980377482,0.8759592301089023,14400.0,14400.0,14400.0,0.06152966432498943,0.0,1.0,0.7925,1.0,0.0,0.0,0.0,0.2075
id,abl_intervention_only_seq,0.9,400,0.0451754754511213,0.032850711841169465,0.05936651859863208,0.0009954713937283047,0.129040980377482,0.8759592301089023,14400.0,14400.0,14400.0,0.06152966432498943,0.0,1.0,0.7925,1.0,0.0,0.0,0.0,0.2075
id,abl_intervention_only_seq,0.97,400,0.0451754754511213,0.032850711841169465,0.05936651859863208,0.0009954713937283047,0.129040980377482,0.8759592301089023,14400.0,14400.0,14400.0,0.06152966432498943,0.0,1.0,0.7925,1.0,0.0,0.0,0.0,0.2075
id,abl_gbm,0.02,400,0.0014270111911077429,0.0011869370208129532,0.001683142705003409,0.0005426906535127909,0.003773391281292068,0.027699267638621627,22035.0,21110.875,22918.475,0.15083268496749724,0.5925,1.415,0.985,0.4345991561181435,0.944954128440367,0.5953757225433526,0.243125,0.007291666666666666
id,abl_gbm,0.05,400,0.0018299334860157114,0.001333045902796218,0.0025625518412965933,0.0006020011165526404,0.003956977588338642,0.11814189476058967,20906.0,20033.975,21750.524999999998,0.13831735751749874,0.485,1.3575,0.975,0.5103092783505154,0.908256880733945,0.6534653465346534,0.17895833333333333,0.012916666666666665
id,abl_gbm,0.1,400,0.002206244164541228,0.0014765522391881115,0.0033217294772577765,0.0006186048773041269,0.0041289558368919925,0.14283347019341053,20506.0,19647.975,21314.55,0.13425179971999796,0.445,1.3375,0.9725,0.550561797752809,0.8990825688073395,0.6829268292682926,0.155,0.015416666666666665
id,abl_gbm,0.15,400,0.0024042520859018763,0.001632017998423748,0.003536499079689946,0.0006116171411418708,0.004282701501678337,0.14283347019341053,19984.0,19138.825,20794.125,0.12846983797250458,0.4,1.31,0.965,0.5875,0.8623853211009175,0.6988847583643123,0.1275,0.02125
id,abl_gbm,0.2,400,0.0033526263255335208,0.0017918240370381469,0.005802318679575441,0.0006186048773041269,0.004475448280788245,0.36366419192963484,19806.0,18976.8,20587.15,0.12698750078000104,0.375,1.3025,0.965,0.6066666666666667,0.8348623853211009,0.7027027027027027,0.11625,0.02395833333333333
id,abl_gbm,0.3,400,0.0035230425566312486,0.0019632753692978176,0.00592698391909606,0.0006532235372621476,0.004712455799838068,0.36366419192963484,19592.0,18788.85,20352.15,0.12487153579750157,0.35,1.2925,0.9575,0.6285714285714286,0.8073394495412844,0.7068273092369477,0.10791666666666666,0.029791666666666664
id,abl_gbm,0.4,400,0.0037407507848050657,0.002140952551553905,0.0062286929255972135,0.0006762072042107523,0.005633658290159829,0.36366419192963484,19163.0,18454.8,19894.375,0.11999433376750403,0.3125,1.27,0.9525,0.672,0.7706422018348624,0.7179487179487181,0.0875,0.035625
id,abl_gbm,0.5,400,0.003774657399611557,0.0021907237093052832,0.006229779144004249,0.0006763052117040036,0.005733295262417284,0.36366419192963484,18934.0,18202.825,19650.025,0.11728256652500704,0.295,1.2575,0.95,0.7033898305084746,0.7614678899082569,0.7312775330396476,0.075,0.038125
id,abl_gbm,0.6,400,0.00505962442283165,0.0025919674604349442,0.00849041867609364,0.0007137845958451461,0.005880153807243125,0.4564616932141369,18605.0,17888.825,19315.15,0.11340747217750277,0.2675,1.24,0.9425,0.7570093457943925,0.7431192660550459,0.7499999999999999,0.06125,0.043125
id,abl_gbm,0.7,400,0.00531217765354411,0.0027423776096666343,0.008754306942112306,0.0007189228296270445,0.006370241110513252,0.4564616932141369,18448.0,17751.675,19143.15,0.11164306265500272,0.25,1.2325,0.93,0.76,0.6972477064220184,0.7272727272727273,0.06,0.05229166666666666
id,abl_gbm,0.8,400,0.006029345701271174,0.003452041091174416,0.009569488678529097,0.0007334096841032367,0.006656794668755784,0.4564616932141369,18126.0,17437.825,18778.0,0.10781467834750175,0.225,1.215,0.92,0.7888888888888889,0.6513761467889908,0.7135678391959799,0.0475,0.06020833333333333
id,abl_gbm,0.9,400,0.0068253047146495495,0.003939242156723443,0.010560741839150787,0.0007368186291251688,0.007205340339728005,0.4564616932141369,17725.0,17079.825,18370.0,0.10314943655750085,0.1975,1.1925,0.91,0.8354430379746836,0.6055045871559633,0.7021276595744682,0.0325,0.06895833333333333
id,abl_gbm,0.97,400,0.012469498629479388,0.006839932000782667,0.018954361220368837,0.0008013041955275135,0.010493305464560936,0.7450856315188152,16944.0,16335.0,17517.55,0.09321773965999909,0.15,1.1475,0.8925,0.8833333333333333,0.48623853211009177,0.6272189349112427,0.0175,0.09270833333333332
id,abl_gbm_seq,0.02,400,0.0014122399004804337,0.0011744509347420846,0.0016678963694934303,0.0005461301057881895,0.003762716307314642,0.027699267638621627,25334.0,23638.675,26998.025,0.19139221140000018,0.595,1.595,0.9875,0.4369747899159664,0.9541284403669725,0.5994236311239194,0.24270833333333333,0.006458333333333332
id,abl_gbm_seq,0.05,400,0.0018580402113463179,0.0013544497255939879,0.0025864089582361286,0.0006020011165526404,0.00406674750162518,0.11814189476058967,23197.0,21807.925,24573.075,0.16755951968750651,0.485,1.485,0.9725,0.5051546391752577,0.8990825688073395,0.6468646864686469,0.18104166666666666,0.014166666666666666
id,abl_gbm_seq,0.1,400,0.0023512970490197115,0.0015823299608293412,0.003469830720613228,0.0006186048773041269,0.004254217362602098,0.14283347019341053,22425.0,21086.825,23726.225,0.1585515519700084,0.445,1.445,0.9675,0.5337078651685393,0.8715596330275229,0.662020905923345,0.15916666666666668,0.020416666666666666
id,abl_gbm_seq,0.15,400,0.002454196686039502,0.001664401765985141,0.0036478770046720153,0.0006116171411418708,0.004254217362602098,0.14283347019341053,21638.0,20385.825,22874.175,0.149512442537507,0.4025,1.4025,0.965,0.577639751552795,0.8532110091743119,0.6888888888888889,0.12875,0.02208333333333333
id,abl_gbm_seq,0.2,400,0.002497365393972858,0.0017073216255997753,0.0036787439731846114,0.0006243887944920035,0.004475448280788245,0.14283347019341053,21031.0,19872.95,22190.0,0.14331120669000255,0.3725,1.3725,0.965,0.6174496644295302,0.8440366972477065,0.7131782945736433,0.11666666666666665,0.02270833333333333
id,abl_gbm_seq,0.3,400,0.002635198181856551,0.0018055477683020182,0.0038696985774945266,0.0006592637539261509,0.004584433691914438,0.14283347019341053,20659.0,19584.925,21754.35,0.13867634097000064,0.3525,1.3525,0.96,0.6382978723404256,0.8256880733944955,0.72,0.10791666666666666,0.02770833333333333
id,abl_gbm_seq,0.4,400,0.002960013728624502,0.0020747078506758647,0.004241102478069679,0.0006790889344676226,0.005633658290159829,0.14283347019341053,19851.0,18941.1,20767.725,0.12921675068500463,0.31,1.31,0.95,0.6774193548387096,0.7706422018348624,0.7210300429184548,0.0875,0.03520833333333333
id,abl_gbm_seq,0.5,400,0.003018627797703223,0.002122867600374631,0.004267152190971476,0.0007058374155631264,0.005745496261982058,0.14283347019341053,19486.0,18604.825,20410.175,0.12474201079500062,0.29,1.29,0.9475,0.7155172413793104,0.7614678899082569,0.7377777777777778,0.075,0.03770833333333333
id,abl_gbm_seq,0.6,400,0.004287231662221759,0.002455548933541777,0.007239466380027166,0.0007137845958451461,0.0060282902572665695,0.4564616932141369,19085.0,18233.0,19958.175,0.1196771349949995,0.2675,1.2675,0.94,0.7570093457943925,0.7431192660550459,0.7499999999999999,0.06125,0.04270833333333333
id,abl_gbm_seq,0.7,400,0.004521601980635825,0.002650491337470565,0.007348601949406329,0.0007189228296270445,0.006370241110513252,0.4564616932141369,18799.0,17974.825,19601.175,0.11623257147499999,0.2525,1.2525,0.93,0.7524752475247525,0.6972477064220184,0.7238095238095238,0.06,0.051875
id,abl_gbm_seq,0.8,400,0.004968258158541913,0.0029619637945314872,0.007907224143316207,0.0007334096841032367,0.006638322021709842,0.4564616932141369,18448.0,17653.0,19236.15,0.11187004956250121,0.2325,1.2325,0.9225,0.7849462365591398,0.6697247706422018,0.7227722772277227,0.0475,0.058125
id,abl_gbm_seq,0.9,400,0.005782400084218681,0.003496904037779248,0.009117889909791973,0.0007368186291251688,0.007205340339728005,0.4564616932141369,17911.0,17208.825,18627.025,0.10550503396749945,0.2025,1.2025,0.91,0.8395061728395061,0.6238532110091743,0.7157894736842104,0.0325,0.066875
id,abl_gbm_seq,0.97,400,0.012469498629479388,0.006839932000782667,0.018954361220368837,0.0008013041955275135,0.010493305464560936,0.7450856315188152,16987.0,16342.0,17589.175,0.09375376541749801,0.15,1.15,0.8925,0.8833333333333333,0.48623853211009177,0.6272189349112427,0.0175,0.09270833333333332
id,abl_flip_label,0.02,400,0.0010425125556097264,0.0008846805930801291,0.001216053410162266,0.0004407655133674866,0.003234741442876005,0.020129726555101257,28333.0,27150.95,29508.025,0.19060673682248536,1.7875,1.62,0.9975,0.15244755244755245,1.0,0.26456310679611655,0.5043055555555556,0.0
id,abl_flip_label,0.05,400,0.0010419221097614992,0.0008836375128345814,0.0012154904143496846,0.0004407655133674866,0.003234741442876005,0.020129726555101257,28029.0,26860.6,29168.3,0.18908223052498443,1.7175,1.6125,0.9975,0.1586608442503639,1.0,0.27386934673366836,0.49418055555555557,0.0
id,abl_flip_label,0.1,400,0.0010740182437271328,0.0009115582002694808,0.001256535839891003,0.0004459008256679081,0.0032627428687413366,0.020129726555101257,27669.0,26507.525,28824.275,0.1874231424699792,1.6275,1.605,0.995,0.16589861751152074,0.9908256880733946,0.2842105263157895,0.48590178571428566,0.0025
id,abl_flip_label,0.15,400,0.0014403522739242685,0.0009559446815205112,0.00232185335499211,0.0004481445210119672,0.0032788481656098327,0.1463318380913936,27357.0,26196.975,28489.125,0.1851848748024827,1.5675,1.595,0.9925,0.17065390749601275,0.981651376146789,0.29076086956521735,0.4737886904761905,0.005
id,abl_flip_label,0.2,400,0.0021221099633714734,0.0010024970088575809,0.0038842496390068338,0.0004498983125471312,0.0032905901063538584,0.27445380115299434,27071.0,25961.925,28187.075,0.18204277780748043,1.5425,1.58,0.99,0.17179902755267423,0.9724770642201835,0.29201101928374656,0.4612886904761905,0.0075
id,abl_flip_label,0.3,400,0.0021216262031440924,0.0010017972895662046,0.0038836157947374538,0.0004498983125471312,0.0032905901063538584,0.27445380115299434,26723.0,25623.675,27820.6,0.17970431400747885,1.4825,1.5675,0.99,0.178752107925801,0.9724770642201835,0.301994301994302,0.4475684523809524,0.0075
id,abl_flip_label,0.4,400,0.0021250460498730374,0.001001420693475871,0.0038920917144452914,0.0004525028671491793,0.0032905901063538584,0.27445380115299434,26532.0,25472.7,27633.4,0.1787499192424889,1.44,1.5625,0.99,0.1840277777777778,0.9724770642201835,0.30948905109489055,0.4416071428571429,0.0075
id,abl_flip_label,0.5,400,0.00279360004219098,0.0013993036508266376,0.004712719279625805,0.0004639695148195566,0.0033664503386800506,0.27445380115299434,26198.0,25118.8,27363.05,0.1755110949424943,1.385,1.55,0.985,0.18772563176895307,0.9541284403669725,0.3137254901960784,0.4267142857142857,0.01125
id,abl_flip_label,0.6,400,0.002815364280068943,0.0014165619044542487,0.004744292666523005,0.0004665432611678372,0.003413095832123709,0.27445380115299434,25907.0,24831.875,27069.05,0.17307417576250145,1.3325,1.54,0.985,0.19324577861163228,0.944954128440367,0.3208722741433022,0.4154642857142858,0.01375
id,abl_flip_label,0.7,400,0.002815628290896998,0.001416563667399749,0.004743680863969667,0.0004665432611678372,0.003413095832123709,0.27445380115299434,25487.0,24393.825,26663.075,0.1691508250449965,1.2725,1.5225,0.985,0.20235756385068762,0.944954128440367,0.3333333333333333,0.3956726190476191,0.01375
id,abl_flip_label,0.8,400,0.0030607577078023253,0.0015417049536606226,0.005088306027819668,0.00046081913487201753,0.003413095832123709,0.27445380115299434,25174.0,24070.95,26333.225,0.16665470395249485,1.225,1.51,0.9825,0.20816326530612245,0.9357798165137615,0.34056761268781305,0.38275595238095245,0.014583333333333332
id,abl_flip_label,0.9,400,0.0031083891032526977,0.001600275608400568,0.00513558079659683,0.0004689440304724707,0.0034582281594030878,0.27445380115299434,24690.0,23584.875,25786.15,0.162400599302498,1.155,1.49,0.98,0.21861471861471862,0.926605504587156,0.35376532399299476,0.3618809523809524,0.017083333333333332
id,abl_flip_label,0.97,400,0.006277952228768682,0.0029127808415396446,0.010474360981015706,0.0004769122436644596,0.0037015094049331356,0.4564616932141369,24242.0,23143.625,25346.225,0.15891777043749472,1.085,1.4725,0.9725,0.22350230414746544,0.8899082568807339,0.3572744014732965,0.3498809523809524,0.02583333333333333
id,abl_flip_label_seq,0.02,400,0.0010395632156040614,0.0008834507002870506,0.0012096646852174991,0.0004407655133674866,0.0032032169594431686,0.020129726555101257,50481.0,46101.625,54937.15,0.426574365859999,1.705,2.705,0.9975,0.1598240469208211,1.0,0.27560050568900124,0.50725,0.0
id,abl_flip_label_seq,0.05,400,0.0010412124536760658,0.0008845526934631374,0.001210453418444049,0.0004459008256679081,0.0032032169594431686,0.020129726555101257,48837.0,44632.625,53216.15,0.41232278506750164,1.6375,2.6375,0.9975,0.166412213740458,1.0,0.28534031413612565,0.4965,0.0
id,abl_flip_label_seq,0.1,400,0.0014330520460920522,0.000949468531894196,0.0023056004569166812,0.0004498983125471312,0.0032788481656098327,0.1463318380913936,47178.0,43105.7,51343.15,0.39746941255250023,1.5675,2.5675,0.9925,0.17065390749601275,0.981651376146789,0.29076086956521735,0.489375,0.005
id,abl_flip_label_seq,0.15,400,0.0014330825430543587,0.0009495864374017774,0.00230540337369392,0.0004498983125471312,0.0032788481656098327,0.1463318380913936,46287.0,42269.675,50508.4,0.38939044165999576,1.5275,2.5275,0.9925,0.1751227495908347,0.981651376146789,0.2972222222222223,0.47770833333333335,0.005
id,abl_flip_label_seq,0.2,400,0.002114877732276036,0.0009891873259667355,0.003871390879785869,0.0004498983125471312,0.0032905901063538584,0.27445380115299434,45545.0,41620.45,49697.1,0.3821737683474953,1.4925,2.4925,0.99,0.17755443886097153,0.9724770642201835,0.3002832861189802,0.46320833333333333,0.0075
id,abl_flip_label_seq,0.3,400,0.0021140832244999595,0.000989175197766268,0.003869598209865049,0.0004498983125471312,0.0032905901063538584,0.27445380115299434,44583.0,40658.2,48692.125,0.3732966973224984,1.45,2.45,0.99,0.18275862068965518,0.9724770642201835,0.3076923076923077,0.449125,0.0075
id,abl_flip_label_seq,0.4,400,0.0021139933000873788,0.0009891128813057498,0.003869595683535189,0.0004481445210119672,0.0032905901063538584,0.27445380115299434,44048.0,40243.075,48106.424999999996,0.3682050716000049,1.425,2.425,0.99,0.18596491228070175,0.9724770642201835,0.3122238586156112,0.4422499999999999,0.0075
id,abl_flip_label_seq,0.5,400,0.0024973009006202837,0.0011395227924130748,0.0044382322255988055,0.0004525028671491793,0.003316791107255605,0.27445380115299434,43249.0,39436.975,47411.174999999996,0.36014903511000057,1.3875,2.3875,0.9875,0.1891891891891892,0.963302752293578,0.31626506024096385,0.4294166666666666,0.01
id,abl_flip_label_seq,0.6,400,0.0025038545299511067,0.0011447802440595024,0.004447950223615398,0.00045630569073475125,0.003316791107255605,0.27445380115299434,42131.0,38373.25,46100.524999999994,0.35001543166750254,1.34,2.34,0.9875,0.1958955223880597,0.963302752293578,0.32558139534883723,0.4189583333333334,0.01
id,abl_flip_label_seq,0.7,400,0.0025038946264673923,0.001144761285046309,0.004447401560836342,0.00045630569073475125,0.003316791107255605,0.27445380115299434,40911.0,37249.075,44920.1,0.3378169656274963,1.2825,2.2825,0.9875,0.2046783625730994,0.963302752293578,0.337620578778135,0.3991666666666667,0.01
id,abl_flip_label_seq,0.8,400,0.002550162093198276,0.0011959006410742616,0.004524073190524529,0.0004546694272118956,0.003413095832123709,0.27445380115299434,39651.0,36168.0,43424.125,0.32657280676749223,1.23,2.23,0.9875,0.21138211382113822,0.9541284403669725,0.34608985024958405,0.386125,0.0125
id,abl_flip_label_seq,0.9,400,0.0037379314513358453,0.0017184716821868568,0.006587650906766702,0.00046081913487201753,0.0035095549941268948,0.3637503512806105,37982.0,34553.925,41663.025,0.3103290832824973,1.1525,2.1525,0.9825,0.21908893709327548,0.926605504587156,0.35438596491228064,0.36599999999999994,0.0175
id,abl_flip_label_seq,0.97,400,0.006023292420057713,0.0027064923350425788,0.010134637163002728,0.0004769122436644596,0.003725496545793239,0.4564616932141369,37310.0,33811.275,40970.75,0.3030761715174913,1.1175,2.1175,0.975,0.21923937360178972,0.8990825688073395,0.35251798561151076,0.35308333333333336,0.025
id,abl_train_100,0.02,400,0.0010817170154591345,0.0009170196992720464,0.0012561043201146248,0.00045634608818719696,0.003261478106998067,0.01645527502576094,32695.0,31413.0,33837.05,0.2229199653424962,2.6125,1.7625,0.9975,0.10334928229665072,0.9908256880733946,0.18717504332755636,0.6708700396825397,0.00125
id,abl_train_100,0.05,400,0.00112067385099172,0.0009465804395281289,0.0013002478693110982,0.0004716962569736721,0.0033002036223239942,0.0187866534711556,27986.0,26899.925,28987.55,0.19725627406748344,1.535,1.645,0.995,0.1742671009771987,0.981651376146789,0.2959889349930844,0.5132886904761905,0.001875
id,abl_train_100,0.1,400,0.0013130602677725528,0.0010872974103139134,0.0015412775186470133,0.0005276911017413344,0.003413095832123709,0.024242475131457386,24697.0,23695.475,25651.55,0.17361474431001853,0.9775,1.525,0.985,0.2608695652173913,0.9357798165137615,0.408,0.37424999999999997,0.007291666666666666
id,abl_train_100,0.15,400,0.0022328980008314574,0.001512525571293359,0.003416030557274448,0.0005637554429760994,0.004246964571234186,0.1777654885318838,22486.0,21650.775,23357.025,0.15591232966251029,0.625,1.44,0.96,0.368,0.8440366972477065,0.5125348189415041,0.2689583333333333,0.019791666666666666
id,abl_train_100,0.2,400,0.0023978865467609786,0.001641428085916946,0.0036146055488915194,0.0006243887944920035,0.00467212647101939,0.1777654885318838,21374.0,20520.825,22253.0,0.1450894896575028,0.485,1.39,0.9575,0.4587628865979381,0.8165137614678899,0.5874587458745875,0.21104166666666666,0.025625
id,abl_train_100,0.3,400,0.0033135511797802836,0.002271615437613864,0.004708917202800015,0.0006645225735987057,0.006410173721652646,0.1777654885318838,19644.0,18884.825,20411.524999999998,0.12570556089249976,0.33,1.3,0.9325,0.6136363636363636,0.7431192660550459,0.6721991701244814,0.12166666666666666,0.04270833333333333
id,abl_train_100,0.4,400,0.0077757700580198845,0.004001241862680975,0.012383641386328567,0.0006899096263093818,0.006656794668755784,0.7397045865268583,18878.0,18169.0,19637.175,0.11648916488499253,0.275,1.2575,0.925,0.6727272727272727,0.6788990825688074,0.6757990867579909,0.0875,0.05375
id,abl_train_100,0.5,400,0.011583207609340928,0.006298945963706471,0.017775784829278607,0.0007189228296270445,0.007961386879515692,0.7397045865268583,17968.0,17315.825,18677.0,0.1052595577274974,0.22,1.205,0.9075,0.7159090909090909,0.5779816513761468,0.6395939086294417,0.06125,0.07541666666666666
id,abl_train_100,0.6,400,0.019214669019887606,0.01219340477885141,0.02688111497271631,0.0007744167322449313,0.012491414242031432,0.7397045865268583,16779.0,16191.0,17367.175,0.09039372590249968,0.1425,1.1375,0.885,0.8421052631578947,0.44036697247706424,0.5783132530120482,0.0225,0.10291666666666666
id,abl_train_100,0.7,400,0.028884248048629504,0.01992510684357954,0.03921332196745483,0.000919228942183159,0.059751077758671514,0.7450856315188152,15518.0,15088.0,15948.0,0.0750357521174942,0.065,1.065,0.8325,0.8461538461538461,0.2018348623853211,0.32592592592592595,0.01,0.16
id,abl_train_100,0.8,400,0.03279315330298042,0.022949335068260784,0.04332269977443427,0.0009769983577604252,0.08857933907687349,0.7450856315188152,14873.0,14615.0,15174.0,0.06713463963498953,0.0275,1.0275,0.8125,0.8181818181818182,0.08256880733944955,0.15000000000000002,0.005,0.185
id,abl_train_100,0.9,400,0.03628970985070977,0.026329581219539773,0.04781844358458708,0.000988689673965773,0.09855184806324173,0.7450856315188152,14615.0,14443.0,14830.0,0.06409811094748875,0.0125,1.0125,0.805,1.0,0.045871559633027525,0.08771929824561404,0.0,0.195
id,abl_train_100,0.97,400,0.04299801206281902,0.0310469027911143,0.05551121717507935,0.0009954713937283047,0.1239067704468461,0.830046798024314,14443.0,14400.0,14529.0,0.06206256571248787,0.0025,1.0025,0.795,1.0,0.009174311926605505,0.018181818181818184,0.0,0.205
id,abl_train_100_seq,0.02,400,0.0011046960413849773,0.0009434057245990507,0.001266102122777571,0.00047438120831081593,0.003316791107255605,0.016091482518180822,56363.0,52422.75,60018.85,0.4986628779774992,2.0425,3.0425,0.9975,0.13341493268053856,1.0,0.2354211663066955,0.6704166666666667,0.0
id,abl_train_100_seq,0.05,400,0.00119917467048739,0.0010105966601675418,0.0013869444386932902,0.0004769122436644596,0.003413095832123709,0.017454259904335134,41937.0,38964.7,44818.125,0.3641300976099933,1.3975,2.3975,0.9925,0.18962432915921287,0.9724770642201835,0.31736526946107785,0.5226666666666666,0.0029166666666666664
id,abl_train_100_seq,0.1,400,0.0013544331668281467,0.0011318914926339578,0.0015826084464097482,0.0005351179093802463,0.0034559386812369475,0.020129726555101257,31999.0,29912.8,34263.3,0.26356197570001316,0.93,1.93,0.985,0.27419354838709675,0.9357798165137615,0.4241164241164242,0.3815,0.007916666666666666
id,abl_train_100_seq,0.15,400,0.00201714008351655,0.0013498822643074758,0.003109126043796424,0.0005616107726762604,0.003936725231015927,0.1777654885318838,26957.0,25299.975,28736.95,0.20973292928500314,0.68,1.68,0.9725,0.35661764705882354,0.8899082568807339,0.5091863517060368,0.279375,0.014583333333333332
id,abl_train_100_seq,0.2,400,0.0024094014046880667,0.001651993706853542,0.003565245633445081,0.0006223999767641653,0.004525153663132401,0.1777654885318838,23450.0,22154.675,24782.325,0.1707610332750005,0.505,1.505,0.9525,0.4405940594059406,0.8165137614678899,0.572347266881029,0.22041666666666665,0.0275
id,abl_train_100_seq,0.3,400,0.0032860947086575053,0.002223382909787984,0.004654047848048014,0.0006645225735987057,0.006269126043213944,0.1777654885318838,20360.0,19472.0,21377.175,0.13481171848250142,0.34,1.34,0.935,0.6029411764705882,0.7522935779816514,0.6693877551020408,0.1225,0.04020833333333333
id,abl_train_100_seq,0.4,400,0.006595467622911025,0.0033229841367996902,0.011164069888788708,0.0006899096263093818,0.006638322021709842,0.7397045865268583,19379.0,18541.975,20310.35,0.12266016568499709,0.285,1.285,0.925,0.6666666666666666,0.6972477064220184,0.6816143497757847,0.08875,0.05166666666666666
id,abl_train_100_seq,0.5,400,0.010723688399695223,0.005553739378046756,0.01665437908891453,0.0007189228296270445,0.007961386879515692,0.7397045865268583,18276.0,17524.0,19114.0,0.10924197097500155,0.2225,1.2225,0.9075,0.7191011235955056,0.5871559633027523,0.6464646464646464,0.06125,0.07416666666666666
id,abl_train_100_seq,0.6,400,0.016420722496175807,0.010054934716933644,0.02361397406250699,0.0007744167322449313,0.011370207973916033,0.7397045865268583,17065.0,16356.0,17817.175,0.09377150298750166,0.1525,1.1525,0.8875,0.8360655737704918,0.46788990825688076,0.6,0.02375,0.09958333333333332
id,abl_train_100_seq,0.7,400,0.028102637371375902,0.019241451813853918,0.03811809416181672,0.000919228942183159,0.05419305341964177,0.7450856315188152,15618.0,15138.0,16098.0,0.07616086158749567,0.07,1.07,0.8325,0.8571428571428571,0.22018348623853212,0.3503649635036496,0.01,0.15833333333333333
id,abl_train_100_seq,0.8,400,0.03279315330298042,0.022949335068260784,0.04332269977443427,0.0009769983577604252,0.08857933907687349,0.7450856315188152,14873.0,14615.0,15174.0,0.06713463963498953,0.0275,1.0275,0.8125,0.8181818181818182,0.08256880733944955,0.15000000000000002,0.005,0.185
id,abl_train_100_seq,0.9,400,0.03628970985070977,0.026329581219539773,0.04781844358458708,0.000988689673965773,0.09855184806324173,0.7450856315188152,14615.0,14443.0,14830.0,0.06409811094748875,0.0125,1.0125,0.805,1.0,0.045871559633027525,0.08771929824561404,0.0,0.195
id,abl_train_100_seq,0.97,400,0.04299801206281902,0.0310469027911143,0.05551121717507935,0.0009954713937283047,0.1239067704468461,0.830046798024314,14443.0,14400.0,14529.0,0.06206256571248787,0.0025,1.0025,0.795,1.0,0.009174311926605505,0.018181818181818184,0.0,0.205
id,abl_train_300,0.02,400,0.001445872842141765,0.0012090827544033,0.0016908522102082651,0.000555893039002317,0.003773391281292068,0.02737209532240137,23209.0,22227.85,24085.075,0.1604493189025129,0.7675,1.4625,0.9875,0.34201954397394135,0.963302752293578,0.5048076923076923,0.30583333333333335,0.007083333333333333
id,abl_train_300,0.05,400,0.0015387631403741147,0.0012910741248656492,0.0018075941932088773,0.0006243887944920035,0.003936725231015927,0.02727022685791458,21833.0,20974.975,22698.2,0.14705136039250874,0.5975,1.4,0.9825,0.4309623430962343,0.944954128440367,0.5919540229885057,0.23149999999999998,0.010833333333333332
id,abl_train_300,0.1,400,0.0016830696959167118,0.0013973802866315357,0.002024785260111423,0.0006186048773041269,0.004111863702706875,0.03590638265757562,20926.0,20081.85,21735.55,0.1375978345350086,0.505,1.355,0.9775,0.49504950495049505,0.9174311926605505,0.6430868167202572,0.18129166666666666,0.01583333333333333
id,abl_train_300,0.15,400,0.0018075727817886036,0.0014624574970838041,0.002182711696201417,0.0006246180845650984,0.004465320732864153,0.03590638265757562,20441.0,19617.6,21259.1,0.13301739342500696,0.4475,1.3325,0.975,0.547486033519553,0.8990825688073395,0.6805555555555556,0.15275,0.018333333333333333
id,abl_train_300,0.2,400,0.0018600039955509135,0.001506942304604565,0.002238151014526118,0.000629745525010994,0.004475448280788245,0.03590638265757562,20177.0,19367.625,20978.05,0.1304879860525125,0.4175,1.32,0.97,0.5868263473053892,0.8990825688073395,0.7101449275362319,0.1383333333333333,0.018333333333333333
id,abl_train_300,0.3,400,0.00276770351686816,0.0017722558958322109,0.004349404116246805,0.0006592637539261509,0.005114967510008896,0.27445380115299434,19691.0,18909.85,20465.025,0.1253174228500052,0.3725,1.295,0.9525,0.6040268456375839,0.8256880733944955,0.6976744186046512,0.12208333333333332,0.03333333333333333
id,abl_train_300,0.4,400,0.00295670449186272,0.0019292575708626113,0.004581585329950909,0.0006681043257931677,0.005823202758132796,0.27445380115299434,19470.0,18674.85,20236.175,0.1231891200150062,0.345,1.285,0.9475,0.6231884057971014,0.7889908256880734,0.6963562753036437,0.11208333333333333,0.038125
id,abl_train_300,0.5,400,0.0038071781594321225,0.0024275627686236325,0.005790368572140923,0.0006681043257931677,0.006234392244925177,0.27445380115299434,19084.0,18324.65,19829.0,0.11862331821000907,0.31,1.265,0.935,0.6451612903225806,0.7339449541284404,0.6866952789699572,0.09666666666666666,0.04895833333333333
id,abl_train_300,0.6,400,0.005185503940413889,0.0029694988494384394,0.00825853986159974,0.0006899096263093818,0.006656794668755784,0.4053788344822767,18648.0,17946.975,19393.0,0.1136484793200043,0.27,1.2425,0.9225,0.6944444444444444,0.6880733944954128,0.6912442396313364,0.0775,0.05645833333333332
id,abl_train_300,0.7,400,0.006060865316824291,0.0034845075793580723,0.009277515825494879,0.0006899096263093818,0.006680796350424958,0.4053788344822767,18283.0,17574.0,18999.025,0.10904715989750002,0.2425,1.2225,0.92,0.7525773195876289,0.6697247706422018,0.7087378640776698,0.0575,0.05979166666666666
id,abl_train_300,0.8,400,0.007162107396175784,0.004160407943298613,0.011015463809444638,0.0007368186291251688,0.007665479189425544,0.4053788344822767,17875.0,17159.0,18556.175,0.10418574279749236,0.2125,1.2,0.91,0.8,0.6238532110091743,0.7010309278350515,0.04,0.068125
id,abl_train_300,0.9,400,0.009039873113992127,0.005357594736262029,0.013523124714160834,0.0007603614116483692,0.00907459258646279,0.4564616932141369,17474.0,16822.0,18133.175,0.09934788193749,0.185,1.1775,0.9025,0.8513513513513513,0.5779816513761468,0.6885245901639344,0.0275,0.07729166666666666
id,abl_train_300,0.97,400,0.011070866327521222,0.007305511015090766,0.01576155182949203,0.0008903889823394309,0.013339484835287683,0.4564616932141369,16808.0,16206.0,17410.0,0.0915765917699855,0.14,1.14,0.8775,0.875,0.44954128440366975,0.593939393939394,0.0175,0.104375
id,abl_train_300_seq,0.02,400,0.0014203375016295383,0.0011920272526968814,0.0016678784044398514,0.0005499604366334121,0.0036419733075692476,0.02737209532240137,28269.0,26403.775,30188.275,0.22313713858001394,0.74,1.74,0.9875,0.3547297297297297,0.963302752293578,0.5185185185185186,0.303125,0.007083333333333333
id,abl_train_300_seq,0.05,400,0.0015770722247645064,0.0013201514101295417,0.0018485327524827072,0.0006186048773041269,0.004111863702706875,0.02727022685791458,25333.0,23731.85,27006.125,0.19070869862000336,0.5925,1.5925,0.98,0.42616033755274263,0.926605504587156,0.5838150289017342,0.23604166666666665,0.013333333333333332
id,abl_train_300_seq,0.1,400,0.001690131606783255,0.001386004741832743,0.0020279716055288115,0.0006116171411418708,0.004149031211695521,0.03590638265757562,23468.0,22108.1,24911.4,0.1698133853800073,0.4975,1.4975,0.975,0.49748743718592964,0.908256880733945,0.6428571428571429,0.18541666666666665,0.016666666666666666
id,abl_train_300_seq,0.15,400,0.0018463271178523113,0.0014873292413076094,0.0022297300703630874,0.0006220394600244261,0.004475448280788245,0.03590638265757562,22589.0,21344.95,23926.35,0.16025609641000757,0.4525,1.4525,0.97,0.5303867403314917,0.8807339449541285,0.6620689655172414,0.16208333333333333,0.020416666666666666
id,abl_train_300_seq,0.2,400,0.001943769402353042,0.0015509844947109296,0.0023512586464135015,0.0006246180845650984,0.004584433691914438,0.03590638265757562,21817.0,20630.975,23098.325,0.1514294437025046,0.4125,1.4125,0.9675,0.5757575757575758,0.8715596330275229,0.6934306569343066,0.1395833333333333,0.02125
id,abl_train_300_seq,0.3,400,0.002868216008935444,0.0018378811010400225,0.004546549582234077,0.0006532235372621476,0.005633658290159829,0.27445380115299434,20802.0,19742.825,21925.4,0.14008294061999776,0.36,1.36,0.95,0.6180555555555556,0.8165137614678899,0.7035573122529645,0.11833333333333332,0.03270833333333333
id,abl_train_300_seq,0.4,400,0.003000187923628058,0.0019602175756909075,0.004656459468526135,0.0006681043257931677,0.006034738169714036,0.27445380115299434,20373.0,19356.825,21374.2,0.13521411978250172,0.3375,1.3375,0.9425,0.6296296296296297,0.7798165137614679,0.6967213114754098,0.11083333333333333,0.03958333333333333
id,abl_train_300_seq,0.5,400,0.0035723496957295897,0.0022494798382382717,0.00548673952440766,0.0006734234814471333,0.006267670182583709,0.27445380115299434,19929.0,18947.85,20965.025,0.12970857477750086,0.3125,1.3125,0.935,0.648,0.7431192660550459,0.6923076923076924,0.09708333333333333,0.04791666666666666
id,abl_train_300_seq,0.6,400,0.004971685520368994,0.002774508733489192,0.008003337388044516,0.0006899096263093818,0.006638322021709842,0.4053788344822767,19278.0,18404.625,20209.0,0.12172945717749599,0.2775,1.2775,0.925,0.6846846846846847,0.6972477064220184,0.690909090909091,0.07875,0.055624999999999994
id,abl_train_300_seq,0.7,400,0.005156546315897139,0.002895794676457336,0.008209322299879047,0.0007086398269213201,0.006680796350424958,0.4053788344822767,18684.0,17867.825,19536.2,0.11431617277249188,0.245,1.245,0.92,0.7448979591836735,0.6697247706422018,0.7053140096618358,0.05875,0.06020833333333332
id,abl_train_300_seq,0.8,400,0.005393480369337559,0.0031699244127598456,0.008449285193018043,0.0007449029336323298,0.007598384352397104,0.4053788344822767,18197.0,17379.825,19048.225,0.10822601911999072,0.2175,1.2175,0.9125,0.8160919540229885,0.6513761467889908,0.7244897959183673,0.04,0.06520833333333333
id,abl_train_300_seq,0.9,400,0.00801540503246634,0.004732345131893993,0.011797257698867348,0.0007603614116483692,0.009283460611396057,0.4564616932141369,17653.0,16915.0,18398.0,0.10180514851748967,0.1875,1.1875,0.9,0.8533333333333334,0.5871559633027523,0.6956521739130435,0.0275,0.07645833333333334
id,abl_train_300_seq,0.97,400,0.011070866327521222,0.007305511015090766,0.01576155182949203,0.0008903889823394309,0.013339484835287683,0.4564616932141369,16808.0,16206.0,17410.0,0.0915765917699855,0.14,1.14,0.8775,0.875,0.44954128440366975,0.593939393939394,0.0175,0.104375
id,abl_no_path_states,0.02,400,0.0011721884030704973,0.000997091162287571,0.001339666153668109,0.0005276911017413344,0.003413095832123709,0.020129726555101257,24954.0,23997.975,25928.05,0.17646094496250725,1.005,1.5375,0.9975,0.27114427860696516,1.0,0.42661448140900193,0.3900416666666666,0.0
id,abl_no_path_states,0.05,400,0.0013034243619359318,0.0011151825452757158,0.00150639345570644,0.0005447484513403933,0.003487524598847963,0.020129726555101257,23046.0,22110.975,23960.1,0.1596856394425231,0.735,1.4575,0.9925,0.36394557823129253,0.981651376146789,0.5310173697270472,0.2972916666666666,0.005
id,abl_no_path_states,0.1,400,0.0013745354251340938,0.0011683829329820832,0.0015944725092223912,0.0005637554429760994,0.003753124292100746,0.019856508071352863,22098.0,21191.9,23011.25,0.15025095651000583,0.615,1.415,0.9925,0.43089430894308944,0.9724770642201835,0.5971830985915493,0.24333333333333332,0.00625
id,abl_no_path_states,0.15,400,0.0014366959809829674,0.0012275125092333311,0.0016701975861065513,0.0005619470522806036,0.003773391281292068,0.019856508071352863,21563.0,20664.875,22423.075,0.14532956726250404,0.5525,1.39,0.9875,0.47058823529411764,0.9541284403669725,0.6303030303030303,0.21604166666666663,0.00875
id,abl_no_path_states,0.2,400,0.0014630493918934525,0.0012453078935545227,0.001705092204163414,0.0005619470522806036,0.003773391281292068,0.019856508071352863,21177.0,20324.45,22023.15,0.14038156186000605,0.5175,1.37,0.985,0.4975845410628019,0.944954128440367,0.6518987341772152,0.193125,0.009583333333333333
id,abl_no_path_states,0.3,400,0.001978369463189857,0.001388318983633416,0.002929650069599792,0.0005883318133486984,0.004121131200532558,0.14283347019341053,20534.0,19695.875,21330.125,0.13393513049500597,0.455,1.3375,0.975,0.5439560439560439,0.908256880733945,0.6804123711340205,0.160625,0.017708333333333333
id,abl_no_path_states,0.4,400,0.002283301054503689,0.0016305434959422676,0.0032376566541975666,0.0005883318133486984,0.004520523422479198,0.14283347019341053,20256.0,19432.85,21043.0,0.13176549076750463,0.42,1.325,0.965,0.5654761904761905,0.8715596330275229,0.6859205776173284,0.14916666666666664,0.024791666666666667
id,abl_no_path_states,0.5,400,0.0035593106307173993,0.0021691239494467146,0.005564857476617937,0.0006532235372621476,0.004780845572091191,0.27445380115299434,19598.0,18824.0,20371.0,0.12416776915500122,0.365,1.29,0.95,0.6027397260273972,0.8073394495412844,0.6901960784313725,0.11791666666666666,0.03645833333333333
id,abl_no_path_states,0.6,400,0.003669460020066101,0.0022627665711578626,0.005653891849748297,0.0006762072042107523,0.005376238508069667,0.27445380115299434,19176.0,18410.825,19936.125,0.11920692095000504,0.33,1.2675,0.9475,0.6515151515151515,0.7889908256880734,0.7136929460580913,0.09625,0.03833333333333333
id,abl_no_path_states,0.7,400,0.003819556207686233,0.002411564060851732,0.005856969658169807,0.0006899096263093818,0.006038066517097016,0.27445380115299434,18740.0,18029.85,19513.025,0.11432379774250422,0.29,1.245,0.94,0.7155172413793104,0.7614678899082569,0.7377777777777778,0.075,0.04458333333333333
id,abl_no_path_states,0.8,400,0.004176626834406393,0.0027185008312787004,0.006238803638427504,0.000724920182580413,0.006461395573386688,0.27445380115299434,18225.0,17537.975,18941.025,0.1084322366650008,0.2475,1.2175,0.93,0.7777777777777778,0.7064220183486238,0.7403846153846154,0.05125,0.05458333333333333
id,abl_no_path_states,0.9,400,0.00682086482215631,0.004043906094904376,0.01054580710110874,0.0007528369406896718,0.007620282043784638,0.4564616932141369,17717.0,17050.975,18398.35,0.10222186087499495,0.2075,1.19,0.9125,0.8433734939759037,0.6422018348623854,0.7291666666666667,0.03,0.06666666666666667
id,abl_no_path_states,0.97,400,0.009806701237249553,0.006245473221232249,0.014360884149472949,0.0008903889823394309,0.012649682259712603,0.4564616932141369,16908.0,16334.45,17510.0,0.09288086057998726,0.15,1.145,0.88,0.8833333333333333,0.48623853211009177,0.6272189349112427,0.0175,0.1
id,abl_no_path_states_seq,0.02,400,0.0011445360874070734,0.0009762794529151992,0.0013057434137579032,0.0005033566397348588,0.0033657106648368003,0.01712758348405452,34999.0,32251.725,37992.975,0.28953230176752187,1.045,2.045,0.9975,0.2607655502392344,1.0,0.41366223908918404,0.394875,0.0
id,abl_no_path_states_seq,0.05,400,0.001284506813902371,0.0010959862005965957,0.001492541787592263,0.0005413960910761739,0.0034798334977348636,0.020129726555101257,29185.0,26972.875,31498.175,0.23117835229003503,0.7725,1.7725,0.9925,0.34627831715210355,0.981651376146789,0.5119617224880382,0.3036666666666667,0.005
id,abl_no_path_states_seq,0.1,400,0.0013448912293400738,0.001143584427118628,0.0015658353054496766,0.0005637554429760994,0.0036419733075692476,0.019856508071352863,26132.0,24428.375,27961.5,0.19957924805501762,0.63,1.63,0.9925,0.42063492063492064,0.9724770642201835,0.5872576177285319,0.2475,0.00625
id,abl_no_path_states_seq,0.15,400,0.0014240368977138124,0.0012131270164677651,0.0016654606653814157,0.0005637554429760994,0.003753124292100746,0.019856508071352863,24846.0,23202.475,26534.625,0.18560258011001907,0.565,1.565,0.9875,0.46017699115044247,0.9541284403669725,0.6208955223880597,0.2177083333333333,0.00875
id,abl_no_path_states_seq,0.2,400,0.0014544198810183962,0.0012432253759858637,0.001701172239921351,0.0005637554429760994,0.003753124292100746,0.019856508071352863,23975.0,22489.0,25518.2,0.17588645774001635,0.5225,1.5225,0.985,0.49282296650717705,0.944954128440367,0.6477987421383647,0.194375,0.009583333333333333
id,abl_no_path_states_seq,0.3,400,0.0019693820333608796,0.0013932863947479343,0.0029084874517935665,0.0005883318133486984,0.004111863702706875,0.14283347019341053,22760.0,21450.7,24183.05,0.16241531726750963,0.46,1.46,0.975,0.5380434782608695,0.908256880733945,0.6757679180887372,0.16229166666666664,0.017708333333333333
id,abl_no_path_states_seq,0.4,400,0.002167545010148246,0.0015492973897357131,0.0031257492456550798,0.0005982186730375885,0.004275088570495083,0.14283347019341053,21946.0,20772.95,23232.05,0.15372490723500504,0.42,1.42,0.9675,0.5714285714285714,0.8807339449541285,0.6931407942238267,0.14791666666666664,0.022291666666666664
id,abl_no_path_states_seq,0.5,400,0.003485964049909027,0.002103362532393938,0.00548743604364309,0.0006416443518909593,0.00467212647101939,0.27445380115299434,21037.0,19876.675,22218.175,0.14291269403749993,0.37,1.37,0.9525,0.6013513513513513,0.8165137614678899,0.6926070038910506,0.12041666666666666,0.03520833333333333
id,abl_no_path_states_seq,0.6,400,0.0036514481702510423,0.002226853199920501,0.005634039668216965,0.0006592637539261509,0.00508758980589467,0.27445380115299434,20436.0,19290.825,21559.025,0.135393190877503,0.3375,1.3375,0.9475,0.6370370370370371,0.7889908256880734,0.7049180327868853,0.09875,0.03833333333333333
id,abl_no_path_states_seq,0.7,400,0.0038009261919763272,0.002386913351223302,0.005844766671437535,0.0006762072042107523,0.005880153807243125,0.27445380115299434,19635.0,18653.3,20652.15,0.12623058113500518,0.295,1.295,0.94,0.7033898305084746,0.7614678899082569,0.7312775330396476,0.0775,0.04458333333333333
id,abl_no_path_states_seq,0.8,400,0.004196787446600806,0.002734023652610906,0.006246656432358206,0.0007189228296270445,0.006461395573386688,0.27445380115299434,18798.0,17975.0,19706.05,0.11627450699499832,0.25,1.25,0.9275,0.76,0.6972477064220184,0.7272727272727273,0.05375,0.05541666666666666
id,abl_no_path_states_seq,0.9,400,0.006611406711027719,0.00386300559541869,0.010299155495975584,0.0007528369406896718,0.007620282043784638,0.4564616932141369,18075.0,17307.3,18870.35,0.10720341795499053,0.21,1.21,0.9125,0.8333333333333334,0.6422018348623854,0.7253886010362695,0.03125,0.06666666666666667
id,abl_no_path_states_seq,0.97,400,0.008928999115305458,0.005798295170476666,0.012898008720360753,0.0008903889823394309,0.012649682259712603,0.4564616932141369,17094.0,16428.0,17746.0,0.09516702748998795,0.155,1.155,0.8825,0.8709677419354839,0.4954128440366973,0.631578947368421,0.0175,0.09875
id,physics,0.0003,400,0.0010473695647872897,0.0008937008721082833,0.001210708160423855,0.0004469378018803205,0.003264390129655026,0.017387384367827607,37083.0,35882.95,38219.1,0.24638066999998728,3.6525,1.865,0.9975,0.07460643394934977,1.0,0.1388535031847134,0.7986635101010101,0.0
id,physics,0.001,400,0.0010440290408697491,0.0008927293889831448,0.0012028327851212556,0.00044033123604836355,0.003264390129655026,0.0164071201304008,35459.0,34220.925,36600.125,0.2394372727299833,3.2525,1.83,0.9975,0.08378170637970792,1.0,0.15460992907801419,0.7531962481962482,0.0
id,physics,0.003,400,0.001043603859963492,0.0008912777289838129,0.0012022098965708116,0.00044025828267524325,0.00325748726706141,0.0164071201304008,33939.0,32687.9,35137.85,0.2319949563649834,2.9025,1.7925,0.9975,0.09388458225667529,1.0,0.1716535433070866,0.7087479256854258,0.0
id,physics,0.005,400,0.0010430739210238369,0.0008905794029052734,0.0012016271476593759,0.00044025828267524325,0.00325748726706141,0.0164071201304008,33166.0,31925.875,34315.4,0.2272426956599884,2.755,1.7675,0.9975,0.09891107078039928,1.0,0.18001651527663087,0.6779107142857143,0.0
id,physics,0.01,400,0.001042954826706475,0.0008901648745302462,0.0012011730395251321,0.00044025828267524325,0.003255140236858173,0.0164071201304008,32054.0,30769.8,33233.1,0.21941758200249523,2.525,1.735,0.9975,0.10792079207920792,1.0,0.19481680071492402,0.6374603174603175,0.0
id,physics,0.02,400,0.0010409335872136806,0.000888632313773585,0.0011995097361166553,0.00044025828267524325,0.003255140236858173,0.016091482518180822,31155.0,29921.6,32301.15,0.21518886444749113,2.3325,1.71,0.9975,0.11682743837084673,1.0,0.2092130518234165,0.6056815476190476,0.0
id,physics,0.05,400,0.0010407355177550221,0.0008878535306162874,0.0011996606368270765,0.00044025828267524325,0.003255140236858173,0.016091482518180822,29601.0,28361.9,30747.475,0.20337882374248012,2.0475,1.6575,0.9975,0.1330891330891331,1.0,0.2349137931034483,0.5464027777777778,0.0
id,physics,0.1,400,0.0010467274274199468,0.0008892396525087467,0.0012142677144558905,0.0004455597203733286,0.0032269167844166564,0.0187866534711556,28155.0,26974.4,29327.275,0.19316860832498606,1.7625,1.6125,0.9975,0.15460992907801419,1.0,0.2678132678132678,0.49227579365079366,0.0
id,physics,0.15,400,0.0010828415130501817,0.0009202249102314472,0.0012617220486171856,0.00045646095190966796,0.003255140236858173,0.020129726555101257,27526.0,26356.3,28669.025,0.19066268161748667,1.615,1.5975,0.995,0.16718266253869968,0.9908256880733946,0.2860927152317881,0.4732886904761905,0.0025
id,physics,0.2,400,0.001380251096007097,0.0009757950352134984,0.0020071887672400844,0.00047438120831081593,0.0032661525454992526,0.11141752128299443,27087.0,25948.55,28161.175,0.1876961318524991,1.5225,1.585,0.9925,0.17569786535303777,0.981651376146789,0.298050139275766,0.45723511904761904,0.00375
id,physics,0.3,400,0.0013933911182510083,0.0009919648631073054,0.0020304568780478214,0.0004716962569736721,0.003316791107255605,0.11141752128299443,25977.0,24861.85,27052.175,0.17794647285249765,1.3575,1.54,0.9925,0.19705340699815838,0.981651376146789,0.3282208588957055,0.40615178571428573,0.00375
id,physics,0.4,400,0.0018732696873340988,0.0011135942726448844,0.0030048980400143206,0.0004650291447431537,0.0033664503386800506,0.1463318380913936,25409.0,24297.575,26424.175,0.17295784638500664,1.2575,1.52,0.9875,0.20874751491053678,0.963302752293578,0.3431372549019608,0.3845238095238095,0.00875
id,physics,0.5,400,0.0019120010924383723,0.0011670578744399328,0.0030453531242718413,0.00047151777682075124,0.0034242709555082416,0.1463318380913936,24834.0,23686.9,25899.0,0.16916939313249257,1.155,1.5,0.9875,0.22510822510822512,0.9541284403669725,0.3642732049036778,0.36344047619047615,0.01125
id,physics,0.6,400,0.0034693836090912535,0.001571260939316371,0.006537226919609008,0.00048652746287933257,0.0035099914878033538,0.4564616932141369,24251.0,23198.9,25345.175,0.1641563227424922,1.0625,1.4775,0.98,0.2376470588235294,0.926605504587156,0.3782771535580524,0.3412321428571428,0.01875
id,physics,0.7,400,0.005882129512330842,0.0028087937008999773,0.009712629841288022,0.0004958737787002093,0.003928905821648732,0.4564616932141369,23539.0,22486.975,24553.075,0.15790432778998365,0.9625,1.4475,0.965,0.24155844155844156,0.8532110091743119,0.3765182186234818,0.3149345238095238,0.03270833333333333
id,physics,0.8,400,0.008010309043013442,0.004453855972507436,0.012436021562912337,0.0004958737787002093,0.004359036831285819,0.4564616932141369,22699.0,21648.875,23709.225,0.15079394487248693,0.8425,1.4125,0.9475,0.2551928783382789,0.7889908256880734,0.3856502242152466,0.285625,0.04395833333333334
id,physics,0.9,400,0.012182039644735555,0.007850452292692251,0.017403853603066028,0.0005463610339655756,0.006209200656120074,0.4564616932141369,21796.0,20757.875,22750.025,0.14285995413997626,0.7,1.3775,0.9225,0.2642857142857143,0.6788990825688074,0.38046272493573263,0.2535,0.06645833333333333
id,physics,0.97,400,0.019113480603131613,0.011896918052871193,0.02700998167970163,0.0006275576468675881,0.013416934637155625,0.7450856315188152,20626.0,19675.775,21553.075,0.13230365001498284,0.565,1.3225,0.89,0.24778761061946902,0.5137614678899083,0.33432835820895523,0.22666666666666666,0.101875
id,physics_seq,0.0003,400,0.0010337582430037223,0.000886171332255818,0.0011908672145149856,0.00044597265207574344,0.003180358364902892,0.0164071201304008,86819.0,80902.575,92268.825,0.7664742529124942,3.23,4.23,0.9975,0.08436532507739938,1.0,0.15560314061384725,0.7959583333333333,0.0
id,physics_seq,0.001,400,0.00103394825349958,0.00088656062942838,0.0011913096552879253,0.00044025828267524325,0.003180358364902892,0.0164071201304008,79893.0,74037.275,85202.025,0.7059155446099953,2.9425,3.9425,0.9975,0.09260832625318606,1.0,0.16951788491446346,0.7549583333333334,0.0
id,physics_seq,0.003,400,0.0010343130320395134,0.0008867898198840718,0.0011915540843360367,0.00044025828267524325,0.003180358364902892,0.0164071201304008,73777.0,67965.9,79011.675,0.6511285415649991,2.685,3.685,0.9975,0.10148975791433892,1.0,0.1842772612003381,0.7135833333333333,0.0
id,physics_seq,0.005,400,0.001034215165472233,0.000886469952018902,0.0011914076684468604,0.00044025828267524325,0.003180358364902892,0.0164071201304008,71219.0,65432.375,76399.725,0.6277225417349996,2.5725,3.5725,0.9975,0.10592808551992225,1.0,0.1915641476274165,0.6857499999999999,0.0
id,physics_seq,0.01,400,0.0010344210052587622,0.0008867322445638773,0.0011923614305961437,0.00044025828267524325,0.003180358364902892,0.0164071201304008,67349.0,61691.3,72478.725,0.5908620949125065,2.4,3.4,0.9975,0.11354166666666667,1.0,0.2039289055191768,0.6440833333333333,0.0
id,physics_seq,0.02,400,0.0010334408458498462,0.0008861801526125518,0.0011908050758049188,0.00044025828267524325,0.003180358364902892,0.0164071201304008,63378.0,57895.5,68508.7,0.5557391808100124,2.2375,3.2375,0.9975,0.1217877094972067,1.0,0.21713147410358566,0.6148333333333333,0.0
id,physics_seq,0.05,400,0.0010335438002241364,0.000886784496858456,0.0011916290996102,0.00044025828267524325,0.003180358364902892,0.0164071201304008,58016.0,52842.35,63043.7,0.506348686677502,2.01,3.01,0.9975,0.13557213930348258,1.0,0.23877327491785322,0.552375,0.0
id,physics_seq,0.1,400,0.001032870859710014,0.000883670746163334,0.0011889277512925284,0.0004455597203733286,0.003171979662043968,0.016091482518180822,52605.0,47747.3,57531.425,0.4559115082325138,1.7825,2.7825,0.9975,0.15287517531556802,1.0,0.26520681265206814,0.5015833333333333,0.0
id,physics_seq,0.15,400,0.0010633289382301133,0.0009093879720536067,0.001232089721916818,0.0004500535737220479,0.0032081460437663367,0.016091482518180822,49161.0,44629.9,53578.6,0.4258373034100146,1.6425,2.6425,0.995,0.1643835616438356,0.9908256880733946,0.2819843342036554,0.4850416666666667,0.0025
id,physics_seq,0.2,400,0.0013421167050586863,0.0009477278697336304,0.001973698507098447,0.00045646095190966796,0.0032081460437663367,0.11141752128299443,46862.0,42698.4,51110.0,0.4052256745925138,1.5475,2.5475,0.9925,0.172859450726979,0.981651376146789,0.29395604395604397,0.4676666666666667,0.00375
id,physics_seq,0.3,400,0.0013599140515583071,0.0009623458088286715,0.001996330298231288,0.00046778137124435515,0.003263784401739601,0.11141752128299443,43292.0,39378.2,47205.55,0.3709090761675111,1.39,2.39,0.9925,0.19244604316546762,0.981651376146789,0.3218045112781955,0.4135416666666667,0.00375
id,physics_seq,0.4,400,0.0017264926793328582,0.0010094880710385156,0.002825339037525932,0.0004500535737220479,0.0032905901063538584,0.1463318380913936,41027.0,37268.55,44684.95,0.3493969643700188,1.2925,2.2925,0.99,0.20502901353965183,0.9724770642201835,0.33865814696485624,0.39129166666666665,0.00625
id,physics_seq,0.5,400,0.0018655410581511578,0.0011070403236227793,0.003004928787972179,0.0004500535737220479,0.0033608626568221527,0.1463318380913936,38555.0,35165.95,41985.45,0.32561539523000194,1.185,2.185,0.9875,0.21940928270042195,0.9541284403669725,0.3567753001715266,0.3702500000000001,0.01125
id,physics_seq,0.6,400,0.0034279242289505896,0.0015336825707564197,0.006502140650047731,0.00047151777682075124,0.0034582281594030878,0.4564616932141369,36530.0,33235.85,39981.5,0.30454313958499596,1.0925,2.0925,0.98,0.2311212814645309,0.926605504587156,0.36996336996337,0.347625,0.01875
id,physics_seq,0.7,400,0.0048950815740425885,0.0022926419299042593,0.008317156934562068,0.0004689440304724707,0.003718792424813678,0.4564616932141369,34391.0,31298.95,37705.975,0.2834853582724963,0.995,1.995,0.97,0.24120603015075376,0.8807339449541285,0.378698224852071,0.32175,0.029375
id,physics_seq,0.8,400,0.007239837759708474,0.0038824211357586817,0.011335373464678562,0.0004689440304724707,0.0040790101032408994,0.4564616932141369,31610.0,28871.675,34779.4,0.25528530300249486,0.8675,1.8675,0.9525,0.25360230547550433,0.8073394495412844,0.38596491228070173,0.29141666666666666,0.04229166666666666
id,physics_seq,0.9,400,0.011912349830528808,0.007646285827975124,0.01714236503238438,0.0005431422865562544,0.005758464908508079,0.4564616932141369,28372.0,26035.575,30940.375,0.22214783923498316,0.7175,1.7175,0.925,0.2613240418118467,0.6880733944954128,0.37878787878787884,0.25975000000000004,0.065625
id,physics_seq,0.97,400,0.019083493932710416,0.011867093308295442,0.026962124908464176,0.0006227907231614316,0.013416934637155625,0.7450856315188152,25382.0,23410.0,27508.175,0.1915477700774909,0.575,1.575,0.89,0.24782608695652175,0.5229357798165137,0.336283185840708,0.228125,0.10104166666666665
id,learned,0.0003,400,0.001418285318934398,0.001139161875822133,0.0017330499824755401,0.0005637554429760994,0.0034798334977348636,0.04872595412531966,23092.0,22128.775,24029.025,0.1664549225724909,0.7,1.4675,0.99,0.375,0.963302752293578,0.5398457583547558,0.30383333333333334,0.005
id,learned,0.001,400,0.0014636860098518132,0.001171255812364274,0.001800825856620388,0.0005646606486989225,0.0036419733075692476,0.04872595412531966,22449.0,21492.9,23371.0,0.15835402365249593,0.6375,1.435,0.99,0.40784313725490196,0.9541284403669725,0.5714285714285714,0.26649999999999996,0.00625
id,learned,0.003,400,0.00153596433768032,0.0012432960955180272,0.0018715856953819257,0.0005850656884233141,0.003773391281292068,0.04872595412531966,21770.0,20868.825,22676.025,0.1503784176724889,0.575,1.4,0.985,0.4434782608695652,0.9357798165137615,0.6017699115044247,0.22916666666666663,0.01
id,learned,0.005,400,0.001544038584795949,0.001248698064766446,0.0018834955795800244,0.0005759601316060181,0.003773391281292068,0.04872595412531966,21649.0,20776.0,22531.275,0.1494663688374908,0.5575,1.395,0.985,0.45739910313901344,0.9357798165137615,0.6144578313253011,0.22166666666666665,0.01
id,learned,0.01,400,0.0015848316473434914,0.0012816606264214245,0.0019442861942954705,0.0005883318133486984,0.0039289275109820835,0.04872595412531966,21492.0,20604.675,22361.325,0.14787695416499447,0.54,1.3875,0.9825,0.4675925925925926,0.926605504587156,0.6215384615384616,0.21416666666666664,0.0125
id,learned,0.02,400,0.0016551913794777817,0.0013452889889078031,0.002045923520158756,0.0005982186730375885,0.004119337152222102,0.04872595412531966,21271.0,20347.975,22150.2,0.14553518529499115,0.5125,1.3775,0.98,0.4878048780487805,0.9174311926605505,0.6369426751592356,0.200625,0.013333333333333332
id,learned,0.05,400,0.001770882472938527,0.0014150014053712792,0.002171753293266803,0.0005982186730375885,0.004220867929317041,0.04872595412531966,21122.0,20233.675,21967.0,0.1448396785774935,0.485,1.3725,0.97,0.5,0.8899082568807339,0.6402640264026402,0.19229166666666664,0.01625
id,learned,0.1,400,0.0017708263460582956,0.0014151154509825287,0.0021718682439010703,0.0005982186730375885,0.004220867929317041,0.04872595412531966,20936.0,20076.85,21782.125,0.14242677926749367,0.47,1.3625,0.97,0.5159574468085106,0.8899082568807339,0.6531986531986531,0.18083333333333332,0.01625
id,learned,0.15,400,0.0018925189115560166,0.001501093200801483,0.002330365468717787,0.0005982186730375885,0.004475448280788245,0.04872595412531966,20872.0,20026.85,21717.15,0.14186913617499386,0.46,1.36,0.965,0.5163043478260869,0.8715596330275229,0.6484641638225256,0.17875,0.01958333333333333
id,learned,0.2,400,0.0019324027341866556,0.001550768160755553,0.0023738174883627464,0.0006186048773041269,0.004533451384431043,0.04872595412531966,20636.0,19754.65,21445.15,0.13845870348749031,0.44,1.3475,0.965,0.5397727272727273,0.8715596330275229,0.6666666666666666,0.1625,0.01958333333333333
id,learned,0.3,400,0.001969268722061783,0.0015523100406188005,0.0024496856338568187,0.0006186048773041269,0.004533451384431043,0.04872595412531966,20493.0,19634.975,21288.35,0.13656782905999307,0.4275,1.34,0.965,0.5497076023391813,0.8623853211009175,0.6714285714285714,0.15499999999999997,0.020416666666666666
id,learned,0.4,400,0.0020372059464396786,0.0015967065358990255,0.002506568825876416,0.000629745525010994,0.004584433691914438,0.04872595412531966,20386.0,19528.0,21166.524999999998,0.13577212177249748,0.415,1.335,0.9625,0.5602409638554217,0.8532110091743119,0.6763636363636364,0.15125,0.022916666666666665
id,learned,0.5,400,0.003102334177782667,0.0018898946936671877,0.00490566588870277,0.0006589982638552788,0.004712787012595416,0.27445380115299434,19985.0,19181.875,20727.025,0.13052058650499704,0.3875,1.3125,0.955,0.5806451612903226,0.8256880733944955,0.6818181818181819,0.135,0.03041666666666666
id,learned,0.6,400,0.003424073584824765,0.002061930878084642,0.005377505682467668,0.0006681043257931677,0.005376238508069667,0.27445380115299434,19664.0,18896.875,20408.2,0.12676937020249623,0.35,1.2975,0.95,0.6214285714285714,0.7981651376146789,0.6987951807228916,0.11416666666666667,0.03333333333333333
id,learned,0.7,400,0.0036181160651245574,0.0022169248252554116,0.005566506810461584,0.0006899096263093818,0.0060282902572665695,0.27445380115299434,19206.0,18468.975,19929.0,0.12147662353748956,0.315,1.2725,0.94,0.6587301587301587,0.7614678899082569,0.7063829787234043,0.095,0.042083333333333334
id,learned,0.8,400,0.0037785248648396722,0.002382269395696669,0.0057323203760591334,0.0007174442698447137,0.006175903718687515,0.27445380115299434,18991.0,18274.65,19723.3,0.11879889610748932,0.3025,1.26,0.935,0.6694214876033058,0.7431192660550459,0.7043478260869565,0.0875,0.04708333333333333
id,learned,0.9,400,0.004196999263843783,0.0027288896465789024,0.006327610170208968,0.0007368186291251688,0.006638322021709842,0.27445380115299434,18497.0,17759.0,19227.2,0.1130134162249874,0.2675,1.2325,0.925,0.7102803738317757,0.6972477064220184,0.7037037037037038,0.0675,0.05645833333333333
id,learned,0.97,400,0.0067848235191359865,0.004144963775382888,0.010162538606357564,0.0007817960013419278,0.007961386879515692,0.4564616932141369,18118.0,17437.975,18827.0,0.10845949737248929,0.235,1.2125,0.9075,0.7127659574468085,0.6146788990825688,0.6600985221674877,0.06,0.07270833333333333
id,learned_seq,0.0003,400,0.0014382778077288469,0.0011562098484069758,0.0017629526478374527,0.0005646606486989225,0.00349063702284489,0.04872595412531966,27598.0,25667.125,29539.6,0.22108902319497703,0.7075,1.7075,0.99,0.3674911660777385,0.9541284403669725,0.5306122448979592,0.303375,0.005833333333333333
id,learned_seq,0.001,400,0.0014829990473902677,0.0012022677194449465,0.0018146150867636647,0.0005737662055162185,0.0036419733075692476,0.04872595412531966,26305.0,24623.7,28135.0,0.20583265407748058,0.6425,1.6425,0.9875,0.40077821011673154,0.944954128440367,0.5628415300546449,0.26875,0.007083333333333333
id,learned_seq,0.003,400,0.0015561923207398235,0.0012654398982711805,0.0019168201659420705,0.0005850656884233141,0.003762716307314642,0.04872595412531966,25439.0,23743.875,27166.025,0.1951131968324785,0.595,1.595,0.98,0.42436974789915966,0.926605504587156,0.5821325648414986,0.23541666666666664,0.012083333333333333
id,learned_seq,0.005,400,0.0015694850167786672,0.0012754766076967375,0.0019300536451772323,0.0005850656884233141,0.0038887356060126176,0.04872595412531966,25025.0,23360.375,26675.025,0.19068176862497693,0.575,1.575,0.98,0.4391304347826087,0.926605504587156,0.5958702064896756,0.22541666666666665,0.012083333333333333
id,learned_seq,0.01,400,0.0015841996045680268,0.0012826812530207824,0.0019505632870672807,0.0005883318133486984,0.003936725231015927,0.04872595412531966,24618.0,23003.975,26226.175,0.18635083516998066,0.555,1.555,0.98,0.45045045045045046,0.9174311926605505,0.6042296072507553,0.21416666666666664,0.013333333333333332
id,learned_seq,0.02,400,0.0016304500501800273,0.001318059633982667,0.002009290788535006,0.0005883318133486984,0.00406674750162518,0.04872595412531966,24175.0,22631.85,25732.025,0.18166005837748345,0.5325,1.5325,0.98,0.4694835680751174,0.9174311926605505,0.6211180124223603,0.2025,0.013333333333333332
id,learned_seq,0.05,400,0.0016464517429416964,0.0013343202376281207,0.0020286997336350938,0.0005883318133486984,0.004119337152222102,0.04872595412531966,23697.0,22257.9,25211.375,0.17635486780498014,0.51,1.51,0.98,0.49019607843137253,0.9174311926605505,0.6389776357827476,0.19354166666666664,0.013333333333333332
id,learned_seq,0.1,400,0.0016871467675745,0.0013622622656026696,0.002076668259322997,0.0005883318133486984,0.004122863625146123,0.04872595412531966,23254.0,21872.85,24726.025,0.1715386982699806,0.4875,1.4875,0.9775,0.5076923076923077,0.908256880733945,0.6513157894736842,0.18145833333333333,0.014583333333333332
id,learned_seq,0.15,400,0.0017586842697197153,0.0014137908759308702,0.0021589497294912255,0.0005982186730375885,0.004220867929317041,0.04872595412531966,22755.0,21444.35,24020.375,0.16594901183998217,0.465,1.465,0.9725,0.521505376344086,0.8899082568807339,0.6576271186440678,0.17708333333333331,0.016666666666666666
id,learned_seq,0.2,400,0.0017936984169823617,0.0014499187060258221,0.0021903253314798803,0.0006186048773041269,0.004465357776779988,0.04872595412531966,22540.0,21251.875,23792.5,0.16269716648497934,0.4525,1.4525,0.9725,0.5359116022099447,0.8899082568807339,0.6689655172413792,0.16458333333333333,0.016666666666666666
id,learned_seq,0.3,400,0.0018873057180743525,0.001509896071279566,0.002327361510498324,0.0006186048773041269,0.004533451384431043,0.04872595412531966,22033.0,20824.975,23200.125,0.1568486069224832,0.4275,1.4275,0.965,0.5555555555555556,0.8715596330275229,0.6785714285714285,0.15375,0.018333333333333333
id,learned_seq,0.4,400,0.0020145303827853577,0.0015915655684454835,0.002458118879625448,0.0006243887944920035,0.00467212647101939,0.04872595412531966,21797.0,20615.85,22963.35,0.15407199893248616,0.415,1.415,0.96,0.5602409638554217,0.8532110091743119,0.6763636363636364,0.15125,0.02333333333333333
id,learned_seq,0.5,400,0.003091216307823188,0.001873977909233432,0.004895915684379856,0.0006589982638552788,0.004982343278695446,0.27445380115299434,21410.0,20215.975,22583.175,0.14861971535498697,0.3925,1.3925,0.9525,0.5732484076433121,0.8256880733944955,0.6766917293233082,0.13625,0.03083333333333333
id,learned_seq,0.6,400,0.0031527083977338573,0.0019397799269096725,0.004959968579568733,0.0006589982638552788,0.004783826486907327,0.27445380115299434,20902.0,19740.875,22025.2,0.14203399222498775,0.365,1.365,0.9525,0.6027397260273972,0.8073394495412844,0.6901960784313725,0.1175,0.032499999999999994
id,learned_seq,0.7,400,0.003356341924624516,0.0021123739315994645,0.005281717062267529,0.0006790889344676226,0.005823202758132796,0.27445380115299434,20215.0,19134.825,21296.35,0.1340038320999861,0.3275,1.3275,0.9425,0.6412213740458015,0.7706422018348624,0.7000000000000001,0.09791666666666667,0.04125
id,learned_seq,0.8,400,0.003525945747094679,0.002238244430954431,0.00544985487255969,0.0007086398269213201,0.00610111764523261,0.27445380115299434,19850.0,18856.0,20851.15,0.12974461532248596,0.3075,1.3075,0.9375,0.6666666666666666,0.7522935779816514,0.7068965517241379,0.08916666666666666,0.04625
id,learned_seq,0.9,400,0.004032884716058599,0.0026255582646154733,0.005984860794996179,0.0007368186291251688,0.006656794668755784,0.27445380115299434,19113.0,18203.475,20044.15,0.12099329479248354,0.2675,1.2675,0.925,0.7102803738317757,0.6972477064220184,0.7037037037037038,0.0675,0.05645833333333333
id,learned_seq,0.97,400,0.006543795466822354,0.0040216535637294226,0.009857722745709539,0.0007817960013419278,0.007961386879515692,0.4564616932141369,18619.0,17759.825,19564.0,0.11453938021248632,0.24,1.24,0.9075,0.7083333333333334,0.6238532110091743,0.6634146341463415,0.06,0.07229166666666666
id,abl_cascade_oversampled,0.0003,400,0.0013813646689023295,0.0011591695104789688,0.0016178050692661741,0.0005737662055162185,0.0034945198214479515,0.020129726555101257,23063.0,22113.725,23949.075,0.15984333516753624,0.7025,1.465,0.9875,0.3665480427046263,0.944954128440367,0.5282051282051282,0.3015,0.005833333333333333
id,abl_cascade_oversampled,0.001,400,0.0014483825809277495,0.001211907294668406,0.0017102919188426524,0.0005850656884233141,0.0037016567060150396,0.020129726555101257,22735.0,21776.825,23625.05,0.15614316900253017,0.6625,1.45,0.9825,0.38113207547169814,0.926605504587156,0.5401069518716578,0.28604166666666664,0.009583333333333333
id,abl_cascade_oversampled,0.003,400,0.0014914756440773712,0.0012639888907934609,0.0017453983590345864,0.0005883318133486984,0.0038664580005728882,0.019856508071352863,21992.0,21083.825,22836.05,0.14783056134252776,0.59,1.4125,0.9825,0.4279661016949153,0.926605504587156,0.5855072463768116,0.239375,0.009583333333333333
id,abl_cascade_oversampled,0.005,400,0.00149757586030381,0.001268884459788709,0.0017457012306995399,0.0005883318133486984,0.003936725231015927,0.019856508071352863,21828.0,20919.975,22703.0,0.14626503309752706,0.57,1.405,0.9825,0.44298245614035087,0.926605504587156,0.599406528189911,0.230625,0.009583333333333333
id,abl_cascade_oversampled,0.01,400,0.0015322268796792566,0.0012827491424015369,0.0017857628536392016,0.0006020011165526404,0.004027157068643218,0.019856508071352863,21621.0,20747.8,22473.025,0.1439580083175315,0.5475,1.395,0.9825,0.4611872146118721,0.926605504587156,0.6158536585365854,0.2164583333333333,0.009583333333333333
id,abl_cascade_oversampled,0.02,400,0.001695471078391389,0.0013735073271709146,0.0020817558476437063,0.0006116171411418708,0.004146834696299652,0.04872595412531966,21400.0,20533.85,22273.35,0.14172384361002968,0.52,1.385,0.9775,0.47596153846153844,0.908256880733945,0.6246056782334385,0.20770833333333333,0.014583333333333332
id,abl_cascade_oversampled,0.05,400,0.0017238113227358385,0.0014024533437110157,0.0021125397724360406,0.0006186048773041269,0.004220867929317041,0.04872595412531966,21136.0,20306.975,21995.15,0.13931267324503552,0.49,1.3725,0.975,0.5,0.8990825688073395,0.6426229508196722,0.19104166666666664,0.015416666666666665
id,abl_cascade_oversampled,0.1,400,0.002067174374135987,0.001483075498653651,0.003008597583156869,0.0006243887944920035,0.004220867929317041,0.14283347019341053,20821.0,19967.85,21608.5,0.13594322122503627,0.4675,1.355,0.9725,0.5187165775401069,0.8899082568807339,0.6554054054054054,0.17604166666666665,0.017916666666666664
id,abl_cascade_oversampled,0.15,400,0.0021736818534974778,0.0015532653295522209,0.003119147581397553,0.000629745525010994,0.004475448280788245,0.14283347019341053,20585.0,19733.0,21408.05,0.13304898422003134,0.4475,1.3425,0.965,0.5307262569832403,0.8715596330275229,0.6597222222222222,0.164375,0.021666666666666664
id,abl_cascade_oversampled,0.2,400,0.002293505274537929,0.0016459633909798766,0.0032471250395688933,0.0006416443518909593,0.004520523422479198,0.14283347019341053,20406.0,19604.0,21206.025,0.13084951489753394,0.435,1.3325,0.9625,0.5344827586206896,0.8532110091743119,0.657243816254417,0.156875,0.02375
id,abl_cascade_oversampled,0.3,400,0.0029879594200791114,0.0017574595946666435,0.0047858661920513355,0.0006416443518909593,0.004584433691914438,0.27445380115299434,20242.0,19455.975,21071.25,0.12915604546753456,0.415,1.325,0.96,0.5542168674698795,0.8440366972477065,0.6690909090909091,0.14916666666666667,0.02625
id,abl_cascade_oversampled,0.4,400,0.0031016802638967863,0.0018409863042136649,0.00493786525756557,0.0006681043257931677,0.0047597290941925495,0.27445380115299434,20006.0,19218.0,20823.15,0.12676806003503543,0.395,1.3125,0.955,0.569620253164557,0.8256880733944955,0.6741573033707865,0.14,0.03125
id,abl_cascade_oversampled,0.5,400,0.0031505834490931956,0.0018852383430936646,0.005006264315521468,0.0006681043257931677,0.004783826486907327,0.27445380115299434,19820.0,19052.825,20600.175,0.12485956235503635,0.38,1.3025,0.9525,0.5855263157894737,0.8165137614678899,0.6819923371647509,0.12958333333333333,0.03208333333333333
id,abl_cascade_oversampled,0.6,400,0.003177836252154349,0.0019014801726421804,0.005029089691583362,0.0006625800160497408,0.00508758980589467,0.27445380115299434,19505.0,18704.0,20234.175,0.12109895537253351,0.3575,1.285,0.9525,0.6223776223776224,0.8165137614678899,0.7063492063492065,0.10958333333333334,0.03208333333333333
id,abl_cascade_oversampled,0.7,400,0.0036642746677379456,0.002210426772342607,0.005667989788873844,0.0006681043257931677,0.005745496261982058,0.27445380115299434,19083.0,18331.95,19856.025,0.11634609674003286,0.3225,1.2625,0.94,0.6511627906976745,0.7706422018348624,0.7058823529411765,0.095,0.04333333333333333
id,abl_cascade_oversampled,0.8,400,0.0037672266235689146,0.0023276350669567806,0.005819863305612681,0.0006763052117040036,0.005880153807243125,0.27445380115299434,18883.0,18108.85,19613.4,0.11415227134253883,0.3025,1.2525,0.9375,0.6776859504132231,0.7522935779816514,0.7130434782608697,0.085,0.04541666666666666
id,abl_cascade_oversampled,0.9,400,0.005737174071923722,0.0033782227875164992,0.008703758373173498,0.0007086398269213201,0.006556725816620304,0.4564616932141369,18246.0,17529.975,18968.2,0.1074950874375395,0.255,1.2175,0.9225,0.7450980392156863,0.6972477064220184,0.7203791469194314,0.05625,0.0575
id,abl_cascade_oversampled,0.97,400,0.007813262678613224,0.004845196018332638,0.011692492385130298,0.0007603614116483692,0.009291931289201942,0.4564616932141369,17745.0,17085.65,18426.175,0.10207900910753324,0.2175,1.19,0.9,0.735632183908046,0.5871559633027523,0.6530612244897959,0.05,0.08125
id,abl_cascade_oversampled_seq,0.0003,400,0.0014814243571755017,0.0011865836166595402,0.0018324318899474224,0.0005616107726762604,0.0035493497833519318,0.04872595412531966,27249.0,25429.55,29139.25,0.21055226812504088,0.6925,1.6925,0.985,0.36823104693140796,0.9357798165137615,0.5284974093264249,0.2995833333333333,0.008333333333333333
id,abl_cascade_oversampled_seq,0.001,400,0.0015537482710702257,0.0012474986411201774,0.001914044348461613,0.0005637554429760994,0.0038621947077104152,0.04872595412531966,26271.0,24605.95,28111.05,0.2001682296950412,0.645,1.645,0.98,0.3875968992248062,0.9174311926605505,0.544959128065395,0.283125,0.012083333333333333
id,abl_cascade_oversampled_seq,0.003,400,0.0016115695847675375,0.001299212290192406,0.001982692215446551,0.0005883318133486984,0.003936725231015927,0.04872595412531966,25163.0,23603.5,26807.5,0.18732573247753181,0.5875,1.5875,0.98,0.425531914893617,0.9174311926605505,0.5813953488372093,0.24291666666666664,0.012083333333333333
id,abl_cascade_oversampled_seq,0.005,400,0.0016139283310879753,0.0013015241581155633,0.0019827785372000186,0.0005883318133486984,0.004027157068643218,0.04872595412531966,24927.0,23397.8,26607.275,0.18440139347753073,0.575,1.575,0.98,0.43478260869565216,0.9174311926605505,0.5899705014749262,0.2345833333333333,0.012083333333333333
id,abl_cascade_oversampled_seq,0.01,400,0.0016149375250528702,0.001305089864921617,0.0019892224401264454,0.0005883318133486984,0.004027157068643218,0.04872595412531966,24655.0,23138.85,26320.175,0.1809093737275316,0.56,1.56,0.98,0.44642857142857145,0.9174311926605505,0.6006006006006006,0.22458333333333333,0.012083333333333333
id,abl_cascade_oversampled_seq,0.02,400,0.0016694632874882918,0.0013502692858108345,0.002059716321164487,0.0005982186730375885,0.004112056194330605,0.04872595412531966,24276.0,22774.625,25912.175,0.1767077488525274,0.54,1.54,0.9775,0.4583333333333333,0.908256880733945,0.6092307692307691,0.21416666666666664,0.014583333333333332
id,abl_cascade_oversampled_seq,0.05,400,0.0017090280304858407,0.0013844706115723362,0.002092375222397992,0.0006116171411418708,0.004226225660270857,0.04872595412531966,23448.0,22088.6,24855.4,0.16808142470003304,0.5,1.5,0.9775,0.495,0.908256880733945,0.6407766990291262,0.193125,0.014583333333333332
id,abl_cascade_oversampled_seq,0.1,400,0.002043414345620306,0.001453933161801127,0.002955128755145966,0.0006116171411418708,0.004220867929317041,0.14283347019341053,23047.0,21753.975,24450.1,0.16365084078003292,0.4775,1.4775,0.975,0.5130890052356021,0.8990825688073395,0.6533333333333333,0.175625,0.017083333333333332
id,abl_cascade_oversampled_seq,0.15,400,0.002107133514382566,0.0015171680881198028,0.0030363720281868286,0.0006186048773041269,0.004275088570495083,0.14283347019341053,22518.0,21181.0,23878.175,0.15766247305253045,0.45,1.45,0.9675,0.5333333333333333,0.8807339449541285,0.6643598615916956,0.16270833333333332,0.019166666666666665
id,abl_cascade_oversampled_seq,0.2,400,0.002166349031993269,0.0015552548512134568,0.003093247551754925,0.0006243887944920035,0.004275088570495083,0.14283347019341053,22346.0,21037.85,23704.0,0.15546130075753353,0.44,1.44,0.9675,0.5397727272727273,0.8715596330275229,0.6666666666666666,0.1552083333333333,0.020416666666666666
id,abl_cascade_oversampled_seq,0.3,400,0.002895108069461652,0.0016673750627618361,0.004650724807462273,0.0006243887944920035,0.004520523422479198,0.27445380115299434,22110.0,20858.45,23433.125,0.15270628521503568,0.4275,1.4275,0.9625,0.543859649122807,0.8532110091743119,0.6642857142857144,0.15020833333333333,0.02375
id,abl_cascade_oversampled_seq,0.4,400,0.0030086530033570534,0.001736048984940357,0.004794155882606127,0.0006589982638552788,0.00467212647101939,0.27445380115299434,21738.0,20479.975,22990.55,0.1484199240625344,0.4075,1.4075,0.9575,0.558282208588957,0.8348623853211009,0.6691176470588236,0.140625,0.02875
id,abl_cascade_oversampled_seq,0.5,400,0.0030756798962577048,0.0017976498127492359,0.0049168731258738,0.0006625800160497408,0.004712455799838068,0.27445380115299434,21416.0,20136.975,22619.024999999998,0.14469100323253542,0.39,1.39,0.955,0.5769230769230769,0.8256880733944955,0.6792452830188679,0.130625,0.03125
id,abl_cascade_oversampled_seq,0.6,400,0.0034531518539038853,0.0020429259773003614,0.0054643649411563085,0.0006532235372621476,0.005011373389591095,0.27445380115299434,20630.0,19506.975,21667.175,0.13603489017253423,0.35,1.35,0.9475,0.6214285714285714,0.7981651376146789,0.6987951807228916,0.10791666666666666,0.03458333333333333
id,abl_cascade_oversampled_seq,0.7,400,0.0037170475638294994,0.0022912462204449603,0.005765407934413372,0.0006589982638552788,0.005745496261982058,0.27445380115299434,20043.0,19019.975,21073.175,0.12894223781003347,0.3175,1.3175,0.9375,0.6456692913385826,0.7522935779816514,0.6949152542372881,0.09416666666666666,0.04541666666666666
id,abl_cascade_oversampled_seq,0.8,400,0.0037409904224593926,0.0023177379824031274,0.005787684239857012,0.0006681043257931677,0.005823202758132796,0.27445380115299434,19721.0,18719.25,20724.35,0.12521122337753696,0.3,1.3,0.9375,0.6833333333333333,0.7522935779816514,0.7161572052401746,0.08291666666666667,0.04541666666666666
id,abl_cascade_oversampled_seq,0.9,400,0.005642381337491252,0.0033014851675671145,0.008484355314328234,0.0006899096263093818,0.006379849704775421,0.4564616932141369,18862.0,17938.825,19807.2,0.1156514584075353,0.2525,1.2525,0.9225,0.7326732673267327,0.6788990825688074,0.7047619047619047,0.0575,0.05958333333333333
id,abl_cascade_oversampled_seq,0.97,400,0.007551235390100948,0.004517284622662613,0.011237062408031904,0.0007528369406896718,0.008942541230145528,0.4564616932141369,18389.0,17501.975,19283.0,0.11002021188253366,0.225,1.225,0.9025,0.7222222222222222,0.5963302752293578,0.6532663316582915,0.0525,0.08041666666666666
id,abl_no_intervention,0.0003,400,0.0011979014568171658,0.0010086537769707028,0.001395961452072515,0.00048652746287933257,0.0033612044242511212,0.020129726555101257,24605.0,23568.65,25609.15,0.16993999297998244,0.9575,1.5225,0.9925,0.27676240208877284,0.9724770642201835,0.43089430894308944,0.37266666666666665,0.002708333333333333
id,abl_no_intervention,0.001,400,0.0015867254179263933,0.001086991560509193,0.002513565157860109,0.0005391561972093104,0.0034417869676000084,0.1463127875412158,24008.0,23023.975,24980.325,0.16543420585248214,0.86,1.5,0.9875,0.30523255813953487,0.963302752293578,0.46357615894039733,0.3474166666666666,0.005208333333333332
id,abl_no_intervention,0.003,400,0.0016068556613584402,0.001103695896221924,0.002524541531750624,0.0005402781795594211,0.0034559386812369475,0.14283347019341053,23346.0,22351.8,24231.2,0.16039123704748134,0.765,1.4725,0.9875,0.3431372549019608,0.963302752293578,0.5060240963855422,0.31375,0.005208333333333332
id,abl_no_intervention,0.005,400,0.0016522717036440188,0.0011534907455331975,0.002551674875686146,0.0005413089990649947,0.0034798334977348636,0.14283347019341053,23133.0,22161.925,24051.225,0.15933548183998483,0.7275,1.465,0.9875,0.35738831615120276,0.9541284403669725,0.52,0.30395833333333333,0.005833333333333333
id,abl_no_intervention,0.01,400,0.0017895772739439176,0.001255966173360756,0.0027128311927634655,0.0005447484513403933,0.0037015094049331356,0.14283347019341053,22777.0,21827.625,23658.2,0.15718217739997498,0.6775,1.45,0.9825,0.3763837638376384,0.9357798165137615,0.536842105263158,0.28520833333333334,0.009166666666666667
id,abl_no_intervention,0.02,400,0.001823416411645208,0.0012756321999300552,0.0027653315527587565,0.0005599062239676628,0.0037016567060150396,0.14283347019341053,22371.0,21449.825,23244.575,0.15382191866747463,0.6225,1.4325,0.98,0.40562248995983935,0.926605504587156,0.5642458100558659,0.2635416666666667,0.010416666666666664
id,abl_no_intervention,0.05,400,0.0019989423452419467,0.0013814554385106889,0.0029508357772870656,0.0005982186730375885,0.003936725231015927,0.14283347019341053,21363.0,20495.875,22208.125,0.14196399471997892,0.5325,1.38,0.9775,0.4647887323943662,0.908256880733945,0.6149068322981367,0.2070833333333333,0.013541666666666665
id,abl_no_intervention,0.1,400,0.0020349315080112882,0.0014229084333158332,0.002989393123228173,0.0006186048773041269,0.004111863702706875,0.14283347019341053,21071.0,20226.0,21915.025,0.13897512131747816,0.4925,1.3675,0.9775,0.5025380710659898,0.908256880733945,0.6470588235294117,0.18875,0.013541666666666665
id,abl_no_intervention,0.15,400,0.0021719966825886412,0.0015532925966255777,0.0031185243471211176,0.0006246180845650984,0.004274508388289416,0.14283347019341053,20792.0,19991.425,21643.025,0.13605104658748132,0.47,1.3525,0.97,0.5053191489361702,0.8715596330275229,0.6397306397306397,0.17833333333333332,0.021041666666666667
id,abl_no_intervention,0.2,400,0.0022120100592864177,0.001582329310855018,0.0031558910984122728,0.0006220394600244261,0.004274508388289416,0.14283347019341053,20750.0,19956.625,21581.025,0.13637752171498277,0.455,1.3525,0.9675,0.5164835164835165,0.8623853211009175,0.6460481099656358,0.17708333333333331,0.021875
id,abl_no_intervention,0.3,400,0.0022413035588095447,0.0016039070409892445,0.0031777074801334305,0.0006220394600244261,0.004520523422479198,0.14283347019341053,20371.0,19547.95,21167.35,0.13240522560998216,0.4225,1.3325,0.965,0.5502958579881657,0.8532110091743119,0.6690647482014389,0.15374999999999997,0.02270833333333333
id,abl_no_intervention,0.4,400,0.0023074983935252947,0.0016817183253022162,0.0032579087703591084,0.000629745525010994,0.004584433691914438,0.14283347019341053,20078.0,19260.85,20895.35,0.12941446717998134,0.395,1.3175,0.96,0.5759493670886076,0.8348623853211009,0.6816479400749063,0.13875,0.02645833333333333
id,abl_no_intervention,0.5,400,0.00239739225642368,0.0017333526747997932,0.003362924640255281,0.0006416443518909593,0.004712455799838068,0.14283347019341053,19828.0,19039.8,20587.175,0.12679382107497758,0.37,1.305,0.96,0.6081081081081081,0.8256880733944955,0.7003891050583658,0.12208333333333332,0.027291666666666665
id,abl_no_intervention,0.6,400,0.002581550824618134,0.0018384085613033661,0.0035929390110517423,0.0006416443518909593,0.0050387510937053214,0.14283347019341053,19291.0,18532.975,20037.125,0.12016291755998054,0.3325,1.275,0.955,0.6616541353383458,0.8073394495412844,0.7272727272727273,0.09458333333333332,0.03229166666666666
id,abl_no_intervention,0.7,400,0.004815559499947783,0.0025666724318288542,0.0077837694970374115,0.0006416443518909593,0.005880153807243125,0.4564616932141369,19041.0,18309.675,19800.175,0.11750708301248096,0.3075,1.2625,0.94,0.6585365853658537,0.7431192660550459,0.6982758620689655,0.08833333333333332,0.044375
id,abl_no_intervention,0.8,400,0.004953212192778453,0.0026778997224986417,0.007915033420640106,0.0006645225735987057,0.006038066517097016,0.4564616932141369,18769.0,18051.85,19522.15,0.11463794069248479,0.2875,1.2475,0.9375,0.6782608695652174,0.7155963302752294,0.6964285714285714,0.07833333333333332,0.04895833333333333
id,abl_no_intervention,0.9,400,0.005182509234063531,0.002926868905959442,0.008109526770920208,0.0007058374155631264,0.006556725816620304,0.4564616932141369,18340.0,17680.825,19049.375,0.10987022972749173,0.25,1.225,0.93,0.76,0.6972477064220184,0.7272727272727273,0.055,0.05229166666666666
id,abl_no_intervention,0.97,400,0.005796703725263359,0.0034095171554751327,0.008687672113299901,0.000724920182580413,0.006858213441605917,0.4564616932141369,17882.0,17187.0,18563.0,0.10432635499249272,0.215,1.2,0.9175,0.8255813953488372,0.6513761467889908,0.7282051282051282,0.03625,0.061875
id,abl_no_intervention_seq,0.0003,400,0.0016631591706449942,0.001099413856885179,0.0026157291193463854,0.0005196586453174723,0.0034417869676000084,0.1463127875412158,33022.0,30539.825,35609.25,0.26890343925997967,0.9675,1.9675,0.9875,0.2713178294573643,0.963302752293578,0.4233870967741935,0.3807083333333333,0.006458333333333332
id,abl_no_intervention_seq,0.001,400,0.001702305101809478,0.0011318590509190605,0.002665683389038005,0.0005409129270858917,0.0034417869676000084,0.1463127875412158,31088.0,28844.675,33371.6,0.24964530080748545,0.875,1.875,0.985,0.29714285714285715,0.9541284403669725,0.4531590413943355,0.3534583333333333,0.007708333333333333
id,abl_no_intervention_seq,0.003,400,0.0017664865559683341,0.0011906414229387212,0.0026688050559431978,0.0005402781795594211,0.003459673442117445,0.14283347019341053,29154.0,27037.525,31263.45,0.23006822189998502,0.7825,1.7825,0.9825,0.3258785942492013,0.9357798165137615,0.48341232227488146,0.32116666666666666,0.010833333333333332
id,abl_no_intervention_seq,0.005,400,0.0017796066050106637,0.0012031589258090075,0.002676852001923146,0.0005413089990649947,0.0034798334977348636,0.14283347019341053,28540.0,26475.45,30596.1,0.22390063501748045,0.7525,1.7525,0.9825,0.3388704318936877,0.9357798165137615,0.4975609756097561,0.3092916666666667,0.010833333333333332
id,abl_no_intervention_seq,0.01,400,0.0019157185291055342,0.0013212073000122653,0.0028519168961510764,0.000555893039002317,0.003753124292100746,0.14283347019341053,27398.0,25446.325,29274.899999999998,0.21229151983497785,0.6975,1.6975,0.9775,0.35842293906810035,0.9174311926605505,0.5154639175257733,0.2927083333333333,0.012916666666666665
id,abl_no_intervention_seq,0.02,400,0.001953967866433015,0.0013504095466187619,0.002899314852188813,0.000555893039002317,0.003773391281292068,0.14283347019341053,26013.0,24242.4,27672.175,0.19724125395498276,0.63,1.63,0.9775,0.39285714285714285,0.908256880733945,0.5484764542936288,0.26229166666666665,0.013541666666666665
id,abl_no_intervention_seq,0.05,400,0.0020073729124076237,0.001400643780290941,0.0029647519726903344,0.0005883318133486984,0.004111863702706875,0.14283347019341053,24475.0,22817.975,26055.85,0.17952669130748064,0.5475,1.5475,0.9775,0.4520547945205479,0.908256880733945,0.6036585365853658,0.20666666666666667,0.013541666666666665
id,abl_no_intervention_seq,0.1,400,0.0020617884233693406,0.0014452734498478894,0.0030411597254053914,0.0005883318133486984,0.004121131200532558,0.14283347019341053,23462.0,22038.85,24819.8,0.16878305028247723,0.5,1.5,0.975,0.485,0.8899082568807339,0.627831715210356,0.19041666666666665,0.015625
id,abl_no_intervention_seq,0.15,400,0.0021760110177638067,0.0015449754134130326,0.0031290542602500785,0.0005982186730375885,0.004274512504280064,0.14283347019341053,22890.0,21529.85,24163.0,0.16270104198997615,0.47,1.47,0.97,0.5053191489361702,0.8715596330275229,0.6397306397306397,0.17625,0.020625
id,abl_no_intervention_seq,0.2,400,0.002222574098490636,0.0015891527317597556,0.0031866010074343815,0.0006116171411418708,0.004475237261269412,0.14283347019341053,22683.0,21357.9,23943.075,0.16051115278747147,0.46,1.46,0.9675,0.5108695652173914,0.8623853211009175,0.6416382252559728,0.17416666666666664,0.021875
id,abl_no_intervention_seq,0.3,400,0.0022402464708605207,0.0016044187050784215,0.0032047330596244425,0.0006116171411418708,0.004520523422479198,0.14283347019341053,22011.0,20808.825,23205.225,0.1530628796049723,0.425,1.425,0.9675,0.5529411764705883,0.8623853211009175,0.6738351254480288,0.15291666666666667,0.021875
id,abl_no_intervention_seq,0.4,400,0.002264469978139715,0.00163887661650061,0.0032283821880724575,0.0006186048773041269,0.004533451384431043,0.14283347019341053,21653.0,20451.975,22790.7,0.14893700535997595,0.405,1.405,0.965,0.5740740740740741,0.8532110091743119,0.6863468634686347,0.14041666666666666,0.024375
id,abl_no_intervention_seq,0.5,400,0.002298318808801001,0.0016724351214801396,0.0032603402987086655,0.0006186048773041269,0.00467212647101939,0.14283347019341053,21117.0,19994.6,22182.025,0.14327197616997409,0.3775,1.3775,0.9625,0.609271523178808,0.8440366972477065,0.7076923076923076,0.125,0.02520833333333333
id,abl_no_intervention_seq,0.6,400,0.0025535081102378075,0.001828537725942814,0.003582208229515343,0.000629745525010994,0.004780845572091191,0.14283347019341053,20301.0,19256.8,21282.2,0.13332099845498077,0.3325,1.3325,0.955,0.6691729323308271,0.8165137614678899,0.7355371900826446,0.095,0.031041666666666665
id,abl_no_intervention_seq,0.7,400,0.004698890363878086,0.002434142150221398,0.007688938344310341,0.000629745525010994,0.005733295262417284,0.4564616932141369,19936.0,18954.825,20902.025,0.12880754716748244,0.3125,1.3125,0.945,0.68,0.7798165137614679,0.7264957264957266,0.0875,0.03979166666666666
id,abl_no_intervention_seq,0.8,400,0.004881406588734789,0.002623207119721322,0.007863881635355048,0.0006532235372621476,0.005880153807243125,0.4564616932141369,19478.0,18547.975,20459.35,0.12363850625998793,0.2875,1.2875,0.935,0.6956521739130435,0.7339449541284404,0.7142857142857143,0.07625,0.04729166666666666
id,abl_no_intervention_seq,0.9,400,0.005112439774243343,0.0028770223483109204,0.008068102433851547,0.0006790889344676226,0.006267670182583709,0.4564616932141369,18941.0,18088.85,19836.0,0.117179509387488,0.2575,1.2575,0.9325,0.7475728155339806,0.7064220183486238,0.7264150943396226,0.055,0.05145833333333333
id,abl_no_intervention_seq,0.97,400,0.00570827199037297,0.003360935882776729,0.008603018668307793,0.0007189228296270445,0.006683208037094505,0.4564616932141369,18297.0,17515.65,19135.0,0.10915685258999247,0.2225,1.2225,0.92,0.8202247191011236,0.6697247706422018,0.7373737373737373,0.03625,0.05979166666666666
