family,policy,param,n,err_rel_tol_mean,err_lo,err_hi,success_rate,cost_frac_fine,wall_mean,false_safe_rate
id,uniform_coarse,0.0,2400,22.043858463530444,19.460264328636807,25.428036443257373,0.18,0.021752383154406633,0.505266102448962,1.0
id,uniform_medium,1.0,2400,8.030663642151834,5.482513080927351,11.074338516654297,0.4554166666666667,0.0619444732594499,0.26008640629974555,1.0
id,uniform_fine,2.0,2400,0.00040447938369767705,0.0003076812150160679,0.000527965640619506,1.0,1.0,5.684569916464865,0.0
id,random,0.0,2400,8.030663642151834,5.482513080927351,11.074338516654297,0.4554166666666667,0.0619444732594499,0.26008640629974555,1.0
id,random,1.0,2400,6.447449979484116,4.289670386468846,9.085775212983995,0.5891666666666666,0.2154314970189033,1.0806601858603668,0.0
id,random,2.0,2400,4.420167980201953,2.622877458539888,6.8440112469105845,0.7154166666666667,0.39209087295904965,2.196428248963366,0.0
id,random,3.0,2400,1.3566430072867628,0.5799229371305286,2.498197126191834,0.8608333333333333,0.6091673475147155,3.5785062457291708,0.0
id,random,4.0,2400,0.00040447938369767705,0.0003076812150160679,0.000527965640619506,1.0,1.0,5.684569916464865,0.0
id,share,0.0,2400,8.030663642151834,5.482513080927351,11.074338516654297,0.4554166666666667,0.0619444732594499,0.26008640629974555,1.0
id,share,1.0,2400,3.3946907185037483,1.806190404620672,5.163313904101173,0.6725,0.19515568149980042,1.2044343091244476,0.0
id,share,2.0,2400,0.4570431179084528,0.41094574951691043,0.5041618545082792,0.8333333333333334,0.37205200099300145,1.583917949492555,0.0
id,share,3.0,2400,0.3892467129433057,0.34871078938902517,0.42874151202779787,0.86,0.4219612450471337,1.7959080151742606,0.0
id,share,4.0,2400,0.00040447938369767705,0.0003076812150160679,0.000527965640619506,1.0,1.0619444732594499,5.94465632276461,0.0
id,discrepancy,0.01,2400,2.93364991656508,1.2683641041536586,5.312872523309433,0.9916666666666667,1.0308205849527843,6.206645072667698,0.0
id,discrepancy,0.020000000000000004,2400,3.1749553966343975,1.338036469852901,5.548950153344292,0.9883333333333333,0.9917254791911064,6.1004540510805505,0.0
id,discrepancy,0.030000000000000006,2400,3.1878616250355174,1.3515412889913812,5.576114996995089,0.98625,0.9368854837191859,5.991795488603954,0.0
id,discrepancy,0.04000000000000001,2400,4.016505144933406,1.7419574269093,6.915969089464998,0.9804166666666667,0.8719755168248736,5.888353837829342,0.0
id,discrepancy,0.05000000000000001,2400,4.4472166005254,2.1731973338483628,7.305869633425319,0.9766666666666667,0.850927776736852,5.804391099639891,0.001530221882172915
id,discrepancy,0.06000000000000001,2400,4.458092303981928,2.175280817983283,7.315674914177167,0.9754166666666667,0.8389109015232225,5.732165079221625,0.013771996939556235
id,discrepancy,0.07,2400,4.516190422128856,2.2553520765438693,7.3713157424794815,0.97125,0.8252659539812718,5.678670782992946,0.02142310635042081
id,discrepancy,0.08,2400,4.521292427018029,2.2632034339268836,7.375525191584586,0.97,0.8128676370463241,5.612868715645015,0.02142310635042081
id,discrepancy,0.09000000000000001,2400,4.538067003471801,2.2837302284838787,7.393107565305706,0.9666666666666667,0.7990030892300871,5.509920179132914,0.02218821729150727
id,discrepancy,0.1,2400,5.178439988069769,2.69350003855592,8.256225579537688,0.9625,0.7872123653650843,5.391114676063784,0.02218821729150727
id,discrepancy,0.15,2400,5.272729443219126,2.78537707682681,8.336187364465587,0.92875,0.7505905405108639,5.082338812187223,0.028309104820198928
id,discrepancy,0.19999999999999998,2400,5.30084432153186,2.813623586752221,8.361931478798423,0.91625,0.7404706356977623,5.032349069804653,0.029074215761285386
id,discrepancy,0.25,2400,5.3161587887862,2.8287337050147663,8.378195071766633,0.9108333333333334,0.7360657669030805,5.007937644045893,0.029074215761285386
id,discrepancy,0.3,2400,5.366840206749573,2.882962102114814,8.42917265414746,0.89375,0.7280972280764865,4.964288173213748,0.03136954858454476
id,discrepancy,0.35,2400,5.437905551013751,2.963432950164498,8.483016714823288,0.875,0.7150959019046188,4.885568375223756,0.03519510328997705
id,discrepancy,0.39999999999999997,2400,5.477397474705676,3.01367701844733,8.526507850865375,0.8654166666666666,0.7058971759935716,4.827853151202902,0.03978576893649579
id,discrepancy,0.44999999999999996,2400,5.501929473361762,3.0337043392648573,8.543165921659533,0.8608333333333333,0.7003451491550656,4.80144126518664,0.04361132364192808
id,discrepancy,0.5,2400,5.542958929882249,3.0757795560740675,8.576350162147385,0.8525,0.6929413555205771,4.736702620036655,0.04437643458301454
id,discrepancy,0.5499999999999999,2400,5.564665019105914,3.1178516852800096,8.596323935453633,0.8466666666666667,0.6885391657071664,4.714655126975388,0.04973221117061974
id,discrepancy,0.6,2400,5.575274224525997,3.126569964133978,8.6069692824828,0.8433333333333334,0.6806508580298304,4.701516835115371,0.05508798775822494
id,discrepancy,0.6499999999999999,2400,5.595064609318198,3.15335994081941,8.630150905232542,0.8391666666666666,0.6732007262066739,4.690827613285431,0.06350420811017597
id,discrepancy,0.7,2400,5.636200444135968,3.186121448519632,8.670957649827018,0.8304166666666667,0.662730651066898,4.657871383542925,0.07268553940321347
id,discrepancy,0.75,2400,5.682716356332096,3.241025046933933,8.721243487011973,0.81875,0.6487755094304487,4.608798063035829,0.08875286916602908
id,discrepancy,0.7999999999999999,2400,5.726499181248835,3.2902836556445605,8.767069133735957,0.8104166666666667,0.6326408374039635,4.557999223662873,0.11094108645753634
id,discrepancy,0.85,2400,5.758589677740908,3.3403497741744004,8.786625715525101,0.8016666666666666,0.6231037555060684,4.496583760052032,0.12241775057383321
id,discrepancy,0.8999999999999999,2400,5.8198756076483145,3.3905408177610434,8.849001303370109,0.79125,0.6135158113318817,4.411321896391243,0.12930374904361133
id,discrepancy,0.95,2400,5.854363529797543,3.4345712876785264,8.884921376942318,0.78375,0.6050315855623666,4.367700282009176,0.14001530221882172
id,sensitivity,0.01,2400,5.995269474495849,3.6296905403708957,8.909106532035175,0.8329166666666666,0.6326178404643391,4.33001460109751,0.2930374904361132
id,sensitivity,0.020000000000000004,2400,6.143818648232529,3.7808704207035175,9.04246253200936,0.8170833333333334,0.6220130004615632,4.15854008169755,0.2930374904361132
id,sensitivity,0.030000000000000006,2400,6.229475401930852,3.855583972335566,9.139668852594735,0.8075,0.6162809673856667,4.0745118589079965,0.2930374904361132
id,sensitivity,0.04000000000000001,2400,6.3042158687207195,3.9145766162017677,9.21430695746397,0.8,0.6101946679824017,3.9968527926796287,0.2930374904361132
id,sensitivity,0.05000000000000001,2400,6.342063892956914,3.9472531334119227,9.24720134085472,0.79625,0.6039036326660161,3.894588237524613,0.2930374904361132
id,sensitivity,0.06000000000000001,2400,6.355803816141943,3.9581952330223125,9.271285280935293,0.7945833333333333,0.5991661645516395,3.825485046368373,0.2930374904361132
id,sensitivity,0.07,2400,6.375864964877616,3.9768457827580086,9.29499771174526,0.7920833333333334,0.593659170426268,3.7434811421650407,0.2930374904361132
id,sensitivity,0.08,2400,6.399735153845045,4.008666794272513,9.309536326768844,0.7895833333333333,0.588304008806588,3.654352313645465,0.2930374904361132
id,sensitivity,0.09000000000000001,2400,6.431106980530114,4.028796482877496,9.343852097906913,0.7870833333333334,0.5830275047987571,3.579865544746705,0.2930374904361132
id,sensitivity,0.1,2400,6.439594777699843,4.03325429937297,9.348358655784589,0.78625,0.579437232204589,3.5122417641483663,0.2930374904361132
id,sensitivity,0.15,2400,6.458903070292905,4.056615708535609,9.377546221251455,0.7829166666666667,0.568551009895056,3.373470071674986,0.2930374904361132
id,sensitivity,0.19999999999999998,2400,6.464913599471558,4.065521825050536,9.382697533421673,0.7820833333333334,0.5622006180920264,3.3091684604895546,0.2930374904361132
id,sensitivity,0.25,2400,6.494305565864296,4.086992424862214,9.403067541062438,0.7804166666666666,0.5587154557447972,3.2736322600141343,0.2930374904361132
id,sensitivity,0.3,2400,6.50184605423988,4.096410590891484,9.409616895642323,0.7795833333333333,0.5547069482655169,3.2377275057349895,0.2930374904361132
id,sensitivity,0.35,2400,6.518509030852012,4.107693880835638,9.427120976563781,0.7783333333333333,0.5520614279731144,3.210626719451672,0.2930374904361132
id,sensitivity,0.39999999999999997,2400,6.522141727121541,4.117672900979922,9.431617855247953,0.7775,0.5507359106937433,3.197470639131228,0.2930374904361132
id,sensitivity,0.44999999999999996,2400,6.532223613004289,4.13689238127649,9.455070266305041,0.7766666666666666,0.5496535660366507,3.1847188014062278,0.2930374904361132
id,sensitivity,0.5,2400,6.536976300675122,4.14378008693727,9.463697582867503,0.7754166666666666,0.5480103548850955,3.1605583550287033,0.2930374904361132
id,sensitivity,0.5499999999999999,2400,6.5374271951678145,4.144125514903365,9.464098637143406,0.7754166666666666,0.546766621518614,3.146000734092031,0.2930374904361132
id,sensitivity,0.6,2400,6.547377929038194,4.149901822726811,9.476952228226725,0.7745833333333333,0.5460736538254068,3.138461258889941,0.2930374904361132
id,sensitivity,0.6499999999999999,2400,6.551408074928999,4.153692815996375,9.483480003406902,0.77375,0.5450090886690868,3.1285637223145266,0.2930374904361132
id,sensitivity,0.7,2400,6.553780060018887,4.160927370520533,9.48585198849679,0.7733333333333333,0.5446250802087217,3.122570485372022,0.2930374904361132
id,sensitivity,0.75,2400,6.5541005728394,4.161095639751303,9.486172501317302,0.7733333333333333,0.5443525688889553,3.1197631430224493,0.2930374904361132
id,sensitivity,0.7999999999999999,2400,6.556526911287639,4.165416365032406,9.488726201775922,0.7725,0.5436155916297103,3.1099600979832847,0.2930374904361132
id,sensitivity,0.85,2400,6.556647832916157,4.165559534946534,9.48887449832697,0.7725,0.5433905742912992,3.107036405914117,0.2930374904361132
id,sensitivity,0.8999999999999999,2400,6.563825447289187,4.1763400984279935,9.489492953580346,0.7716666666666666,0.5429587841234457,3.099067417783699,0.2930374904361132
id,sensitivity,0.95,2400,6.565484991295805,4.178550425837755,9.492675540284102,0.7708333333333334,0.5426501364882798,3.093420269704117,0.2930374904361132
id,novelty,0.5,2400,0.8866680062731211,0.7980207252403525,0.9735670379643885,0.7633333333333333,0.6365654348119345,4.120952365130173,0.3389441469013007
id,novelty,0.75,2400,2.3900143097050646,1.5805446324964258,3.594135343139829,0.5954166666666667,0.3207719906592554,2.1151515215943495,0.6465187452180566
id,novelty,0.9,2400,5.103818576574082,3.310089691171256,7.150195956263908,0.5270833333333333,0.1782696166773477,1.0155511114551337,0.8079571537872992
id,novelty,0.95,2400,6.669307709838029,4.332781527799057,9.154932068917956,0.4945833333333333,0.13155497731803345,0.8144582476372397,0.8936495791889824
id,novelty,0.99,2400,7.5720450195419895,5.141616402523703,10.195220298930243,0.46291666666666664,0.07436006032127418,0.4395210359735423,0.9671002295332823
id,uncertainty,0.01,2400,0.001711638132890683,0.0006315713361986518,0.0036077408175457185,0.9995833333333334,0.9441091104541947,5.3445071647142415,0.0
id,uncertainty,0.020000000000000004,2400,0.0017987099554095303,0.0006913752784821752,0.003644150887996046,0.9995833333333334,0.8704513899345532,4.912686025557241,0.0
id,uncertainty,0.030000000000000006,2400,0.0030881815481017833,0.0012281923326998897,0.005512848274783207,0.9991666666666666,0.8173921164855535,4.5476405571906104,0.0
id,uncertainty,0.04000000000000001,2400,0.0032942413904388877,0.0013750201024458166,0.005700918297242411,0.9991666666666666,0.7747524251078547,4.27257285722773,0.0
id,uncertainty,0.05000000000000001,2400,0.006436618714826218,0.0027245208835005416,0.011985084232916846,0.9979166666666667,0.7381751297934219,4.028834330206882,0.0
id,uncertainty,0.06000000000000001,2400,0.00789775091796695,0.003883090189320052,0.013231091095879045,0.9970833333333333,0.7086147121618515,3.8418046342743706,0.0
id,uncertainty,0.07,2400,0.010802646491832322,0.0058738046670190345,0.01749047693853386,0.9954166666666666,0.6871056115832742,3.680592870478119,0.0
id,uncertainty,0.08,2400,0.013285234565430449,0.008180888782816214,0.019741344439717208,0.9941666666666666,0.6670921454131793,3.52310072663898,0.0
id,uncertainty,0.09000000000000001,2400,0.015298740024744942,0.01016776600640594,0.02205042590703278,0.9933333333333333,0.6492050859793879,3.3701911576623056,0.0
id,uncertainty,0.1,2400,0.021128500068480296,0.014187624061091371,0.028972429788534145,0.99125,0.6319639555319336,3.219874151540607,0.0
id,uncertainty,0.15,2400,0.038724773861402814,0.028788044558753105,0.04993329011282323,0.9845833333333334,0.5735760587225891,2.697174783918087,0.0
id,uncertainty,0.19999999999999998,2400,0.057563589350550594,0.0420931135079205,0.07240855155388319,0.9779166666666667,0.5327260607156923,2.407414323396012,0.0
id,uncertainty,0.25,2400,0.07917780025799094,0.05592358285218786,0.09685584196525139,0.9716666666666667,0.5031794151243135,2.1925818696706756,0.0
id,uncertainty,0.3,2400,0.08733733768358944,0.06572256922886992,0.1059542634404159,0.96875,0.4829946804040456,2.0947034176731965,0.0
id,uncertainty,0.35,2400,0.09540661375113219,0.07490796865570795,0.11572697548218502,0.9658333333333333,0.46990900333845426,2.007941321425287,0.0
id,uncertainty,0.39999999999999997,2400,0.10003537852891634,0.07854435299877692,0.12048522197975485,0.9641666666666666,0.45991165998979994,1.9381398044548466,0.0
id,uncertainty,0.44999999999999996,2400,0.11221234643725289,0.08610246472813658,0.13629780350028667,0.96,0.44687430299355657,1.849413437433183,0.0
id,uncertainty,0.5,2400,0.12210557184095715,0.09345891574667357,0.148595515900108,0.9583333333333334,0.438129672121078,1.7825444343677705,0.0
id,uncertainty,0.5499999999999999,2400,0.12568632853333248,0.09660466886760166,0.1521744061058965,0.9570833333333333,0.4328080531494231,1.767674200711111,0.0
id,uncertainty,0.6,2400,0.13165736239695316,0.10272740859762731,0.15839511093941427,0.9545833333333333,0.42715694911645596,1.717535195557357,0.0
id,uncertainty,0.6499999999999999,2400,0.13580472944626815,0.10607216605349305,0.16442894248207893,0.9529166666666666,0.4214589134382506,1.6991299865848608,0.0
id,uncertainty,0.7,2400,0.1388371836935979,0.10908492040691903,0.16691677781762157,0.9520833333333333,0.4167009731248301,1.6656566629940275,0.0
id,uncertainty,0.75,2400,0.14823595943725054,0.11356656233645271,0.17997852755270746,0.9504166666666667,0.4121894446446668,1.645722186051953,0.0
id,uncertainty,0.7999999999999999,2400,0.15618350135939166,0.12388466916416957,0.18550735739874596,0.9495833333333333,0.4083176483210206,1.625029044442793,0.0
id,uncertainty,0.85,2400,0.15726683482007045,0.12479106297125196,0.18664902458845878,0.9495833333333333,0.4050525945215289,1.6133255483065476,0.0
id,uncertainty,0.8999999999999999,2400,0.1637104850813906,0.1304213613140267,0.19491912989687135,0.9470833333333334,0.40225984115395463,1.5959792382686404,0.0
id,uncertainty,0.95,2400,0.16590588106382437,0.13218954415375317,0.1967839941196252,0.9458333333333333,0.3989921315357601,1.5875093579286599,0.0
id,uncertainty_per_cost,0.0,2400,0.02733681761755885,0.006871810125389721,0.05735707327515087,0.9979166666666667,1.0636760933985303,5.946172337954607,0.0
id,uncertainty_per_cost,1e-08,2400,0.028529255218933423,0.008334812021381153,0.058704942023668216,0.9979166666666667,1.0026253904867892,4.8448066651647395,0.0
id,uncertainty_per_cost,1.333521432163324e-08,2400,0.028811051375154235,0.008526814647221518,0.05887269359918689,0.9979166666666667,0.98551470186809,4.572653270859382,0.0
id,uncertainty_per_cost,1.7782794100389228e-08,2400,0.02931321845698369,0.008767779882690263,0.059082330851567624,0.9979166666666667,0.9690961560841341,4.344602204768162,0.0
id,uncertainty_per_cost,2.371373705661655e-08,2400,0.029672832390365566,0.00899997805357556,0.05933955256158265,0.9979166666666667,0.9428262978852043,4.08925182862773,0.0
id,uncertainty_per_cost,3.162277660168379e-08,2400,0.029875891560474224,0.009262135477108836,0.059600408193406784,0.9979166666666667,0.923711585439587,3.872847714173501,0.0
id,uncertainty_per_cost,4.2169650342858225e-08,2400,0.03207186528664495,0.011548792459371095,0.06061047477462814,0.9970833333333333,0.8917275377547828,3.5757788286485295,0.0
id,uncertainty_per_cost,5.6234132519034905e-08,2400,0.03491661211410177,0.014677384388901574,0.06346926911438772,0.9958333333333333,0.8620161594450292,3.335009768731015,0.0
id,uncertainty_per_cost,7.498942093324559e-08,2400,0.043186316363623155,0.02037134600506896,0.07240584398196537,0.9916666666666667,0.8257899267201302,3.082108509701035,0.0
id,uncertainty_per_cost,1e-07,2400,0.054087237730526545,0.02884978408540142,0.08385519773734951,0.9895833333333334,0.7733990456085184,2.848261113327732,0.0
id,uncertainty_per_cost,1.333521432163324e-07,2400,0.06889977273903802,0.0432415822015782,0.09859425321216872,0.9841666666666666,0.6981468397327615,2.54524087714514,0.0022953328232593728
id,uncertainty_per_cost,1.7782794100389227e-07,2400,0.08769011758054467,0.0575419180478236,0.1200803874621785,0.9779166666666667,0.641243393264397,2.316954108422636,0.0022953328232593728
id,uncertainty_per_cost,2.3713737056616554e-07,2400,0.11066086555529639,0.08199517330937968,0.1412966991580956,0.97,0.5949647861523918,2.0807534516455415,0.0038255547054322878
id,uncertainty_per_cost,3.162277660168379e-07,2400,0.1295795885990043,0.10062719737352703,0.16319080492069873,0.965,0.5528494952082599,1.8660116107559437,0.011476664116296864
id,uncertainty_per_cost,4.2169650342858225e-07,2400,0.1821833444950698,0.14889758092898223,0.21864042076639054,0.9479166666666666,0.49677229218154517,1.5975150481567957,0.02448355011476664
id,uncertainty_per_cost,5.62341325190349e-07,2400,0.20980189325949175,0.1742010344293826,0.24628753601688433,0.9354166666666667,0.43893776141543733,1.4314894198748607,0.03978576893649579
id,uncertainty_per_cost,7.498942093324558e-07,2400,0.254724778453249,0.21857702830838008,0.2910060388649323,0.9154166666666667,0.3956628466668343,1.2578973473407282,0.06503442999234889
id,uncertainty_per_cost,1e-06,2400,0.30436715489396815,0.2627635101277045,0.34371634853422733,0.9004166666666666,0.36161457079568265,1.1366831392723604,0.0811017597551645
id,uncertainty_per_cost,1.333521432163324e-06,2400,0.4176422966178802,0.3646310627215921,0.46915431335178126,0.8691666666666666,0.32406470954709776,0.988532018646071,0.12700841622035194
id,uncertainty_per_cost,1.7782794100389227e-06,2400,0.5656027150757656,0.5022141636310181,0.619050464714317,0.83,0.2814771802563196,0.8482024852473083,0.20428462127008415
id,uncertainty_per_cost,2.3713737056616552e-06,2400,0.7543358692889603,0.6834819044633833,0.8263554000832235,0.7829166666666667,0.24056966472858296,0.7167530506568619,0.3029839326702372
id,uncertainty_per_cost,3.162277660168379e-06,2400,1.353025596380187,0.9138109074232822,2.180494882368366,0.73875,0.20301654244909234,0.6080008343218802,0.4039785768936496
id,uncertainty_per_cost,4.216965034285822e-06,2400,1.5842323363660087,1.1307544863435641,2.413129725875665,0.6958333333333333,0.1704906845919173,0.5061083145643624,0.5065034429992349
id,uncertainty_per_cost,5.623413251903491e-06,2400,1.79546076258392,1.3489805882194548,2.6483969683038007,0.6375,0.13488771855256096,0.43587421189229947,0.62203519510329
id,uncertainty_per_cost,7.498942093324558e-06,2400,1.9887158711112594,1.5288505703511708,2.834861310601018,0.5920833333333333,0.10865008845520455,0.38318365024189005,0.7130833970925784
id,uncertainty_per_cost,9.999999999999999e-06,2400,2.1532438551636015,1.6808072959458535,2.982050847910974,0.5466666666666666,0.09066313582094858,0.3477459293885507,0.8048967100229534
id,uncertainty_per_cost,1.333521432163324e-05,2400,2.275847159013607,1.8019892584243506,3.0982419766794624,0.515,0.07996597765257869,0.32486704617771767,0.8684009181331293
id,uncertainty_per_cost,1.778279410038923e-05,2400,2.41387117706206,1.9369438646946258,3.2352348200074,0.49416666666666664,0.07187234923775548,0.30045109453604407,0.9150726855394032
id,uncertainty_per_cost,2.3713737056616554e-05,2400,2.4702990926063473,1.9886575472508292,3.2950699137758828,0.48083333333333333,0.06827326924736983,0.2907058691943712,0.9433817903596021
id,uncertainty_per_cost,3.1622776601683795e-05,2400,2.5007767908901504,2.0218750480994205,3.3289530737989743,0.4741666666666667,0.06670381173265177,0.2863670936643545,0.9594491201224178
id,uncertainty_per_cost,4.216965034285822e-05,2400,2.515984208618093,2.0338306511129915,3.3515879658264778,0.4691666666666667,0.06561276138958026,0.28408863869810375,0.9709257842387146
id,uncertainty_per_cost,5.623413251903491e-05,2400,2.9356435478059364,2.0868432297371724,4.205088863181194,0.4675,0.06530126939765879,0.2831601827964399,0.9747513389441469
id,uncertainty_per_cost,7.498942093324559e-05,2400,3.3557449537949324,2.2503495769529254,4.923850418144359,0.46541666666666665,0.06487213145205874,0.2813582109143529,0.9793420045906657
id,uncertainty_per_cost,0.0001,2400,3.5766929294461214,2.4099015545734597,5.360620091777983,0.46458333333333335,0.06466349233452749,0.27854611169310073,0.9824024483550114
id,uncertainty_per_cost,0.0001333521432163324,2400,3.5985556746631686,2.431764299671499,5.37370015647139,0.46416666666666667,0.06439609980416823,0.2781933791356005,0.9839326702371843
id,uncertainty_per_cost,0.00017782794100389227,2400,3.8606634952549954,2.664645180801704,5.73259466020547,0.4625,0.0636654292231981,0.27642832382393256,0.9869931140015302
id,uncertainty_per_cost,0.0002371373705661655,2400,4.328663495254996,2.832089114529367,6.2097118419804245,0.46166666666666667,0.0634929529589628,0.27432136362934517,0.9885233358837031
id,uncertainty_per_cost,0.00031622776601683794,2400,4.328663495254996,2.832089114529367,6.2097118419804245,0.46166666666666667,0.0634929529589628,0.27432136362934517,0.9885233358837031
id,uncertainty_per_cost,0.00042169650342858224,2400,5.575168544112617,3.614526108809952,7.6939424626528,0.4583333333333333,0.06265565737488316,0.267573751254334,0.9946442234123948
id,uncertainty_per_cost,0.0005623413251903491,2400,6.174288642151833,4.121756912066535,8.490902396633146,0.4575,0.06250290957375272,0.2652218211572472,0.9961744452945677
id,uncertainty_per_cost,0.0007498942093324559,2400,6.792080308818498,4.612388425134181,9.032637253307406,0.45666666666666667,0.0622286646035066,0.26249866255807924,0.9977046671767407
id,uncertainty_per_cost,0.001,2400,7.2043303088184985,4.841663253605098,9.603687146306124,0.45625,0.06214811946144806,0.26073619353808075,0.9984697781178271
id,uncertainty_per_cost,0.001333521432163324,2400,7.620955308818499,5.130337093592823,10.725118931588685,0.4558333333333333,0.0620452434706262,0.260353557651412,0.9992348890589136
id,uncertainty_per_cost,0.0017782794100389228,2400,7.620955308818499,5.130337093592823,10.725118931588685,0.4558333333333333,0.0620452434706262,0.260353557651412,0.9992348890589136
id,uncertainty_per_cost,0.0023713737056616554,2400,7.620955308818499,5.130337093592823,10.725118931588685,0.4558333333333333,0.0620452434706262,0.260353557651412,0.9992348890589136
id,uncertainty_per_cost,0.0031622776601683794,2400,8.030663642151834,5.482513080927351,11.074338516654297,0.4554166666666667,0.0619444732594499,0.26008640629974555,1.0
id,uncertainty_per_cost,0.004216965034285822,2400,8.030663642151834,5.482513080927351,11.074338516654297,0.4554166666666667,0.0619444732594499,0.26008640629974555,1.0
id,uncertainty_per_cost,0.005623413251903491,2400,8.030663642151834,5.482513080927351,11.074338516654297,0.4554166666666667,0.0619444732594499,0.26008640629974555,1.0
id,uncertainty_per_cost,0.007498942093324558,2400,8.030663642151834,5.482513080927351,11.074338516654297,0.4554166666666667,0.0619444732594499,0.26008640629974555,1.0
id,uncertainty_per_cost,0.01,2400,8.030663642151834,5.482513080927351,11.074338516654297,0.4554166666666667,0.0619444732594499,0.26008640629974555,1.0
id,fullstate_voc,0.0,2400,0.21739112730714813,0.1818816545116479,0.2625169297421898,0.935,0.7766712834266237,4.605310132954131,0.0
id,fullstate_voc,1e-08,2400,0.21810928844829267,0.1829069151760688,0.2630009364130843,0.9345833333333333,0.7659873500750678,4.508402052637396,0.0
id,fullstate_voc,1.333521432163324e-08,2400,0.21811815212288405,0.18291539601760004,0.26300758871941843,0.9345833333333333,0.762704632834017,4.48375779319989,0.0
id,fullstate_voc,1.7782794100389228e-08,2400,0.21906708884294318,0.18347109926986774,0.26450487367437503,0.9341666666666667,0.7579199868461406,4.445480900572802,0.0
id,fullstate_voc,2.371373705661655e-08,2400,0.21906714451406548,0.18347114431436282,0.26450490917457614,0.9341666666666667,0.7525684737375408,4.421224229887369,0.0
id,fullstate_voc,3.162277660168379e-08,2400,0.2199574735524619,0.1840173538782261,0.2655594363374704,0.93375,0.7248499744779114,4.288591648492362,0.0
id,fullstate_voc,4.2169650342858225e-08,2400,0.2203292677299539,0.18474272706639752,0.26631158686469136,0.93375,0.7116748418695279,4.185339052892395,0.0
id,fullstate_voc,5.6234132519034905e-08,2400,0.22086292075125036,0.18489783782938785,0.2666867535717806,0.9333333333333333,0.7017114694489089,4.113834639630356,0.0
id,fullstate_voc,7.498942093324559e-08,2400,0.2230882826179969,0.18753100586238827,0.2691665467700151,0.9320833333333334,0.6899204868480063,3.9862371170449022,0.0
id,fullstate_voc,1e-07,2400,0.22369170227880622,0.18817357408084406,0.2695677285054575,0.9320833333333334,0.6778961880854666,3.878384511376089,0.0
id,fullstate_voc,1.333521432163324e-07,2400,0.2275507030775167,0.19280693337571292,0.27319756202614687,0.9308333333333333,0.6658211006411957,3.7006296666127825,0.0
id,fullstate_voc,1.7782794100389227e-07,2400,0.23339424044927257,0.1989338847714346,0.2799820530275639,0.92875,0.6544921419315783,3.5115103740010696,0.0
id,fullstate_voc,2.3713737056616554e-07,2400,0.24232912902658468,0.20598170123702297,0.28770035782463704,0.9254166666666667,0.6383243774944936,3.2986390197127307,0.0
id,fullstate_voc,3.162277660168379e-07,2400,0.24665112028577454,0.21179223236583558,0.29144054977965267,0.9245833333333333,0.6306729973222438,3.217843874336465,0.0
id,fullstate_voc,4.2169650342858225e-07,2400,0.25577203647974317,0.21778148516823825,0.30153783747661284,0.9220833333333334,0.6183890270247979,3.044540738168122,0.0
id,fullstate_voc,5.62341325190349e-07,2400,0.271953066920409,0.23537069212869535,0.31959708218824545,0.9166666666666666,0.5928334137168262,2.734314425659483,0.0
id,fullstate_voc,7.498942093324558e-07,2400,0.3464373343595263,0.27701180570477796,0.43912229880202513,0.9079166666666667,0.5554440482956032,2.4544954169728164,0.0
id,fullstate_voc,1e-06,2400,0.3855590801560113,0.3135307319791249,0.48229223237287583,0.8970833333333333,0.5080280793621597,2.1528886685782074,0.0
id,fullstate_voc,1.333521432163324e-06,2400,0.46616554224298623,0.38779033957279035,0.5610275796242761,0.87625,0.4424484237014006,1.8763653042869586,0.0038255547054322878
id,fullstate_voc,1.7782794100389227e-06,2400,0.5721199009702208,0.45012069708812086,0.7023509974667868,0.8620833333333333,0.40548073558957703,1.7703910571169976,0.0038255547054322878
id,fullstate_voc,2.3713737056616552e-06,2400,0.5820905894768723,0.46300219752842403,0.7140902344404547,0.86,0.39452040121041737,1.676219100055326,0.0038255547054322878
id,fullstate_voc,3.162277660168379e-06,2400,0.589321242419108,0.4690747481420478,0.7198418277451374,0.8575,0.38730944518725485,1.6393276961724224,0.0038255547054322878
id,fullstate_voc,4.216965034285822e-06,2400,0.5943857657743803,0.4747009601398423,0.7264309252422474,0.85625,0.3830178056731072,1.6092264986628562,0.0038255547054322878
id,fullstate_voc,5.623413251903491e-06,2400,0.600421861285734,0.48290806533522757,0.7296231859344035,0.8554166666666667,0.3799694215255606,1.5648701498249467,0.0038255547054322878
id,fullstate_voc,7.498942093324558e-06,2400,0.6005204793930955,0.48308681170349044,0.7296669768261032,0.8554166666666667,0.37786699366668647,1.5613351794720438,0.0038255547054322878
id,fullstate_voc,9.999999999999999e-06,2400,1.230645362003228,0.5604235059424528,2.1978431108998677,0.8533333333333334,0.37226292576427567,1.5412041598870383,0.006885998469778117
id,fullstate_voc,1.333521432163324e-05,2400,2.51119333590626,1.182937621200602,4.364909514978718,0.8458333333333333,0.36284992100005836,1.491697606602044,0.019127773527161437
id,fullstate_voc,1.778279410038923e-05,2400,3.1469667705285165,1.5326062572513937,5.122812557574027,0.79375,0.3160592904712978,1.3375579454189999,0.03366488140780413
id,fullstate_voc,2.3713737056616554e-05,2400,4.52874029067153,2.556560519982513,7.0998527278717525,0.7645833333333333,0.2783754458121921,1.2365721453173075,0.05508798775822494
id,fullstate_voc,3.1622776601683795e-05,2400,4.643191851544567,2.667658691472595,7.218396195527979,0.7333333333333333,0.23191730908641042,1.1369231736126737,0.06273909716908951
id,fullstate_voc,4.216965034285822e-05,2400,5.583114214793804,3.4857422419459225,8.102541992574384,0.70625,0.19550580624703476,1.0111291833064115,0.09640397857689365
id,fullstate_voc,5.623413251903491e-05,2400,6.08376321132732,3.7529050895085394,8.736092987935155,0.6808333333333333,0.1779595234428092,0.867108845274297,0.17903596021423107
id,fullstate_voc,7.498942093324559e-05,2400,7.118116799225894,4.7110112021560075,10.082534786127331,0.65125,0.1563832097258834,0.6376947347280566,0.3068094873756695
id,fullstate_voc,0.0001,2400,7.578905511714002,5.00748282716307,10.63298985372496,0.6133333333333333,0.12979297329023326,0.38930055402095604,0.4957918898240245
id,fullstate_voc,0.0001333521432163324,2400,7.657053247063721,5.077921938287412,10.696356494597127,0.5858333333333333,0.11198117251600334,0.34304389054258233,0.6250956388676359
id,fullstate_voc,0.00017782794100389227,2400,7.776893702104582,5.214251942678758,10.807207388019405,0.5516666666666666,0.0976502859454722,0.30404302597801386,0.7368018362662586
id,fullstate_voc,0.0002371373705661655,2400,7.866663750059964,5.301222888493586,10.908244274526291,0.5216666666666666,0.08423164651604767,0.28373807608850865,0.8156082631981637
id,fullstate_voc,0.00031622776601683794,2400,7.978588239933297,5.428750705087357,11.01823448265203,0.47791666666666666,0.06790838090552118,0.2659753602022526,0.9326702371843917
id,fullstate_voc,0.00042169650342858224,2400,8.01820383370295,5.468787477093304,11.056656445212438,0.4608333333333333,0.0634921548504919,0.2614612212126849,0.9755164498852333
id,fullstate_voc,0.0005623413251903491,2400,8.02593834062372,5.473452870509515,11.06960915297657,0.4575,0.06256994140449147,0.26061470133266085,0.9892884468247896
id,fullstate_voc,0.0007498942093324559,2400,8.030663651045412,5.482513079980998,11.074338520848327,0.4554166666666667,0.0622642585607059,0.260396030928905,0.9931140015302219
id,fullstate_voc,0.001,2400,8.03066365049318,5.482513079981085,11.074338520558372,0.4554166666666667,0.06216393847154966,0.2602826750672405,0.9946442234123948
id,fullstate_voc,0.001333521432163324,2400,8.03066365049318,5.482513079981085,11.074338520558372,0.4554166666666667,0.06216393847154966,0.2602826750672405,0.9946442234123948
id,fullstate_voc,0.0017782794100389228,2400,8.030663641794144,5.482513080399761,11.074338516466511,0.4554166666666667,0.062008383033885985,0.26014847815349035,0.9992348890589136
id,fullstate_voc,0.0023713737056616554,2400,8.030663641794144,5.482513080399761,11.074338516466511,0.4554166666666667,0.062008383033885985,0.26014847815349035,0.9992348890589136
id,fullstate_voc,0.0031622776601683794,2400,8.030663641794144,5.482513080399761,11.074338516466511,0.4554166666666667,0.062008383033885985,0.26014847815349035,0.9992348890589136
id,fullstate_voc,0.004216965034285822,2400,8.030663641794144,5.482513080399761,11.074338516466511,0.4554166666666667,0.062008383033885985,0.26014847815349035,0.9992348890589136
id,fullstate_voc,0.005623413251903491,2400,8.030663642151834,5.482513080927351,11.074338516654297,0.4554166666666667,0.0619444732594499,0.26008640629974555,1.0
id,fullstate_voc,0.007498942093324558,2400,8.030663642151834,5.482513080927351,11.074338516654297,0.4554166666666667,0.0619444732594499,0.26008640629974555,1.0
id,fullstate_voc,0.01,2400,8.030663642151834,5.482513080927351,11.074338516654297,0.4554166666666667,0.0619444732594499,0.26008640629974555,1.0
id,voc,0.0,2400,0.020176884307255685,0.0011879879434678834,0.04564752057979934,0.99875,0.7445050464230525,4.4580880088833235,0.0
id,hybrid,0.0,2400,0.5810175172770865,0.4857679498505518,0.679517123000908,0.835,0.3686931405726213,1.5843024808537878,0.030604437643458302
id,voc,1e-08,2400,0.020573159451189312,0.0013727280969625512,0.045824700655830775,0.99875,0.7233311504535945,4.131924150277027,0.0
id,hybrid,1e-08,2400,0.581017515794826,0.4857679467909476,0.6795171203947798,0.835,0.3675706768312926,1.5789803827983602,0.03136954858454476
id,voc,1.333521432163324e-08,2400,0.020613864055778988,0.001431171681190211,0.04586249042864423,0.99875,0.7153411865405558,4.002661772283279,0.0
id,hybrid,1.333521432163324e-08,2400,0.581017511940661,0.48576794293678266,0.6795171165406149,0.835,0.36704874573527674,1.5769988727608597,0.03136954858454476
id,voc,1.7782794100389228e-08,2400,0.020707776901276786,0.0015160252279187545,0.04601505422632881,0.99875,0.7057781148923354,3.846044372696603,0.0
id,hybrid,1.7782794100389228e-08,2400,0.5810175128877197,0.48576794377127064,0.6795171171380138,0.835,0.366185106631275,1.5745470458512683,0.03136954858454476
id,voc,2.371373705661655e-08,2400,0.020951094751496754,0.0017903468494643564,0.04621997109820157,0.99875,0.694443679296371,3.643499850721182,0.0
id,hybrid,2.371373705661655e-08,2400,0.5810175045446296,0.4857679398083028,0.6795171087949237,0.835,0.3657262227969561,1.57122562529501,0.03136954858454476
id,voc,3.162277660168379e-08,2400,0.021297595143377663,0.0020942455970191062,0.04668693837142642,0.99875,0.6756695508467502,3.37218070070118,0.0
id,hybrid,3.162277660168379e-08,2400,0.5810174877211356,0.4857679144454868,0.6795170817357645,0.835,0.36290536352336367,1.5586276097087588,0.032134659525631215
id,voc,4.2169650342858225e-08,2400,0.021978232800502803,0.0029038102704238276,0.04751400716608048,0.99875,0.6547102538430634,3.0885799771320306,0.0
id,hybrid,4.2169650342858225e-08,2400,0.581017489005071,0.4857679144269324,0.6795170834540997,0.835,0.35984341051794927,1.5418398711295866,0.032134659525631215
id,voc,5.6234132519034905e-08,2400,0.02277692816438835,0.003788277463335105,0.048945955328607404,0.99875,0.6365778418388522,2.884449698146218,0.0
id,hybrid,5.6234132519034905e-08,2400,0.5810174891921662,0.485767914329811,0.679517083553922,0.835,0.3575959290177632,1.5277804065096037,0.03366488140780413
id,voc,7.498942093324559e-08,2400,0.023837947074780843,0.004859418598257217,0.049826237008586294,0.9983333333333333,0.6189173760027328,2.7374388223182815,0.0
id,hybrid,7.498942093324559e-08,2400,0.5810174799206622,0.4857679081528449,0.6795170627626429,0.835,0.353793886904384,1.5177315727391882,0.03519510328997705
id,voc,1e-07,2400,0.025741762857832064,0.006520241612253687,0.0515394792957813,0.9975,0.5934741470669646,2.6449007691849147,0.0
id,hybrid,1e-07,2400,0.5810174926117468,0.48576793383935113,0.6795170760759215,0.835,0.3499147709667364,1.509412577343349,0.04055087987758225
id,voc,1.333521432163324e-07,2400,0.026947101405465326,0.00766211920160483,0.052711280910119084,0.9970833333333333,0.5638890109530297,2.508936756235753,0.0
id,hybrid,1.333521432163324e-07,2400,0.5810175116139354,0.4857679666475237,0.6795170993180657,0.835,0.342352905496764,1.4982684033887805,0.04437643458301454
id,voc,1.7782794100389227e-07,2400,0.031890137918792194,0.013136452574279011,0.059552623476740035,0.995,0.5410672800920803,2.4029610021353407,0.0007651109410864575
id,hybrid,1.7782794100389227e-07,2400,0.5810174924077798,0.4857679482569204,0.679517091273145,0.835,0.33756383622066466,1.4899844809058747,0.045906656465187455
id,voc,2.3713737056616554e-07,2400,0.039803833269331436,0.020197577700383024,0.0663823589259264,0.9920833333333333,0.516120052014544,2.2737501154770414,0.001530221882172915
id,hybrid,2.3713737056616554e-07,2400,0.5810174950105694,0.4857679500064947,0.6795171049419839,0.835,0.33232698296637236,1.4765817247258808,0.057383320581484314
id,voc,3.162277660168379e-07,2400,0.048979131970617984,0.027114213047500446,0.07724130647135771,0.9883333333333333,0.491433783915391,2.147795172366244,0.001530221882172915
id,hybrid,3.162277660168379e-07,2400,0.5810174901982146,0.4857679460568235,0.6795171168815433,0.835,0.3260737884371951,1.4600719744754467,0.08033664881407804
id,voc,4.2169650342858225e-07,2400,0.06668980406155987,0.045318010738295,0.09893984857180166,0.9804166666666667,0.46222215124154126,1.9672858379846003,0.001530221882172915
id,hybrid,4.2169650342858225e-07,2400,0.5810174567139709,0.4857679143399484,0.6795170771700126,0.835,0.3207854303231459,1.4491950884241729,0.090283091048202
id,voc,5.62341325190349e-07,2400,0.0818217192266745,0.058514681826629715,0.11289870730801484,0.975,0.4405510049720122,1.8236975349467017,0.001530221882172915
id,hybrid,5.62341325190349e-07,2400,0.5810174683114928,0.4857679324130732,0.6795171016897351,0.835,0.3164436670326183,1.441242987831253,0.09946442234123948
id,voc,7.498942093324558e-07,2400,0.10308629828444332,0.0752508272919302,0.13692942141800757,0.97,0.42454237692489555,1.7140294294245815,0.0022953328232593728
id,hybrid,7.498942093324558e-07,2400,0.581017452823194,0.48576790737038905,0.6795170805387843,0.835,0.3115025625468295,1.432471928152075,0.10864575363427698
id,voc,1e-06,2400,0.12138508192226642,0.09025925668065199,0.15639058966245636,0.9654166666666667,0.4112569771875267,1.6322350857757768,0.0022953328232593728
id,hybrid,1e-06,2400,0.5810174485536957,0.4857679096363966,0.6795170729889851,0.835,0.30394165650035254,1.4206050556045042,0.135424636572303
id,voc,1.333521432163324e-06,2400,0.1279626566860544,0.09697025364514715,0.16181512535427156,0.96375,0.39795682896523177,1.5823465500861917,0.0022953328232593728
id,hybrid,1.333521432163324e-06,2400,0.5810843456384714,0.4859686031268463,0.679587323245344,0.835,0.2945064381651321,1.4012691189198965,0.1530221882172915
id,voc,1.7782794100389227e-06,2400,0.13518257210528087,0.10113073357630444,0.16887221965017235,0.9629166666666666,0.38462303209061494,1.5348355689803672,0.0022953328232593728
id,hybrid,1.7782794100389227e-06,2400,0.5819319725693252,0.4864382843752471,0.6805828533671758,0.835,0.2831444932558199,1.3695904438578084,0.17521040550879877
id,voc,2.3713737056616552e-06,2400,0.1425661489169128,0.10758584316198731,0.17894440977253884,0.9616666666666667,0.37327937170074005,1.476546933069094,0.00306044376434583
id,hybrid,2.3713737056616552e-06,2400,0.5850359052866355,0.4890764734190862,0.6849511009943464,0.8345833333333333,0.2738742942432794,1.3259163415677904,0.19739862280030604
id,voc,3.162277660168379e-06,2400,0.14672400016785142,0.112485031962231,0.18335675558516792,0.96125,0.3632680631649448,1.4203911798382705,0.00306044376434583
id,hybrid,3.162277660168379e-06,2400,0.5880418801682464,0.4918599478907563,0.688332729049592,0.8345833333333333,0.26618740620283793,1.2782202870465305,0.21193573068094873
id,voc,4.216965034285822e-06,2400,0.16476783735982883,0.12919035213676003,0.2051885048076506,0.96,0.35429901017152127,1.358849960211143,0.005355776587605203
id,hybrid,4.216965034285822e-06,2400,0.6060856774630872,0.5082300683144788,0.703106966086434,0.8333333333333334,0.2582336852268204,1.2186172051923283,0.22570772762050498
id,voc,5.623413251903491e-06,2400,0.18312942984594177,0.14673483731138723,0.22238380517637935,0.95625,0.3466330877931706,1.2619308576586477,0.01224177505738332
id,hybrid,5.623413251903491e-06,2400,0.6244472607515001,0.5250393896007236,0.7237187070373728,0.8295833333333333,0.2509942497944415,1.1225604915952438,0.2394797245600612
id,voc,7.498942093324558e-06,2400,0.21380670023738466,0.1778540043717491,0.256385917351203,0.94375,0.33668753789269207,1.1489037655457226,0.03519510328997705
id,hybrid,7.498942093324558e-06,2400,0.6545651355709998,0.5591675200500105,0.7519782504891973,0.8175,0.241667369367044,1.0108342088081523,0.2631981637337414
id,voc,9.999999999999999e-06,2400,0.6467747555939777,0.22895537621624687,1.4468578210498322,0.92875,0.3282211367364448,1.0680705905785817,0.06350420811017597
id,hybrid,9.999999999999999e-06,2400,1.0865405196490758,0.6136571236879881,1.8973006503383627,0.8029166666666666,0.23391523310581377,0.9316115992185314,0.2915072685539403
id,voc,1.333521432163324e-05,2400,0.7197925387751515,0.2987714355352923,1.5194973697612166,0.8983333333333333,0.3133296822079573,0.9517740601827003,0.12165263963274675
id,hybrid,1.333521432163324e-05,2400,1.1538055413607777,0.6814219112759339,1.9658948304885193,0.775,0.22282967835588186,0.8234328909726688,0.34506503442999237
id,voc,1.778279410038923e-05,2400,0.8230184836788735,0.3930437336043104,1.6268197331921637,0.8604166666666667,0.2772022262607508,0.8367181558526833,0.19357306809487376
id,hybrid,1.778279410038923e-05,2400,1.229692785338602,0.7609587508426843,2.0419565967462754,0.7458333333333333,0.202815517533367,0.7354725449293316,0.40091813312930374
id,voc,2.3713737056616554e-05,2400,0.9418076611913807,0.5104457294351362,1.7471272654274737,0.8233333333333334,0.2422668875109134,0.7273680415922475,0.2631981637337414
id,hybrid,2.3713737056616554e-05,2400,1.32280354493227,0.8440697917277664,2.135825865976887,0.7183333333333334,0.1828985797595914,0.6472330126914039,0.45371078806426934
id,voc,3.1622776601683795e-05,2400,1.0992078264320966,0.663919600353844,1.9011314866972537,0.7758333333333334,0.20470429579346755,0.6392140873405757,0.3527161438408569
id,hybrid,3.1622776601683795e-05,2400,1.435185192048101,0.9548549543075567,2.2367658334173632,0.6875,0.1606819664276093,0.5799033433918157,0.5126243305279266
id,voc,4.216965034285822e-05,2400,1.2260402538543282,0.7820673829218049,2.033631350282826,0.7391666666666666,0.1733929633688511,0.5783801050043106,0.4254016832440704
id,hybrid,4.216965034285822e-05,2400,1.524555694308968,1.0397435308754772,2.338008379420116,0.66375,0.1399588279896704,0.5337707730818086,0.5623565416985463
id,voc,5.623413251903491e-05,2400,1.4611493214783582,1.0116713598236111,2.2856683995066502,0.69625,0.14641158578577418,0.49609161207725266,0.5141545524100994
id,hybrid,5.623413251903491e-05,2400,1.7172090271187483,1.2277876444019562,2.54536834230978,0.6329166666666667,0.12171676837794224,0.46388985161599217,0.6289211935730681
id,voc,7.498942093324559e-05,2400,1.7941830320321235,1.334095974208228,2.63780407640784,0.65125,0.1217124436380898,0.4014423960568456,0.6113236419280795
id,hybrid,7.498942093324559e-05,2400,2.0065793565907164,1.5096323205234938,2.8509903136636554,0.5975,0.10263935206750406,0.37951167637099387,0.7100229533282326
id,voc,0.0001,2400,2.4486484398739723,1.6194367556516156,3.720062671321735,0.6275,0.10515935175247146,0.33917928872309555,0.6763580719204285
id,hybrid,0.0001,2400,2.615706119290308,1.7769153049885023,3.872384727273011,0.5841666666666666,0.09191311056334873,0.3239142316243245,0.75592960979342
id,voc,0.0001333521432163324,2400,2.5662374743605563,1.7301071763142484,3.837513857036752,0.6129166666666667,0.09367916194816006,0.31969873847309827,0.7061973986228003
id,hybrid,0.0001333521432163324,2400,2.6896902138527063,1.8477267000775428,3.9624936545377993,0.57875,0.08601115903559155,0.3105516938664217,0.7689364957918898
id,voc,0.00017782794100389227,2400,2.887499763985496,1.905938139747219,4.322805174042511,0.5795833333333333,0.08365223971634353,0.3007966528047685,0.7719969395562356
id,hybrid,0.00017782794100389227,2400,2.983726543161025,1.9831810290524845,4.402857727335765,0.56125,0.07956634702674505,0.29594576333018874,0.8056618209640398
id,voc,0.0002371373705661655,2400,3.015421579787452,2.0571304733621445,4.456140105730216,0.5533333333333333,0.07757368326159819,0.2915853249868542,0.8201989288446825
id,hybrid,0.0002371373705661655,2400,3.083600018692225,2.0989487827319455,4.514567885311504,0.54625,0.07599310428195948,0.28977454946393055,0.8332058148431523
id,voc,0.00031622776601683794,2400,3.4915666241333185,2.310048188322968,5.28218398393545,0.5183333333333333,0.07203675782885324,0.2856206374547643,0.8844682478959449
id,hybrid,0.00031622776601683794,2400,3.550013670268294,2.362912222622998,5.300534342324018,0.5170833333333333,0.07138287156073511,0.2848250940535157,0.8867635807192042
id,voc,0.00042169650342858224,2400,3.5648191458416134,2.3833474147709515,5.351757727153682,0.48541666666666666,0.0673595918409522,0.2808634594972773,0.944912012241775
id,hybrid,0.00042169650342858224,2400,3.6224372799647933,2.434201567065825,5.369824555260659,0.4845833333333333,0.06675657943301642,0.2801283773972773,0.946442234123948
id,voc,0.0005623413251903491,2400,4.247781013229228,2.6399906778546485,6.139437473159113,0.46708333333333335,0.06459132984684804,0.27643011369643017,0.9785768936495792
id,hybrid,0.0005623413251903491,2400,4.28219401914728,2.666051724708234,6.1627949531570785,0.4666666666666667,0.06428982364288016,0.27606257264643014,0.9793420045906657
id,voc,0.0007498942093324559,2400,4.922199259302064,3.1682806206623324,7.038232131136272,0.4625,0.06365706590076488,0.271811079491005,0.9869931140015302
id,hybrid,0.0007498942093324559,2400,4.922199259302064,3.1682806206623324,7.038232131136272,0.4625,0.06365706590076488,0.271811079491005,0.9869931140015302
id,voc,0.001,2400,5.153247625323849,3.4102454919459317,7.102894006599615,0.46041666666666664,0.06316507234221694,0.26958445293975575,0.9908186687069626
id,hybrid,0.001,2400,5.153247625323849,3.4102454919459317,7.102894006599615,0.46041666666666664,0.06316507234221694,0.26958445293975575,0.9908186687069626
id,voc,0.001333521432163324,2400,5.595626291656078,3.6349092131515985,7.8436186513856745,0.45916666666666667,0.0626889194633763,0.26697427716183786,0.9931140015302219
id,hybrid,0.001333521432163324,2400,5.595626291656078,3.6349092131515985,7.8436186513856745,0.45916666666666667,0.0626889194633763,0.26697427716183786,0.9931140015302219
id,voc,0.0017782794100389228,2400,6.169627531040721,4.224526102094053,8.39472485369719,0.4579166666666667,0.062452553989923366,0.26372021015933267,0.9954093343534812
id,hybrid,0.0017782794100389228,2400,6.169627531040721,4.224526102094053,8.39472485369719,0.4579166666666667,0.062452553989923366,0.26372021015933267,0.9954093343534812
id,voc,0.0023713737056616554,2400,7.201085864374056,4.8275384870414255,10.061046010305654,0.45666666666666667,0.062207373612037244,0.26089554932057885,0.9977046671767407
id,hybrid,0.0023713737056616554,2400,7.201085864374056,4.8275384870414255,10.061046010305654,0.45666666666666667,0.062207373612037244,0.26089554932057885,0.9977046671767407
id,voc,0.0031622776601683794,2400,7.620955308818499,5.130337093592823,10.725118931588685,0.4558333333333333,0.0620452434706262,0.260353557651412,0.9992348890589136
id,hybrid,0.0031622776601683794,2400,7.620955308818499,5.130337093592823,10.725118931588685,0.4558333333333333,0.0620452434706262,0.260353557651412,0.9992348890589136
id,voc,0.004216965034285822,2400,7.620955308818499,5.130337093592823,10.725118931588685,0.4558333333333333,0.0620452434706262,0.260353557651412,0.9992348890589136
id,hybrid,0.004216965034285822,2400,7.620955308818499,5.130337093592823,10.725118931588685,0.4558333333333333,0.0620452434706262,0.260353557651412,0.9992348890589136
id,voc,0.005623413251903491,2400,8.030663642151834,5.482513080927351,11.074338516654297,0.4554166666666667,0.0619444732594499,0.26008640629974555,1.0
id,hybrid,0.005623413251903491,2400,8.030663642151834,5.482513080927351,11.074338516654297,0.4554166666666667,0.0619444732594499,0.26008640629974555,1.0
id,voc,0.007498942093324558,2400,8.030663642151834,5.482513080927351,11.074338516654297,0.4554166666666667,0.0619444732594499,0.26008640629974555,1.0
id,hybrid,0.007498942093324558,2400,8.030663642151834,5.482513080927351,11.074338516654297,0.4554166666666667,0.0619444732594499,0.26008640629974555,1.0
id,voc,0.01,2400,8.030663642151834,5.482513080927351,11.074338516654297,0.4554166666666667,0.0619444732594499,0.26008640629974555,1.0
id,hybrid,0.01,2400,8.030663642151834,5.482513080927351,11.074338516654297,0.4554166666666667,0.0619444732594499,0.26008640629974555,1.0
id,hardlabel,0.01,2400,0.03623218458280776,0.013023052497412629,0.06597124240664606,0.9975,0.5061879596007263,2.6764805030275904,0.0022953328232593728
id,hardlabel,0.020000000000000004,2400,0.04274692135952813,0.019863737439516704,0.07276488067309762,0.9970833333333333,0.4473327384338133,2.3329761805251383,0.00306044376434583
id,hardlabel,0.030000000000000006,2400,0.0568560962793797,0.03476122666365297,0.08751815582767614,0.99625,0.417398288098493,2.2033440143176724,0.0038255547054322878
id,hardlabel,0.04000000000000001,2400,0.06702394839843513,0.044335149472008874,0.09716598488578926,0.995,0.40404878385302,2.1171874886810294,0.00612088752869166
id,hardlabel,0.05000000000000001,2400,0.07307395684977293,0.05096303805974403,0.10351653297483347,0.995,0.39173421499968536,2.0448236061622933,0.006885998469778117
id,hardlabel,0.06000000000000001,2400,0.07706764516789302,0.05367575057356746,0.10706560930057464,0.9945833333333334,0.38476335233135006,1.9929912099002194,0.008416220351951033
id,hardlabel,0.07,2400,0.0812119586713824,0.058758877177048016,0.11252089224827558,0.9945833333333334,0.3794854075837235,1.9559962152839914,0.008416220351951033
id,hardlabel,0.08,2400,0.08508249104156054,0.06251628699857495,0.11602176429366674,0.9945833333333334,0.3746393917620414,1.9179884880823315,0.008416220351951033
id,hardlabel,0.09000000000000001,2400,0.09165819564950548,0.06867446052818553,0.12364767145020329,0.99375,0.37065121630993847,1.8780040292994,0.009946442234123947
id,hardlabel,0.1,2400,0.09541288736985756,0.07276508527165776,0.12688743373860686,0.99375,0.36913789355325133,1.8648262072348158,0.009946442234123947
id,hardlabel,0.15,2400,0.10910308285633308,0.0849763207789454,0.1411581686452953,0.9925,0.36163143584075613,1.7932910696869022,0.01224177505738332
id,hardlabel,0.19999999999999998,2400,0.1274504865884306,0.10275699840600963,0.16214082791513562,0.98875,0.3550443548903274,1.7116555540081482,0.016832440703902066
id,hardlabel,0.25,2400,0.7503852401928581,0.14136695513218012,1.726954883921291,0.9816666666666667,0.340379566734657,1.6319705282873018,0.026778882938026015
id,hardlabel,0.3,2400,1.2301228068192505,0.21749265321322814,2.6400984622160286,0.9716666666666667,0.3281704373765105,1.5668997161068698,0.04437643458301454
id,hardlabel,0.35,2400,1.662751699701508,0.430809588058413,3.1144193766567203,0.96375,0.3198046242955771,1.522805185706026,0.05814843152257077
id,hardlabel,0.39999999999999997,2400,2.1081794810293246,0.655736801534562,4.141355388855518,0.9545833333333333,0.3122340162276012,1.4924314038660182,0.07421576128538639
id,hardlabel,0.44999999999999996,2400,2.7681106183102884,1.032159736703445,5.051624705301572,0.9366666666666666,0.2980173726107772,1.4382859517526776,0.10788064269319052
id,hardlabel,0.5,2400,2.8591324786692836,1.1754602557877039,5.1859704943881075,0.91875,0.28229169549609634,1.3952350650135212,0.14001530221882172
id,hardlabel,0.5499999999999999,2400,2.9029617473596825,1.2206722914157753,5.226034625128799,0.9033333333333333,0.2690212644582129,1.355125533730179,0.16832440703902066
id,hardlabel,0.6,2400,2.9508638189443612,1.2590478670249388,5.285954404529457,0.8870833333333333,0.25567783608972633,1.322049104183937,0.1981637337413925
id,hardlabel,0.6499999999999999,2400,3.6055437872925373,1.7477430883320033,5.795572468958698,0.875,0.2457041530095924,1.2732410116560278,0.2180566182096404
id,hardlabel,0.7,2400,3.8891332712015947,2.0151403757224076,6.0776979886291365,0.8458333333333333,0.22706066674412975,1.2065424003747678,0.2662586074980872
id,hardlabel,0.75,2400,4.688006507386833,2.6418978793871797,7.284156581332401,0.7983333333333333,0.1948948835315978,1.12588174065853,0.35042081101759753
id,hardlabel,0.7999999999999999,2400,5.868150009889868,3.3817052208679175,8.692631990563966,0.7441666666666666,0.16620157028242025,1.0147924874564342,0.44376434583014535
id,hardlabel,0.85,2400,6.583018928951639,4.154166796431353,9.647982778020477,0.6708333333333333,0.1361048095380897,0.8643918641422624,0.5776587605202754
id,hardlabel,0.8999999999999999,2400,7.146376741708755,4.759976054672388,10.14774129297043,0.575,0.10011699272184477,0.7134496013959961,0.7467482785003825
id,hardlabel,0.95,2400,7.583317109202323,5.066678817770408,10.63153154238313,0.495,0.08053320953672362,0.5534657380239272,0.8783473603672532
id,voc_seq,0.0,2400,0.01932980188341032,0.0005174814205024181,0.04490393582654635,0.99875,1.4464580059817054,7.968832731301042,0.0
id,voc_seq,1e-08,2400,0.01985603523918834,0.0009558988717113294,0.04506694689428168,0.99875,1.4128436419503283,7.475161636919347,0.0
id,voc_seq,1.333521432163324e-08,2400,0.019875390444651635,0.0009699410677471548,0.04508607812253439,0.99875,1.3958476745605586,7.228557256339764,0.0
id,voc_seq,1.7782794100389228e-08,2400,0.019917040849332743,0.0009948857286904355,0.04515091525189353,0.99875,1.3801296683634656,6.991281457270164,0.0
id,voc_seq,2.371373705661655e-08,2400,0.020061345503184325,0.001124129227761623,0.045333883898095284,0.99875,1.35890835383605,6.659040910985578,0.0
id,voc_seq,3.162277660168379e-08,2400,0.020190924220746066,0.0012593047056700792,0.04549438223320065,0.99875,1.3284846453678023,6.2362893289576125,0.0
id,voc_seq,4.2169650342858225e-08,2400,0.02104676170085523,0.002321391873077993,0.04647419075049883,0.99875,1.28610929966575,5.651664989217989,0.0
id,voc_seq,5.6234132519034905e-08,2400,0.022177745414930592,0.0036151367646879494,0.048060217042235766,0.99875,1.2402693421502802,5.12027729961922,0.0
id,voc_seq,7.498942093324559e-08,2400,0.022651838563297517,0.0041071195508928255,0.04870220861813275,0.99875,1.214382266091127,4.9031796684825535,0.0
id,voc_seq,1e-07,2400,0.022827159752611775,0.004273593523327928,0.04890504647718442,0.99875,1.173322862454251,4.7222348004900505,0.0
id,voc_seq,1.333521432163324e-07,2400,0.02294722283895527,0.004386901737744343,0.04900832640298871,0.99875,1.1259511955657346,4.499422358920883,0.0
id,voc_seq,1.7782794100389227e-07,2400,0.02298447532422827,0.004408976525553696,0.04903914225603853,0.99875,1.0802262791944826,4.305183488153858,0.0007651109410864575
id,voc_seq,2.3713737056616554e-07,2400,0.02308925533364617,0.004532247703219306,0.049206300054019915,0.99875,1.0297817361370283,4.064702950645511,0.001530221882172915
id,voc_seq,3.162277660168379e-07,2400,0.02380938525262695,0.005123831319602551,0.04971837854610182,0.99875,0.9436021271888687,3.6691588948325746,0.001530221882172915
id,voc_seq,4.2169650342858225e-07,2400,0.02555873468851362,0.00721883688364309,0.05195709505671163,0.9983333333333333,0.8513288221687936,3.2770366206038366,0.001530221882172915
id,voc_seq,5.62341325190349e-07,2400,0.027448369905410868,0.00884233202386235,0.05416118944183104,0.9979166666666667,0.7807086594037395,3.0182097703038107,0.001530221882172915
id,voc_seq,7.498942093324558e-07,2400,0.035293034435428396,0.01736232620909759,0.0641777677454836,0.9941666666666666,0.7219172049684993,2.712384575112974,0.0022953328232593728
id,voc_seq,1e-06,2400,0.04819410211338699,0.02726597178823947,0.07942074106705045,0.9875,0.6589028756259057,2.429604107180809,0.0022953328232593728
id,voc_seq,1.333521432163324e-06,2400,0.0688893166962377,0.047865476206753056,0.0991885900026768,0.97875,0.5982210377635092,2.1524313292336954,0.0022953328232593728
id,voc_seq,1.7782794100389227e-06,2400,0.09495720584577744,0.06933840483636344,0.12816764306144035,0.9729166666666667,0.5387892262594279,1.9182841343424297,0.0022953328232593728
id,voc_seq,2.3713737056616552e-06,2400,0.11780989078798139,0.08819289178217202,0.1507729725396771,0.9670833333333333,0.48937200448297186,1.73939595189363,0.00306044376434583
id,voc_seq,3.162277660168379e-06,2400,0.12879461498063424,0.09801711146523526,0.16233669012242832,0.965,0.4525018054391832,1.6046293920115478,0.00306044376434583
id,voc_seq,4.216965034285822e-06,2400,0.15740075607478984,0.12232973246575744,0.1956343499030852,0.9616666666666667,0.41645187508581083,1.4734478967969395,0.005355776587605203
id,voc_seq,5.623413251903491e-06,2400,0.18094585602141067,0.1451827263774836,0.22000954068076745,0.9566666666666667,0.38354459091433574,1.317951561429048,0.01224177505738332
id,voc_seq,7.498942093324558e-06,2400,0.21380670023738466,0.1778540043717491,0.256385917351203,0.94375,0.35875551633536457,1.1783966304902878,0.03519510328997705
id,voc_seq,9.999999999999999e-06,2400,0.6467747555939777,0.22895537621624687,1.4468578210498322,0.92875,0.33884025275484897,1.081702965287747,0.06350420811017597
id,voc_seq,1.333521432163324e-05,2400,0.7197925387751515,0.2987714355352923,1.5194973697612166,0.8983333333333333,0.31771362075968756,0.9575157822956195,0.12165263963274675
id,voc_seq,1.778279410038923e-05,2400,0.8230184836788735,0.3930437336043104,1.6268197331921637,0.8604166666666667,0.27969049407560176,0.8401838413856088,0.19357306809487376
id,voc_seq,2.3713737056616554e-05,2400,0.9418076611913807,0.5104457294351362,1.7471272654274737,0.8233333333333334,0.24298250703648985,0.7282370556776641,0.2631981637337414
id,voc_seq,3.1622776601683795e-05,2400,1.0992078264320966,0.663919600353844,1.9011314866972537,0.7758333333333334,0.2051719359597699,0.6396352369322419,0.3527161438408569
id,voc_seq,4.216965034285822e-05,2400,1.2260402538543282,0.7820673829218049,2.033631350282826,0.7391666666666666,0.1738057487290542,0.5787965896626429,0.4254016832440704
id,voc_seq,5.623413251903491e-05,2400,1.4611493214783582,1.0116713598236111,2.2856683995066502,0.69625,0.14677487009555706,0.4964694368172513,0.5141545524100994
id,voc_seq,7.498942093324559e-05,2400,1.7941830320321235,1.334095974208228,2.63780407640784,0.65125,0.1217124436380898,0.4014423960568456,0.6113236419280795
id,voc_seq,0.0001,2400,2.4486484398739723,1.6194367556516156,3.720062671321735,0.6275,0.10515935175247146,0.33917928872309555,0.6763580719204285
id,voc_seq,0.0001333521432163324,2400,2.5662374743605563,1.7301071763142484,3.837513857036752,0.6129166666666667,0.09367916194816006,0.31969873847309827,0.7061973986228003
id,voc_seq,0.00017782794100389227,2400,2.887499763985496,1.905938139747219,4.322805174042511,0.5795833333333333,0.08365223971634353,0.3007966528047685,0.7719969395562356
id,voc_seq,0.0002371373705661655,2400,3.015421579787452,2.0571304733621445,4.456140105730216,0.5533333333333333,0.07757368326159819,0.2915853249868542,0.8201989288446825
id,voc_seq,0.00031622776601683794,2400,3.4915666241333185,2.310048188322968,5.28218398393545,0.5183333333333333,0.07203675782885324,0.2856206374547643,0.8844682478959449
id,voc_seq,0.00042169650342858224,2400,3.5648191458416134,2.3833474147709515,5.351757727153682,0.48541666666666666,0.0673595918409522,0.2808634594972773,0.944912012241775
id,voc_seq,0.0005623413251903491,2400,4.247781013229228,2.6399906778546485,6.139437473159113,0.46708333333333335,0.06459132984684804,0.27643011369643017,0.9785768936495792
id,voc_seq,0.0007498942093324559,2400,4.922199259302064,3.1682806206623324,7.038232131136272,0.4625,0.06365706590076488,0.271811079491005,0.9869931140015302
id,voc_seq,0.001,2400,5.153247625323849,3.4102454919459317,7.102894006599615,0.46041666666666664,0.06316507234221694,0.26958445293975575,0.9908186687069626
id,voc_seq,0.001333521432163324,2400,5.595626291656078,3.6349092131515985,7.8436186513856745,0.45916666666666667,0.0626889194633763,0.26697427716183786,0.9931140015302219
id,voc_seq,0.0017782794100389228,2400,6.169627531040721,4.224526102094053,8.39472485369719,0.4579166666666667,0.062452553989923366,0.26372021015933267,0.9954093343534812
id,voc_seq,0.0023713737056616554,2400,7.201085864374056,4.8275384870414255,10.061046010305654,0.45666666666666667,0.062207373612037244,0.26089554932057885,0.9977046671767407
id,voc_seq,0.0031622776601683794,2400,7.620955308818499,5.130337093592823,10.725118931588685,0.4558333333333333,0.0620452434706262,0.260353557651412,0.9992348890589136
id,voc_seq,0.004216965034285822,2400,7.620955308818499,5.130337093592823,10.725118931588685,0.4558333333333333,0.0620452434706262,0.260353557651412,0.9992348890589136
id,voc_seq,0.005623413251903491,2400,8.030663642151834,5.482513080927351,11.074338516654297,0.4554166666666667,0.0619444732594499,0.26008640629974555,1.0
id,voc_seq,0.007498942093324558,2400,8.030663642151834,5.482513080927351,11.074338516654297,0.4554166666666667,0.0619444732594499,0.26008640629974555,1.0
id,voc_seq,0.01,2400,8.030663642151834,5.482513080927351,11.074338516654297,0.4554166666666667,0.0619444732594499,0.26008640629974555,1.0
id,hybrid_seq,0.0,2400,0.5769149184922593,0.481825592463765,0.6761150093544419,0.8370833333333333,0.6102175866371009,2.556805810263119,0.030604437643458302
id,hybrid_seq,1e-08,2400,0.5769149167572167,0.4818255898133585,0.6761150057929147,0.8370833333333333,0.6056761929506858,2.510641686666013,0.03136954858454476
id,hybrid_seq,1.333521432163324e-08,2400,0.5769149155380876,0.48182558670830133,0.6761150037330855,0.8370833333333333,0.6039651532917724,2.498904561871426,0.03136954858454476
id,hybrid_seq,1.7782794100389228e-08,2400,0.5769149155380876,0.48182558670830133,0.6761150037330855,0.8370833333333333,0.6015871671893529,2.4823480419855968,0.03136954858454476
id,hybrid_seq,2.371373705661655e-08,2400,0.5769149038810881,0.4818255791748028,0.6761149918194647,0.8370833333333333,0.5989729770278167,2.464503642206003,0.03136954858454476
id,hybrid_seq,3.162277660168379e-08,2400,0.5769149049641455,0.4818255801916091,0.6761149920352553,0.8370833333333333,0.5911893841176376,2.3956962477889103,0.032134659525631215
id,hybrid_seq,4.2169650342858225e-08,2400,0.5769148877296163,0.48182555405876004,0.6761149657691538,0.8370833333333333,0.5827170430922443,2.296445266007198,0.032134659525631215
id,hybrid_seq,5.6234132519034905e-08,2400,0.5769148880924894,0.48182555405863614,0.6761149682201327,0.8370833333333333,0.5705483359004745,2.2115820454730115,0.03366488140780413
id,hybrid_seq,7.498942093324559e-08,2400,0.5769148830648394,0.48182554922111037,0.6761149567732672,0.8370833333333333,0.5622412631957915,2.15739645669094,0.03519510328997705
id,hybrid_seq,1e-07,2400,0.5777526645522386,0.48291961825250534,0.6768881295504555,0.8366666666666667,0.5530762395140236,2.1112042298338443,0.04055087987758225
id,hybrid_seq,1.333521432163324e-07,2400,0.5788333736246694,0.48376132110805425,0.6780062073758186,0.83625,0.5359331504227113,2.044608343225482,0.04437643458301454
id,hybrid_seq,1.7782794100389227e-07,2400,0.578833361592703,0.483761309070813,0.6780062101641168,0.83625,0.5197092373545091,1.9842748563054982,0.045906656465187455
id,hybrid_seq,2.3713737056616554e-07,2400,0.5788333633500148,0.4837613104613074,0.6780062241588405,0.83625,0.49835516763831833,1.900171359326723,0.057383320581484314
id,hybrid_seq,3.162277660168379e-07,2400,0.57883336348247,0.4837613113211826,0.6780062373734513,0.83625,0.4660160688755492,1.7767282046920991,0.08033664881407804
id,hybrid_seq,4.2169650342858225e-07,2400,0.578833326951996,0.4837612785930525,0.6780061981178933,0.83625,0.4405693639567017,1.6892248254762368,0.090283091048202
id,hybrid_seq,5.62341325190349e-07,2400,0.5788333338393047,0.48376128999934115,0.6780062196443408,0.83625,0.4240045777518348,1.637966276222478,0.09946442234123948
id,hybrid_seq,7.498942093324558e-07,2400,0.5788333211867825,0.4837612676198804,0.6780061997315597,0.83625,0.4085231450477572,1.6032379233562308,0.10864575363427698
id,hybrid_seq,1e-06,2400,0.5793264583157539,0.4840201692440868,0.6782404336190625,0.8358333333333333,0.37441515145751464,1.5343394298528346,0.135424636572303
id,hybrid_seq,1.333521432163324e-06,2400,0.5793933562225767,0.48422086372109197,0.67831068399621,0.8358333333333333,0.34618096081286254,1.481259054946137,0.1530221882172915
id,hybrid_seq,1.7782794100389227e-06,2400,0.580574315666043,0.48469054430112074,0.6796395466688535,0.8358333333333333,0.32057774226686087,1.4236739129631981,0.17521040550879877
id,hybrid_seq,2.3713737056616552e-06,2400,0.5836782483833532,0.48768356583928,0.6840077942960241,0.8354166666666667,0.3026778919168173,1.3671903118731612,0.19739862280030604
id,hybrid_seq,3.162277660168379e-06,2400,0.5866842232649644,0.49009743921620846,0.6873894223512698,0.8354166666666667,0.2890575979472697,1.3124295525123124,0.21193573068094873
id,hybrid_seq,4.216965034285822e-06,2400,0.6060856774630872,0.5082300683144788,0.703106966086434,0.8333333333333334,0.2730557491182887,1.2393873612314656,0.22570772762050498
id,hybrid_seq,5.623413251903491e-06,2400,0.6244472607515001,0.5250393896007236,0.7237187070373728,0.8295833333333333,0.2575271393162613,1.1322577797814726,0.2394797245600612
id,hybrid_seq,7.498942093324558e-06,2400,0.6545651355709998,0.5591675200500105,0.7519782504891973,0.8175,0.24425249559383105,1.0140369097818742,0.2631981637337414
id,hybrid_seq,9.999999999999999e-06,2400,1.0865405196490758,0.6136571236879881,1.8973006503383627,0.8029166666666666,0.23555374907498997,0.933502277023099,0.2915072685539403
id,hybrid_seq,1.333521432163324e-05,2400,1.1538055413607777,0.6814219112759339,1.9658948304885193,0.775,0.22382574432335314,0.8247223077993294,0.34506503442999237
id,hybrid_seq,1.778279410038923e-05,2400,1.229692785338602,0.7609587508426843,2.0419565967462754,0.7458333333333333,0.2033523626564276,0.7363171618589149,0.40091813312930374
id,hybrid_seq,2.3713737056616554e-05,2400,1.32280354493227,0.8440697917277664,2.135825865976887,0.7183333333333334,0.18318231670281854,0.6476468189580706,0.45371078806426934
id,hybrid_seq,3.1622776601683795e-05,2400,1.435185192048101,0.9548549543075567,2.2367658334173632,0.6875,0.1607691166440871,0.5799267595551495,0.5126243305279266
id,hybrid_seq,4.216965034285822e-05,2400,1.524555694308968,1.0397435308754772,2.338008379420116,0.66375,0.14005736356799106,0.5338538556888913,0.5623565416985463
id,hybrid_seq,5.623413251903491e-05,2400,1.7172090271187483,1.2277876444019562,2.54536834230978,0.6329166666666667,0.12176580290584274,0.46393427430474127,0.6289211935730681
id,hybrid_seq,7.498942093324559e-05,2400,2.0065793565907164,1.5096323205234938,2.8509903136636554,0.5975,0.10263935206750406,0.37951167637099387,0.7100229533282326
id,hybrid_seq,0.0001,2400,2.615706119290308,1.7769153049885023,3.872384727273011,0.5841666666666666,0.09191311056334873,0.3239142316243245,0.75592960979342
id,hybrid_seq,0.0001333521432163324,2400,2.6896902138527063,1.8477267000775428,3.9624936545377993,0.57875,0.08601115903559155,0.3105516938664217,0.7689364957918898
id,hybrid_seq,0.00017782794100389227,2400,2.983726543161025,1.9831810290524845,4.402857727335765,0.56125,0.07956634702674505,0.29594576333018874,0.8056618209640398
id,hybrid_seq,0.0002371373705661655,2400,3.083600018692225,2.0989487827319455,4.514567885311504,0.54625,0.07599310428195948,0.28977454946393055,0.8332058148431523
id,hybrid_seq,0.00031622776601683794,2400,3.550013670268294,2.362912222622998,5.300534342324018,0.5170833333333333,0.07138287156073511,0.2848250940535157,0.8867635807192042
id,hybrid_seq,0.00042169650342858224,2400,3.6224372799647933,2.434201567065825,5.369824555260659,0.4845833333333333,0.06675657943301642,0.2801283773972773,0.946442234123948
id,hybrid_seq,0.0005623413251903491,2400,4.28219401914728,2.666051724708234,6.1627949531570785,0.4666666666666667,0.06428982364288016,0.27606257264643014,0.9793420045906657
id,hybrid_seq,0.0007498942093324559,2400,4.922199259302064,3.1682806206623324,7.038232131136272,0.4625,0.06365706590076488,0.271811079491005,0.9869931140015302
id,hybrid_seq,0.001,2400,5.153247625323849,3.4102454919459317,7.102894006599615,0.46041666666666664,0.06316507234221694,0.26958445293975575,0.9908186687069626
id,hybrid_seq,0.001333521432163324,2400,5.595626291656078,3.6349092131515985,7.8436186513856745,0.45916666666666667,0.0626889194633763,0.26697427716183786,0.9931140015302219
id,hybrid_seq,0.0017782794100389228,2400,6.169627531040721,4.224526102094053,8.39472485369719,0.4579166666666667,0.062452553989923366,0.26372021015933267,0.9954093343534812
id,hybrid_seq,0.0023713737056616554,2400,7.201085864374056,4.8275384870414255,10.061046010305654,0.45666666666666667,0.062207373612037244,0.26089554932057885,0.9977046671767407
id,hybrid_seq,0.0031622776601683794,2400,7.620955308818499,5.130337093592823,10.725118931588685,0.4558333333333333,0.0620452434706262,0.260353557651412,0.9992348890589136
id,hybrid_seq,0.004216965034285822,2400,7.620955308818499,5.130337093592823,10.725118931588685,0.4558333333333333,0.0620452434706262,0.260353557651412,0.9992348890589136
id,hybrid_seq,0.005623413251903491,2400,8.030663642151834,5.482513080927351,11.074338516654297,0.4554166666666667,0.0619444732594499,0.26008640629974555,1.0
id,hybrid_seq,0.007498942093324558,2400,8.030663642151834,5.482513080927351,11.074338516654297,0.4554166666666667,0.0619444732594499,0.26008640629974555,1.0
id,hybrid_seq,0.01,2400,8.030663642151834,5.482513080927351,11.074338516654297,0.4554166666666667,0.0619444732594499,0.26008640629974555,1.0
id,oracle,0.0,2400,0.21158417659000048,0.19944575342664347,0.22383218200016408,1.0,0.2363134456640973,1.2773599395520492,0.0
id,oracle_voc,0.0,2400,0.07560038102409983,0.04872241712102542,0.10880307364322267,0.9829166666666667,0.49122816373714123,2.525279290890039,0.001530221882172915
id,oracle_voc,1e-08,2400,0.08331640447416869,0.056044695355537896,0.1155847360242835,0.9804166666666667,0.346205870070998,1.9786536521792701,0.0038255547054322878
id,oracle_voc,1.333521432163324e-08,2400,0.08346167851656948,0.056184273887465636,0.11589202528239684,0.9804166666666667,0.34346078733500085,1.9285283279400998,0.0038255547054322878
id,oracle_voc,1.7782794100389228e-08,2400,0.08529217428293973,0.0571860423939452,0.11716370838895593,0.9791666666666666,0.33993023329916205,1.8781536108384445,0.0038255547054322878
id,oracle_voc,2.371373705661655e-08,2400,0.08738527383910812,0.0596529347998718,0.11977621622248528,0.9783333333333334,0.33698039589436957,1.830232582471796,0.0038255547054322878
id,oracle_voc,3.162277660168379e-08,2400,0.08872772469257163,0.06135825383911263,0.12124141753412424,0.9775,0.33549355297783545,1.7989180987122109,0.0038255547054322878
id,oracle_voc,4.2169650342858225e-08,2400,0.09261825324627906,0.06528318778168576,0.12586720552647854,0.9758333333333333,0.3333698064689774,1.7623539889467945,0.0038255547054322878
id,oracle_voc,5.6234132519034905e-08,2400,0.09608404993265664,0.06793147118212833,0.12910106420166487,0.9745833333333334,0.33029920021546644,1.7106867690951246,0.0038255547054322878
id,oracle_voc,7.498942093324559e-08,2400,0.0992634863105471,0.07074670647707722,0.13302913392734422,0.9733333333333334,0.32748146192103716,1.6524939373680476,0.0038255547054322878
id,oracle_voc,1e-07,2400,0.10795321954495274,0.07914206406647413,0.1432414984263405,0.9704166666666667,0.32247497437086775,1.561527130772632,0.0038255547054322878
id,oracle_voc,1.333521432163324e-07,2400,0.1148050654598454,0.08356842068499579,0.15196718683152322,0.96875,0.3180091598335023,1.4869138024751403,0.0038255547054322878
id,oracle_voc,1.7782794100389227e-07,2400,0.11882976218755119,0.08593650864162042,0.15599512108626767,0.9670833333333333,0.3129813730481231,1.4059084221288867,0.0038255547054322878
id,oracle_voc,2.3713737056616554e-07,2400,0.13097782098649743,0.09845226074668507,0.1720264031941504,0.9641666666666666,0.3091332637378024,1.345595018883896,0.0038255547054322878
id,oracle_voc,3.162277660168379e-07,2400,0.1334650825506947,0.10172193482615878,0.17360152643425852,0.9633333333333334,0.3081406098324766,1.3304515141151418,0.0038255547054322878
id,oracle_voc,4.2169650342858225e-07,2400,0.13377133149331777,0.1022134706221251,0.173799307438409,0.9633333333333334,0.3061494627840866,1.294290497785987,0.0038255547054322878
id,oracle_voc,5.62341325190349e-07,2400,0.13562135920701135,0.1042813721948021,0.17566054055679883,0.9629166666666666,0.30493077133440616,1.2816364255226471,0.0038255547054322878
id,oracle_voc,7.498942093324558e-07,2400,0.14161519332289824,0.1069871891008486,0.18016344841789056,0.9616666666666667,0.30374251638950306,1.2589670469355587,0.0038255547054322878
id,oracle_voc,1e-06,2400,0.14233344750641905,0.10779351272191337,0.18081698927980383,0.9616666666666667,0.3018282204462482,1.23234370975348,0.0038255547054322878
id,oracle_voc,1.333521432163324e-06,2400,0.14858645145976135,0.11191641779846134,0.18763613584669966,0.96125,0.2995598827996551,1.2056583479084748,0.0038255547054322878
id,oracle_voc,1.7782794100389227e-06,2400,0.15051999537864247,0.11377982082727882,0.18907467681315002,0.9608333333333333,0.2977964630998533,1.187899393359715,0.0038255547054322878
id,oracle_voc,2.3713737056616552e-06,2400,0.15274767173944573,0.11604345197918658,0.19161328762245694,0.9608333333333333,0.29540434475994154,1.1667799954042797,0.0038255547054322878
id,oracle_voc,3.162277660168379e-06,2400,0.15800131239741402,0.12155756227641494,0.19607928463961574,0.9608333333333333,0.29087037408397154,1.133028181675924,0.0045906656465187455
id,oracle_voc,4.216965034285822e-06,2400,0.16830616463517253,0.1329106101147559,0.20597323848241683,0.9608333333333333,0.28490960882799604,1.083123245130088,0.0045906656465187455
id,oracle_voc,5.623413251903491e-06,2400,0.18647391637637298,0.14846182950287265,0.22441883063439705,0.9595833333333333,0.2775769835380718,1.0141185848500542,0.0076511094108645756
id,oracle_voc,7.498942093324558e-06,2400,0.20934703490683998,0.17051160045648167,0.24731742489586014,0.9554166666666667,0.26985891141258955,0.9497161764788082,0.016832440703902066
id,oracle_voc,9.999999999999999e-06,2400,0.24297621393267865,0.20478550021200692,0.28228424395197554,0.9408333333333333,0.25616980796783895,0.8779178571129674,0.04361132364192808
id,oracle_voc,1.333521432163324e-05,2400,0.2992090106948508,0.2630659624484841,0.33901486195132857,0.9129166666666667,0.2382184950272358,0.7898816499375183,0.09487375669472073
id,oracle_voc,1.778279410038923e-05,2400,0.35912313569917276,0.3163531404493571,0.4022660325914505,0.88875,0.22260495201986874,0.719219157355398,0.14384085692425402
id,oracle_voc,2.3713737056616554e-05,2400,0.44107895667515046,0.40106211046987006,0.4841608321421266,0.8566666666666667,0.20238273585851294,0.6486424086432271,0.20504973221117062
id,oracle_voc,3.1622776601683795e-05,2400,0.5253107949644584,0.48678367553785895,0.5728053584827789,0.8229166666666666,0.18307621459967138,0.5942916514161243,0.270849273144606
id,oracle_voc,4.216965034285822e-05,2400,0.6176221750775588,0.5706125369954377,0.6675023989296144,0.7879166666666667,0.16659137088037956,0.5509954509098346,0.34123947972456004
id,oracle_voc,5.623413251903491e-05,2400,0.7808555058976744,0.7225406363287572,0.8505143377568526,0.7479166666666667,0.14785523376749898,0.4930181526444206,0.4269319051262433
id,oracle_voc,7.498942093324559e-05,2400,0.9885541625510978,0.9060696148220847,1.0636419544271813,0.7091666666666666,0.12808260275805172,0.43725858760272485,0.5095638867635807
id,oracle_voc,0.0001,2400,1.4019385983069597,1.2953657524824977,1.5077290062648339,0.6595833333333333,0.10556013660230847,0.3536009245406331,0.6151491966335119
id,oracle_voc,0.0001333521432163324,2400,1.608101256393218,1.4906888536595726,1.7260492940805063,0.63625,0.09164020942563038,0.32320619601683576,0.6625860749808722
id,oracle_voc,0.00017782794100389227,2400,1.8048948209505662,1.684281430655638,1.9329887535641337,0.60125,0.08092323656687872,0.30107163533395276,0.730680948737567
id,oracle_voc,0.0002371373705661655,2400,1.9129450243639787,1.7873336677506306,2.030797009863992,0.5608333333333333,0.07411517759894125,0.2916411191510148,0.8056618209640398
id,oracle_voc,0.00031622776601683794,2400,1.9980309320536398,1.8793883130734539,2.1255149263668343,0.5316666666666666,0.07049517225532925,0.2842413143514447,0.8599846977811783
id,oracle_voc,0.00042169650342858224,2400,2.0813552717347905,1.9574480187526355,2.2074239167646525,0.49666666666666665,0.0669954359943051,0.280078843862287,0.9242540168324407
id,oracle_voc,0.0005623413251903491,2400,2.137500066201933,2.013491746648123,2.2665088137257827,0.47458333333333336,0.06500868098979615,0.27792467444019164,0.964804896710023
id,oracle_voc,0.0007498942093324559,2400,2.1570566477976088,2.0324055462022734,2.283997880471187,0.4675,0.06442204925376596,0.27735429177977494,0.9778117827084928
id,oracle_voc,0.001,2400,2.162312423726084,2.037234235921492,2.291223029059367,0.46541666666666665,0.06427484545322737,0.2772458177997729,0.981637337413925
id,oracle_voc,0.001333521432163324,2400,2.2073802970292515,2.069239546461961,2.348969929989406,0.46458333333333335,0.06377332896734868,0.27658939667852184,0.9831675592960979
id,oracle_voc,0.0017782794100389228,2400,2.270735266015053,2.0981815095297107,2.4561974478966517,0.46375,0.06327181248147,0.27593297555727075,0.9846977811782709
id,oracle_voc,0.0023713737056616554,2400,2.7386519326817194,2.276950557465073,3.462787331392871,0.4625,0.06305862616533796,0.27241246728476654,0.9869931140015302
id,oracle_voc,0.0031622776601683794,2400,3.14996443268172,2.4844147892426247,4.144302294054522,0.46166666666666667,0.06292789260699448,0.2698499692801791,0.9885233358837031
id,oracle_voc,0.004216965034285822,2400,4.14179344984414,2.988703734515028,5.507952335526422,0.45958333333333334,0.06259170975329273,0.2656053042030908,0.9923488905891354
id,oracle_voc,0.005623413251903491,2400,5.375668449844141,3.6375250953360947,7.344876160985617,0.4583333333333333,0.062378039837524935,0.26169978669058463,0.9946442234123948
id,oracle_voc,0.007498942093324558,2400,5.375668449844141,3.6375250953360947,7.344876160985617,0.4583333333333333,0.062378039837524935,0.26169978669058463,0.9946442234123948
id,oracle_voc,0.01,2400,5.375668449844141,3.6375250953360947,7.344876160985617,0.4583333333333333,0.062378039837524935,0.26169978669058463,0.9946442234123948
block,uniform_coarse,0.0,720,14.025000973783419,12.104879464497268,16.51394730964441,0.16666666666666666,0.02190743770505873,0.5512666437874638,1.0
block,uniform_medium,1.0,720,4.068679218021699,3.358091462705017,5.150097444528383,0.3819444444444444,0.060349098383872375,0.27888762988454296,1.0
block,uniform_fine,2.0,720,0.0005299272796515425,0.0003038814812353905,0.0008445308727181593,1.0,1.0,6.166580215125982,0.0
block,random,0.0,720,4.068679218021699,3.358091462705017,5.150097444528383,0.3819444444444444,0.060349098383872375,0.27888762988454296,1.0
block,random,1.0,720,3.210361433478945,2.5408189258778555,4.244922284597951,0.5319444444444444,0.20973006314912357,1.2248955080376416,0.0
block,random,2.0,720,1.8637096910072024,1.607769440429297,2.1364653446615036,0.6805555555555556,0.3946032333435909,2.455464300057065,0.0
block,random,3.0,720,0.9545393324660003,0.7734756699680936,1.1413969197365965,0.8361111111111111,0.5958511965343658,3.7485180176475197,0.0
block,random,4.0,720,0.0005299272796515425,0.0003038814812353905,0.0008445308727181593,1.0,1.0,6.166580215125982,0.0
block,share,0.0,720,4.068679218021699,3.358091462705017,5.150097444528383,0.3819444444444444,0.060349098383872375,0.27888762988454296,1.0
block,share,1.0,720,2.9737937547966578,2.274358678311696,4.017504986053822,0.6055555555555555,0.19132524203387477,1.2896953660109527,0.0
block,share,2.0,720,1.715829599689125,1.4429608644752476,2.024923125781236,0.7347222222222223,0.3026720330901343,1.6034481664556248,0.0
block,share,3.0,720,1.031755656469247,0.8274579510514232,1.2653881249949785,0.825,0.40031555743125485,1.9082313722780377,0.0
block,share,4.0,720,0.0005299272796515425,0.0003038814812353905,0.0008445308727181593,1.0,1.0603490983838724,6.4454678450105245,0.0
block,discrepancy,0.01,720,0.0560468857387115,0.012942691173371722,0.12013833654433366,0.9916666666666667,1.0444593442568828,6.801362589249371,0.0
block,discrepancy,0.020000000000000004,720,0.08887062526810917,0.026057784550883145,0.1792511074808848,0.9888888888888889,1.0105983063625674,6.709849404352311,0.0
block,discrepancy,0.030000000000000006,720,0.08887065998131222,0.026057826977128745,0.17925111978399705,0.9888888888888889,0.9709084206554688,6.643943728313409,0.0
block,discrepancy,0.04000000000000001,720,0.12225689579763013,0.04333810750882627,0.23275066868412184,0.9847222222222223,0.9014660038814944,6.5023071354567135,0.0
block,discrepancy,0.05000000000000001,720,0.12447271494322797,0.0449246217055219,0.23447968029700955,0.9847222222222223,0.889712286415662,6.480611678171974,0.0
block,discrepancy,0.06000000000000001,720,0.12458894548164791,0.04501553985887305,0.23458702782546148,0.9847222222222223,0.8864550580295464,6.468233715046982,0.0044943820224719105
block,discrepancy,0.07,720,0.124604264712205,0.045038740367786705,0.23460227692623317,0.9847222222222223,0.8709512893733394,6.317955818421999,0.008988764044943821
block,discrepancy,0.08,720,0.12471194051443245,0.04506920608297316,0.2346943509097247,0.9847222222222223,0.8598204048149631,6.270687565992779,0.01348314606741573
block,discrepancy,0.09000000000000001,720,0.12471228538396348,0.04506942554350769,0.2346946447573586,0.9847222222222223,0.8539450826579642,6.2366088728705416,0.01348314606741573
block,discrepancy,0.1,720,0.12471155935554294,0.04506845912926509,0.2346938270470819,0.9847222222222223,0.8338481386275943,6.080998920974677,0.01348314606741573
block,discrepancy,0.15,720,0.3530385983803396,0.22101520430538563,0.5244797981908266,0.9194444444444444,0.7827527917634194,5.746615637928982,0.017977528089887642
block,discrepancy,0.19999999999999998,720,0.3694230958056865,0.24029886267991912,0.5462543083956967,0.9125,0.770365357023195,5.658974428676377,0.017977528089887642
block,discrepancy,0.25,720,0.3694229149349735,0.24029857760008694,0.5462542137413345,0.9125,0.7679158037573592,5.639444698540188,0.017977528089887642
block,discrepancy,0.3,720,0.39149379043073707,0.2598798848924073,0.5713949362562719,0.9055555555555556,0.7604584092683935,5.589181761880526,0.017977528089887642
block,discrepancy,0.35,720,0.43538479262654384,0.2985510902624148,0.6118757483834695,0.8916666666666667,0.7531553242183935,5.580858960166774,0.017977528089887642
block,discrepancy,0.39999999999999997,720,0.5095858779187336,0.35929662369849913,0.699431224364069,0.875,0.7409725134062263,5.531550445101392,0.017977528089887642
block,discrepancy,0.44999999999999996,720,0.5294076376109093,0.38247452885639033,0.7180992076513965,0.8694444444444445,0.7369452195251899,5.486385895590259,0.017977528089887642
block,discrepancy,0.5,720,0.5294076376109093,0.38247452885639033,0.7180992076513965,0.8694444444444445,0.7363791624483489,5.483613111541642,0.017977528089887642
block,discrepancy,0.5499999999999999,720,0.5475650845096793,0.38918893451312586,0.7316177963226976,0.8666666666666667,0.7340234453402191,5.436145783126338,0.017977528089887642
block,discrepancy,0.6,720,0.6764878908104066,0.4947434425527911,0.8729251391147655,0.85,0.7248600873306824,5.384514469477734,0.035955056179775284
block,discrepancy,0.6499999999999999,720,0.7349808764306169,0.5507452188674359,0.9410371492943954,0.8416666666666667,0.7158192677121084,5.369057529291624,0.04943820224719101
block,discrepancy,0.7,720,0.7951506378391444,0.6070064506423163,1.005900049311894,0.8305555555555556,0.7058077628620141,5.285934329315296,0.056179775280898875
block,discrepancy,0.75,720,0.901647244215509,0.7058193976300831,1.1440434115457863,0.8138888888888889,0.6971263197312189,5.239433457456976,0.07640449438202247
block,discrepancy,0.7999999999999999,720,0.9895435047749812,0.7954990994904049,1.2271044585847672,0.8027777777777778,0.6900823646292318,5.182931442955568,0.0898876404494382
block,discrepancy,0.85,720,1.0286902027960372,0.8244677388117874,1.2740582418306128,0.7986111111111112,0.6806552866632766,5.171305507701456,0.10561797752808989
block,discrepancy,0.8999999999999999,720,1.054903625522501,0.8500326077486313,1.3017275042702634,0.7944444444444444,0.6725194879305273,5.1577809665861825,0.12134831460674157
block,discrepancy,0.95,720,1.0549037428185895,0.8500327854147641,1.3017277341489015,0.7944444444444444,0.6677853501928214,5.1530558478028174,0.1303370786516854
block,sensitivity,0.01,720,0.6052448046993716,0.5011728897738172,0.7197383811390979,0.8263888888888888,0.6291832380680019,4.612767160436841,0.251685393258427
block,sensitivity,0.020000000000000004,720,0.7346007764518818,0.5833477733738658,0.866133552375752,0.8138888888888889,0.6086380955709413,4.27626568833271,0.251685393258427
block,sensitivity,0.030000000000000006,720,0.8274649817121672,0.6701348767946022,0.995953985273655,0.8041666666666667,0.5935748865743323,4.019289148491013,0.251685393258427
block,sensitivity,0.04000000000000001,720,0.9125193031679592,0.7552571798434334,1.1147257279882516,0.7944444444444444,0.5829900764028639,3.835428772977189,0.251685393258427
block,sensitivity,0.05000000000000001,720,0.9456728738616726,0.7833117467154601,1.1455234571210222,0.7916666666666666,0.5762116765105669,3.749491770221569,0.251685393258427
block,sensitivity,0.06000000000000001,720,0.9607724901057256,0.7976490575480444,1.1532699825760588,0.7902777777777777,0.5733701219489098,3.7048130595868822,0.251685393258427
block,sensitivity,0.07,720,0.9821608149474561,0.8247256660452329,1.1808404482086716,0.7875,0.5699198575638833,3.6585674116507207,0.251685393258427
block,sensitivity,0.08,720,1.0083695622996687,0.8471253721557201,1.2170982633299625,0.7833333333333333,0.5671530976274981,3.619762046904907,0.251685393258427
block,sensitivity,0.09000000000000001,720,1.0131310560588151,0.850468674051893,1.2217993888281802,0.7819444444444444,0.5645810468675948,3.5980383103410127,0.251685393258427
block,sensitivity,0.1,720,1.0264555488943032,0.8549552169235468,1.2424394535909855,0.7805555555555556,0.5637928469326164,3.5821830149854375,0.251685393258427
block,sensitivity,0.15,720,1.0288334811456938,0.8576246309470784,1.2453923520838233,0.7805555555555556,0.5602253069533482,3.557601599889535,0.251685393258427
block,sensitivity,0.19999999999999998,720,1.0332378097125727,0.8621065546562866,1.2476350395604467,0.7791666666666667,0.5581148832052951,3.5362369778270377,0.251685393258427
block,sensitivity,0.25,720,1.0364295646946946,0.8646444961962915,1.2488325688495578,0.7777777777777778,0.55604594655434,3.511737077557498,0.251685393258427
block,sensitivity,0.3,720,1.0373229060469442,0.8660068417223553,1.2496213350969994,0.7777777777777778,0.5544499508157483,3.499485855307497,0.251685393258427
block,sensitivity,0.35,720,1.0386094114719615,0.8666585199132038,1.2516454449248768,0.7777777777777778,0.5533509564312378,3.487987247417237,0.251685393258427
block,sensitivity,0.39999999999999997,720,1.0389703645374078,0.8672176720831113,1.2518746781439605,0.7777777777777778,0.551799865431623,3.4693465734852804,0.251685393258427
block,sensitivity,0.44999999999999996,720,1.05228796437601,0.8750390285672952,1.267092764873077,0.7763888888888889,0.5504203640792141,3.4550311077255578,0.251685393258427
block,sensitivity,0.5,720,1.0766469387349844,0.9195861636051174,1.2824632213260225,0.775,0.5494657617936732,3.4413636868880735,0.251685393258427
block,sensitivity,0.5499999999999999,720,1.0766469387349844,0.9195861636051174,1.2824632213260225,0.775,0.5488231436522205,3.432857078761683,0.251685393258427
block,sensitivity,0.6,720,1.077278752742996,0.9205496799673353,1.282824087740167,0.775,0.5481111262242578,3.4277972172755655,0.251685393258427
block,sensitivity,0.6499999999999999,720,1.077278752742996,0.9205496799673353,1.282824087740167,0.775,0.5476939418319732,3.4213452336019547,0.251685393258427
block,sensitivity,0.7,720,1.077537276858081,0.9206724789220008,1.2829598129005866,0.775,0.5472477072141886,3.4190408194519577,0.251685393258427
block,sensitivity,0.75,720,1.0794122131995194,0.9210161318426938,1.284834752424953,0.7736111111111111,0.54594414720446,3.4131647067089035,0.251685393258427
block,sensitivity,0.7999999999999999,720,1.0801027689817708,0.9219146343125693,1.2854452777366887,0.7736111111111111,0.5453273084868603,3.4087216299700027,0.251685393258427
block,sensitivity,0.85,720,1.084256455378448,0.9276642395633674,1.2898746749189172,0.7722222222222223,0.5449088818211716,3.403997745476944,0.251685393258427
block,sensitivity,0.8999999999999999,720,1.084256455378448,0.9276642395633674,1.2898746749189172,0.7722222222222223,0.544850633429564,3.403210209072778,0.251685393258427
block,sensitivity,0.95,720,1.084256455378448,0.9276642395633674,1.2898746749189172,0.7722222222222223,0.5447981281653522,3.4029296886422244,0.251685393258427
block,novelty,0.5,720,2.3041744035028997,2.0335405019226163,2.5603238452545813,0.5444444444444444,0.3641700274112048,2.299703356635978,0.503370786516854
block,novelty,0.75,720,3.3739584338582658,2.723887984475601,4.430113476145027,0.46111111111111114,0.20291626961307835,1.1302898721817454,0.7348314606741573
block,novelty,0.9,720,4.068262551355032,3.3580254904827944,5.150031472306161,0.3819444444444444,0.06413812245670125,0.3032420096498249,1.0
block,novelty,0.95,720,4.068262551355032,3.3580254904827944,5.150031472306161,0.3819444444444444,0.06287436894463899,0.295963702677606,1.0
block,novelty,0.99,720,4.068679218021699,3.358091462705017,5.150097444528383,0.3819444444444444,0.060349098383872375,0.27888762988454296,1.0
block,uncertainty,0.01,720,0.0033988900627627784,0.0005979301443193604,0.007910006539705555,0.9986111111111111,0.9494695482943898,5.863138723694212,0.0
block,uncertainty,0.020000000000000004,720,0.005375372601494362,0.0009196963729802482,0.012244205440603364,0.9972222222222222,0.8595106233255182,5.286548568537284,0.0
block,uncertainty,0.030000000000000006,720,0.00816411275444299,0.002040472655766401,0.01585800274251351,0.9958333333333333,0.8041398993474783,4.802030020266385,0.0
block,uncertainty,0.04000000000000001,720,0.009112298385840302,0.0031425152197373813,0.01652018260188192,0.9958333333333333,0.7594546497261484,4.482152146448314,0.0
block,uncertainty,0.05000000000000001,720,0.009277236169862368,0.0032499367246062506,0.016570805018426508,0.9958333333333333,0.7203639048906351,4.210991172542698,0.0
block,uncertainty,0.06000000000000001,720,0.01625334908732099,0.005450898212970811,0.03292697956925442,0.9944444444444445,0.6898216640617396,3.976460960445446,0.0
block,uncertainty,0.07,720,0.021847251701941496,0.0058425080775819154,0.0438529672553405,0.9930555555555556,0.670210579112876,3.8021384117968613,0.0
block,uncertainty,0.08,720,0.036925908589365355,0.015326777664869642,0.06393259496833856,0.9888888888888889,0.6476122637075848,3.645090035205198,0.0
block,uncertainty,0.09000000000000001,720,0.03854821209868486,0.015914040944467,0.0672611277786051,0.9888888888888889,0.6254044124699639,3.4878125537204547,0.0
block,uncertainty,0.1,720,0.04068031220931349,0.01807913856738051,0.06954163539274877,0.9888888888888889,0.6027504840600246,3.3122370702565807,0.0
block,uncertainty,0.15,720,0.06786067830038958,0.03856581763355524,0.10301549124033,0.9791666666666666,0.5324358365467162,2.587506645187194,0.0
block,uncertainty,0.19999999999999998,720,0.08327403727870514,0.05283902119643915,0.12099448605922934,0.9722222222222222,0.49152218500916334,2.2601934062316813,0.0
block,uncertainty,0.25,720,0.11336153480456519,0.07675165636144533,0.1588722880077674,0.9625,0.4619979846850751,1.9965070003831291,0.0
block,uncertainty,0.3,720,0.11501252334350573,0.07942836347203708,0.16023672275630793,0.9625,0.4447943330246853,1.901136931706757,0.0
block,uncertainty,0.35,720,0.1167636914835352,0.08148763883416692,0.16193404615497178,0.9611111111111111,0.4297210981961638,1.8264747150581166,0.0
block,uncertainty,0.39999999999999997,720,0.1185090181357215,0.0841492624873779,0.1646900331713149,0.9597222222222223,0.42340520168704476,1.7903736527317151,0.0
block,uncertainty,0.44999999999999996,720,0.1202537202104995,0.08509575138559394,0.16726346276212337,0.9583333333333334,0.41718882016638476,1.7649341412039374,0.0
block,uncertainty,0.5,720,0.12025376330927647,0.085095771857513,0.16726346239721107,0.9583333333333334,0.41248372533562744,1.7553219509719888,0.0
block,uncertainty,0.5499999999999999,720,0.12164265389301197,0.08648466252599082,0.16925299421382942,0.9569444444444445,0.40795703276566614,1.7482559843983836,0.0
block,uncertainty,0.6,720,0.12165868431797175,0.08650069295095063,0.1692774406118931,0.9569444444444445,0.4053123707165723,1.7318063874206018,0.0
block,uncertainty,0.6499999999999999,720,0.12407203252527231,0.08870763946985338,0.1710105844786943,0.9569444444444445,0.40091084900034163,1.7067874395455975,0.0
block,uncertainty,0.7,720,0.12407203247628477,0.08870763946985338,0.1710105844786943,0.9569444444444445,0.39930448976966315,1.7034344062553222,0.0
block,uncertainty,0.75,720,0.12858572064818635,0.09225871347742527,0.1783445313560928,0.9541666666666667,0.3960633147968981,1.6971973916789567,0.0
block,uncertainty,0.7999999999999999,720,0.13025238849492024,0.09234601194014173,0.17946058529817788,0.9527777777777777,0.39238722761539263,1.6870533831441914,0.0
block,uncertainty,0.85,720,0.13025238898528585,0.09234601584141681,0.17946058984303717,0.9527777777777777,0.39016703241516293,1.6841985230914058,0.0
block,uncertainty,0.8999999999999999,720,0.13052005350273937,0.09265917054479553,0.17970642995655067,0.9527777777777777,0.38624423180749523,1.676195133688624,0.0
block,uncertainty,0.95,720,0.13467701664822915,0.09640150037180684,0.18556973232237073,0.9513888888888888,0.38458663027505696,1.6731225048969665,0.0
block,uncertainty_per_cost,0.0,720,0.0005299272796515425,0.0003038814812353905,0.0008445308727181593,1.0,1.0603490983838724,6.4454678450105245,0.0
block,uncertainty_per_cost,1e-08,720,0.0026529696300707606,0.001648353610455126,0.00425171624891916,1.0,0.9507250939848849,4.449372839930351,0.0
block,uncertainty_per_cost,1.333521432163324e-08,720,0.00488180058840006,0.002107714045943213,0.009879605094958782,0.9986111111111111,0.9271262134864802,4.052100072531761,0.0
block,uncertainty_per_cost,1.7782794100389228e-08,720,0.005141484212259194,0.0024276487646265094,0.010031963102637143,0.9986111111111111,0.9046933011149221,3.7534027825373615,0.0
block,uncertainty_per_cost,2.371373705661655e-08,720,0.0074761065225413545,0.0029933947450859724,0.013178156598473998,0.9972222222222222,0.8693882319716317,3.515109058544436,0.0
block,uncertainty_per_cost,3.162277660168379e-08,720,0.0119044845681966,0.004184341395914423,0.022240748939634975,0.9958333333333333,0.851355701786825,3.400789048484704,0.0
block,uncertainty_per_cost,4.2169650342858225e-08,720,0.013275344064432076,0.005242521347197824,0.023830859051412277,0.9958333333333333,0.8425697067222305,3.3224596325888442,0.0
block,uncertainty_per_cost,5.6234132519034905e-08,720,0.018148414760934074,0.007527806046752819,0.03010135990721757,0.9930555555555556,0.8185358039552378,3.180002053572197,0.0022471910112359553
block,uncertainty_per_cost,7.498942093324559e-08,720,0.03802596096793527,0.02049607032404759,0.06537119742088975,0.9861111111111112,0.7750442137671782,2.9674690812137468,0.0022471910112359553
block,uncertainty_per_cost,1e-07,720,0.08830590173613292,0.06027075682965997,0.1257887713263331,0.9708333333333333,0.6929875268439981,2.407691366040187,0.0022471910112359553
block,uncertainty_per_cost,1.333521432163324e-07,720,0.1012966338057073,0.06950985048757811,0.14016525311211148,0.9666666666666667,0.6105090961712433,2.2060695987624763,0.0022471910112359553
block,uncertainty_per_cost,1.7782794100389227e-07,720,0.12369110992267104,0.08727092651976164,0.16605082368474658,0.9625,0.5532892299105668,1.953550474786122,0.0044943820224719105
block,uncertainty_per_cost,2.3713737056616554e-07,720,0.1489529188523848,0.11219982919145528,0.1963445368333027,0.9513888888888888,0.5166678010722249,1.780875572854115,0.01348314606741573
block,uncertainty_per_cost,3.162277660168379e-07,720,0.1669589092387096,0.12733072260276473,0.21419711424542293,0.9444444444444444,0.48036373125207965,1.6197052609470928,0.024719101123595506
block,uncertainty_per_cost,4.2169650342858225e-07,720,0.202338079227561,0.15538430938424924,0.2522203796940762,0.9361111111111111,0.4267321540541671,1.431212974876184,0.033707865168539325
block,uncertainty_per_cost,5.62341325190349e-07,720,0.2262969308356489,0.17970581973731956,0.27907050875091666,0.9263888888888889,0.3827389518630297,1.2873679050386273,0.04269662921348315
block,uncertainty_per_cost,7.498942093324558e-07,720,0.26619680151970493,0.21553689350785005,0.3259801447036022,0.9069444444444444,0.3487777012074348,1.1870933327178945,0.058426966292134834
block,uncertainty_per_cost,1e-06,720,0.42662392938551247,0.3471466124759479,0.5036698735709176,0.8652777777777778,0.3083254745984799,1.0391268275025949,0.0898876404494382
block,uncertainty_per_cost,1.333521432163324e-06,720,0.7174341728418524,0.5857469734082098,0.8591847398006367,0.8138888888888889,0.27300163723610626,0.9022930674872947,0.1348314606741573
block,uncertainty_per_cost,1.7782794100389227e-06,720,0.9545673914881095,0.7751506501416631,1.1166108045315626,0.7638888888888888,0.24152849443486457,0.7992360303359015,0.22696629213483147
block,uncertainty_per_cost,2.3713737056616552e-06,720,1.621167668124563,1.3779265190692913,1.8761797598749907,0.6847222222222222,0.19426900481816042,0.6525320090179675,0.33707865168539325
block,uncertainty_per_cost,3.162277660168379e-06,720,2.2367160353883473,1.948976014316261,2.5582380827430313,0.6097222222222223,0.15708229551574654,0.5254462537317826,0.4786516853932584
block,uncertainty_per_cost,4.216965034285822e-06,720,2.7173780897678377,2.3889470743081387,3.0517159782540184,0.55,0.12692815906134003,0.44120859164142734,0.5910112359550562
block,uncertainty_per_cost,5.623413251903491e-06,720,3.069001302278373,2.759995206493905,3.4552034671859717,0.5097222222222222,0.10520447277309211,0.38123780677467745,0.6786516853932584
block,uncertainty_per_cost,7.498942093324558e-06,720,3.210285286580623,2.897066242041461,3.560956801207308,0.46944444444444444,0.08921994198596993,0.35649851629831475,0.7797752808988764
block,uncertainty_per_cost,9.999999999999999e-06,720,3.303523354775572,2.9869788451778727,3.6640057651352396,0.44027777777777777,0.08010631088416405,0.3354118346219568,0.8426966292134831
block,uncertainty_per_cost,1.333521432163324e-05,720,3.4017622375526737,3.0984822146065483,3.743808822673592,0.4152777777777778,0.0723317788765301,0.31432422535667176,0.8921348314606742
block,uncertainty_per_cost,1.778279410038923e-05,720,3.45012549447392,3.1304060160599025,3.785131904488051,0.4,0.06749718762620777,0.306617565927546,0.9348314606741573
block,uncertainty_per_cost,2.3713737056616554e-05,720,3.487609282150434,3.145898100862004,3.8206179579709896,0.3958333333333333,0.06572894876536274,0.3007987187872762,0.952808988764045
block,uncertainty_per_cost,3.1622776601683795e-05,720,3.522875361816442,3.2055731293468908,3.8463586273855412,0.39166666666666666,0.06366611668190687,0.29199958616088934,0.9707865168539326
block,uncertainty_per_cost,4.216965034285822e-05,720,3.5298278801128635,3.2183564047318804,3.853814759872845,0.3902777777777778,0.0628901949329051,0.28932448643173403,0.9797752808988764
block,uncertainty_per_cost,5.623413251903491e-05,720,3.534013258191348,3.2203444593228756,3.8582094068801136,0.3888888888888889,0.0625931011954675,0.2889512745803586,0.9865168539325843
block,uncertainty_per_cost,7.498942093324559e-05,720,3.5395688137469037,3.2250884862961913,3.86131373555715,0.3875,0.062281867412336774,0.28785384193453056,0.9887640449438202
block,uncertainty_per_cost,0.0001,720,3.539568813925742,3.2250884862961913,3.8613137358298784,0.3875,0.062193129074624424,0.28776789972758304,0.9910112359550561
block,uncertainty_per_cost,0.0001333521432163324,720,3.981804196516455,3.3124150824379135,5.068200538092307,0.3861111111111111,0.06190168357367612,0.28466203611925367,0.9932584269662922
block,uncertainty_per_cost,0.00017782794100389227,720,3.9819430854053444,3.31283174910458,5.068478315870084,0.3861111111111111,0.06155697667354664,0.2835797107220363,0.9932584269662922
block,uncertainty_per_cost,0.0002371373705661655,720,3.9819430854053444,3.31283174910458,5.068478315870084,0.3861111111111111,0.06155697667354664,0.2835797107220363,0.9932584269662922
block,uncertainty_per_cost,0.00031622776601683794,720,4.038062272430043,3.3415508447030473,5.124597502894783,0.38472222222222224,0.061245742890415907,0.2824822780762083,0.9955056179775281
block,uncertainty_per_cost,0.00042169650342858224,720,4.038062272430043,3.3415508447030473,5.124597502894783,0.38472222222222224,0.061245742890415907,0.2824822780762083,0.9955056179775281
block,uncertainty_per_cost,0.0005623413251903491,720,4.044311739974851,3.3454213137365,5.133975189745597,0.38333333333333336,0.06066033216700311,0.279985062530371,0.9977528089887641
block,uncertainty_per_cost,0.0007498942093324559,720,4.068679218021699,3.358091462705017,5.150097444528383,0.3819444444444444,0.060349098383872375,0.27888762988454296,1.0
block,uncertainty_per_cost,0.001,720,4.068679218021699,3.358091462705017,5.150097444528383,0.3819444444444444,0.060349098383872375,0.27888762988454296,1.0
block,uncertainty_per_cost,0.001333521432163324,720,4.068679218021699,3.358091462705017,5.150097444528383,0.3819444444444444,0.060349098383872375,0.27888762988454296,1.0
block,uncertainty_per_cost,0.0017782794100389228,720,4.068679218021699,3.358091462705017,5.150097444528383,0.3819444444444444,0.060349098383872375,0.27888762988454296,1.0
block,uncertainty_per_cost,0.0023713737056616554,720,4.068679218021699,3.358091462705017,5.150097444528383,0.3819444444444444,0.060349098383872375,0.27888762988454296,1.0
block,uncertainty_per_cost,0.0031622776601683794,720,4.068679218021699,3.358091462705017,5.150097444528383,0.3819444444444444,0.060349098383872375,0.27888762988454296,1.0
block,uncertainty_per_cost,0.004216965034285822,720,4.068679218021699,3.358091462705017,5.150097444528383,0.3819444444444444,0.060349098383872375,0.27888762988454296,1.0
block,uncertainty_per_cost,0.005623413251903491,720,4.068679218021699,3.358091462705017,5.150097444528383,0.3819444444444444,0.060349098383872375,0.27888762988454296,1.0
block,uncertainty_per_cost,0.007498942093324558,720,4.068679218021699,3.358091462705017,5.150097444528383,0.3819444444444444,0.060349098383872375,0.27888762988454296,1.0
block,uncertainty_per_cost,0.01,720,4.068679218021699,3.358091462705017,5.150097444528383,0.3819444444444444,0.060349098383872375,0.27888762988454296,1.0
block,fullstate_voc,0.0,720,1.5631444387357298,1.2785312777551867,1.8409957189808364,0.8125,0.6851786276347283,4.97731010243621,0.0
block,fullstate_voc,1e-08,720,1.5813634650335209,1.3035173358677299,1.8525541170930808,0.8083333333333333,0.6667692548238209,4.7826576645681,0.0
block,fullstate_voc,1.333521432163324e-08,720,1.5835292737414988,1.3078137583734546,1.8546889529267765,0.8069444444444445,0.6625969196564253,4.716421519922197,0.0
block,fullstate_voc,1.7782794100389228e-08,720,1.5946694819758598,1.3078137590767174,1.8729668121922884,0.8055555555555556,0.6569634080550887,4.694523089162592,0.0
block,fullstate_voc,2.371373705661655e-08,720,1.5946690798219,1.307813268538871,1.872966029870993,0.8055555555555556,0.6414363097302761,4.621075755336288,0.0
block,fullstate_voc,3.162277660168379e-08,720,1.6029777317252427,1.3210141531858612,1.8797297251379825,0.8027777777777778,0.5970395597214697,4.271263670313915,0.0
block,fullstate_voc,4.2169650342858225e-08,720,1.6161683131687812,1.3243549316365715,1.9052085288505087,0.8,0.5907513839684275,4.247680057612534,0.0
block,fullstate_voc,5.6234132519034905e-08,720,1.6161684402146383,1.3243546929252061,1.905208602530972,0.8,0.5853270394161225,4.193332036126412,0.0
block,fullstate_voc,7.498942093324559e-08,720,1.627536542002394,1.3436992511956092,1.9180129262407224,0.7986111111111112,0.5760263819333755,4.076360489134721,0.0
block,fullstate_voc,1e-07,720,1.6401252690163148,1.3549143536180295,1.9294758874828764,0.7972222222222223,0.5691336799229579,3.99816971190412,0.0
block,fullstate_voc,1.333521432163324e-07,720,1.6544747063724343,1.3715758020095172,1.950284965041152,0.7916666666666666,0.5535426421385069,3.768978674451359,0.0
block,fullstate_voc,1.7782794100389227e-07,720,1.6936218217918058,1.3982833436155995,1.9956274341775802,0.7819444444444444,0.5289265782263924,3.3973371829957513,0.0
block,fullstate_voc,2.3713737056616554e-07,720,1.7054746369889635,1.4139505717707999,2.0130935781131574,0.7763888888888889,0.5089685339254341,3.0459440986401,0.0
block,fullstate_voc,3.162277660168379e-07,720,1.7178965726293332,1.4279084215423818,2.0310120758257697,0.7708333333333334,0.4809283780836836,2.6167286035957558,0.0
block,fullstate_voc,4.2169650342858225e-07,720,1.7465754213162432,1.4430859246286185,2.0579314594049176,0.7638888888888888,0.4582220243944099,2.271109282095717,0.0
block,fullstate_voc,5.62341325190349e-07,720,1.7603496307194726,1.4639412573838453,2.0781649035455882,0.7569444444444444,0.445875112945684,2.1607881524776027,0.0
block,fullstate_voc,7.498942093324558e-07,720,1.7968510914439644,1.4904660621653203,2.1073578295882673,0.7444444444444445,0.40156896319968494,1.6223705788874112,0.0
block,fullstate_voc,1e-06,720,1.915221338649414,1.619961550870761,2.2079511646372483,0.7291666666666666,0.35268747956571844,1.5679242069556596,0.0
block,fullstate_voc,1.333521432163324e-06,720,2.1348454758428166,1.8230885590452905,2.459702452910482,0.6986111111111111,0.29053049722594565,1.4994376275263879,0.0
block,fullstate_voc,1.7782794100389227e-06,720,2.2310260552320327,1.910467573312239,2.555387993511828,0.6861111111111111,0.26417625286122964,1.4713421810139962,0.0
block,fullstate_voc,2.3713737056616552e-06,720,2.2358191477324505,1.9135505366243524,2.5588902993822082,0.6833333333333333,0.25493431113023957,1.4455650960792001,0.0
block,fullstate_voc,3.162277660168379e-06,720,2.2358191477324505,1.9135505366243524,2.5588902993822082,0.6833333333333333,0.253246302476295,1.4442304042957808,0.0
block,fullstate_voc,4.216965034285822e-06,720,2.2358191477324505,1.9135505366243524,2.5588902993822082,0.6833333333333333,0.25170155655748344,1.4430321476249244,0.0
block,fullstate_voc,5.623413251903491e-06,720,2.2358191477324505,1.9135505366243524,2.5588902993822082,0.6833333333333333,0.2516920611483616,1.4429759022638085,0.0
block,fullstate_voc,7.498942093324558e-06,720,2.2361883207842363,1.9140628745971382,2.5594509794611935,0.6833333333333333,0.24736958770480125,1.434629372497107,0.0
block,fullstate_voc,9.999999999999999e-06,720,2.2364513958361973,1.9142910472497467,2.5597431510334556,0.6833333333333333,0.2454578239232505,1.430105637277615,0.0
block,fullstate_voc,1.333521432163324e-05,720,2.303157836537595,1.9812058644346016,2.618886226369276,0.6763888888888889,0.23819272654963902,1.383412694892872,0.011235955056179775
block,fullstate_voc,1.778279410038923e-05,720,2.315855969116986,1.9923940822590067,2.6337752549982403,0.6708333333333333,0.22786984236323884,1.3565651189609425,0.011235955056179775
block,fullstate_voc,2.3713737056616554e-05,720,2.3472279469723105,2.0298626489135554,2.6793037326213422,0.6680555555555555,0.2176898774188161,1.3227820717094498,0.015730337078651686
block,fullstate_voc,3.1622776601683795e-05,720,2.52372240994118,2.179511058127267,2.874721645576396,0.6458333333333334,0.20160967894198562,1.2388943821359943,0.04943820224719101
block,fullstate_voc,4.216965034285822e-05,720,3.0753791209492465,2.3745831021437116,4.148093653131687,0.6236111111111111,0.19239347472814422,1.1023746154652043,0.09662921348314607
block,fullstate_voc,5.623413251903491e-05,720,3.1617485055155816,2.4677464423682745,4.258133482575715,0.6111111111111112,0.1763685961208479,0.9454380212901621,0.1550561797752809
block,fullstate_voc,7.498942093324559e-05,720,3.3829131781138524,2.682325552467219,4.506645938189207,0.5791666666666667,0.15625707740231806,0.701010966738785,0.2876404494382023
block,fullstate_voc,0.0001,720,3.7160646964983965,2.9908410426811365,4.806910452299623,0.5291666666666667,0.12165885981753156,0.3726965010554725,0.5213483146067416
block,fullstate_voc,0.0001333521432163324,720,3.7994722128002585,3.0903262325790664,4.893656081296842,0.4888888888888889,0.1013447578848472,0.32423326000120545,0.6921348314606741
block,fullstate_voc,0.00017782794100389227,720,3.821444703170529,3.111166767816878,4.9158111398390565,0.4777777777777778,0.09454766510712953,0.31550090245959334,0.748314606741573
block,fullstate_voc,0.0002371373705661655,720,3.8958094746759673,3.1891879872315108,4.972473100603423,0.45416666666666666,0.08175606737956162,0.3016950498345169,0.8247191011235955
block,fullstate_voc,0.00031622776601683794,720,3.991672240397957,3.292317065921987,5.058712234495608,0.4166666666666667,0.0673234336468299,0.28620223672200557,0.9370786516853933
block,fullstate_voc,0.00042169650342858224,720,4.055568948034104,3.3461825358033956,5.13475836763096,0.3875,0.0612736477870091,0.27982273853035117,0.9910112359550561
block,fullstate_voc,0.0005623413251903491,720,4.068679218021699,3.358091462705017,5.150097444528383,0.3819444444444444,0.060349098383872375,0.27888762988454296,1.0
block,fullstate_voc,0.0007498942093324559,720,4.068679218021699,3.358091462705017,5.150097444528383,0.3819444444444444,0.060349098383872375,0.27888762988454296,1.0
block,fullstate_voc,0.001,720,4.068679218021699,3.358091462705017,5.150097444528383,0.3819444444444444,0.060349098383872375,0.27888762988454296,1.0
block,fullstate_voc,0.001333521432163324,720,4.068679218021699,3.358091462705017,5.150097444528383,0.3819444444444444,0.060349098383872375,0.27888762988454296,1.0
block,fullstate_voc,0.0017782794100389228,720,4.068679218021699,3.358091462705017,5.150097444528383,0.3819444444444444,0.060349098383872375,0.27888762988454296,1.0
block,fullstate_voc,0.0023713737056616554,720,4.068679218021699,3.358091462705017,5.150097444528383,0.3819444444444444,0.060349098383872375,0.27888762988454296,1.0
block,fullstate_voc,0.0031622776601683794,720,4.068679218021699,3.358091462705017,5.150097444528383,0.3819444444444444,0.060349098383872375,0.27888762988454296,1.0
block,fullstate_voc,0.004216965034285822,720,4.068679218021699,3.358091462705017,5.150097444528383,0.3819444444444444,0.060349098383872375,0.27888762988454296,1.0
block,fullstate_voc,0.005623413251903491,720,4.068679218021699,3.358091462705017,5.150097444528383,0.3819444444444444,0.060349098383872375,0.27888762988454296,1.0
block,fullstate_voc,0.007498942093324558,720,4.068679218021699,3.358091462705017,5.150097444528383,0.3819444444444444,0.060349098383872375,0.27888762988454296,1.0
block,fullstate_voc,0.01,720,4.068679218021699,3.358091462705017,5.150097444528383,0.3819444444444444,0.060349098383872375,0.27888762988454296,1.0
block,voc,0.0,720,0.02720509752185415,0.00957209639561335,0.04672426429908957,0.9944444444444445,0.7244687976634523,4.336411549916314,0.0
block,hybrid,0.0,720,2.2064028425172655,1.8996030725721922,2.5104205694313744,0.6541666666666667,0.24660110840800648,1.5365951162929579,0.07865168539325842
block,voc,1e-08,720,0.028410194046702683,0.010276346707290957,0.048313219481230296,0.9944444444444445,0.6671008900189892,3.6144360500691417,0.0
block,hybrid,1e-08,720,2.2064028425172655,1.8996030725721922,2.5104205694313744,0.6541666666666667,0.24601634237190295,1.528159189005459,0.07865168539325842
block,voc,1.333521432163324e-08,720,0.02856081854780229,0.010390920787349434,0.048448928086295154,0.9944444444444445,0.6506737981481504,3.3734494754871776,0.0
block,hybrid,1.333521432163324e-08,720,2.2064028425172655,1.8996030725721922,2.5104205694313744,0.6541666666666667,0.2458565986076035,1.5257528953124064,0.07865168539325842
block,voc,1.7782794100389228e-08,720,0.030744207632266995,0.01249212126425017,0.05230549562288839,0.9930555555555556,0.6335625198098607,3.1358647863289053,0.0
block,hybrid,1.7782794100389228e-08,720,2.2064028425172655,1.8996030725721922,2.5104205694313744,0.6541666666666667,0.24561037401931707,1.52199663702213,0.07865168539325842
block,voc,2.371373705661655e-08,720,0.030934078004663038,0.012780519146301518,0.052392891645880936,0.9930555555555556,0.6213679243727812,2.929057607151147,0.0
block,hybrid,2.371373705661655e-08,720,2.2064028425172655,1.8996030725721922,2.5104205694313744,0.6541666666666667,0.2450187791397749,1.5123672152554415,0.07865168539325842
block,voc,3.162277660168379e-08,720,0.031003531878137293,0.012860609335386849,0.05245888409955999,0.9930555555555556,0.6051363672456197,2.7499297938442697,0.0
block,hybrid,3.162277660168379e-08,720,2.2064028425172655,1.8996030725721922,2.5104205694313744,0.6541666666666667,0.2430715998761052,1.4916872263623897,0.07865168539325842
block,voc,4.2169650342858225e-08,720,0.03105061866576424,0.012860571174727565,0.05250831829260571,0.9930555555555556,0.5939659220745311,2.655800777884593,0.0
block,hybrid,4.2169650342858225e-08,720,2.2064027883728006,1.8996029961616527,2.510420543349328,0.6541666666666667,0.24064439669377966,1.4691383302985337,0.07865168539325842
block,voc,5.6234132519034905e-08,720,0.031437768064278566,0.013372309314709117,0.05288081731172284,0.9930555555555556,0.5776283246740129,2.5370823818359085,0.0
block,hybrid,5.6234132519034905e-08,720,2.2064027883728006,1.8996029961616527,2.510420543349328,0.6541666666666667,0.23854390479499862,1.450208496330409,0.07865168539325842
block,voc,7.498942093324559e-08,720,0.03747414507921338,0.015526296410824758,0.06386565881572849,0.9916666666666667,0.5621063219368415,2.449354664378946,0.0
block,hybrid,7.498942093324559e-08,720,2.206402785332964,1.8996029900535032,2.5104205433778044,0.6541666666666667,0.23529551153437814,1.4400283002373422,0.08089887640449438
block,voc,1e-07,720,0.04076225267135478,0.018321748751747653,0.06735872659126108,0.9902777777777778,0.5384378407407981,2.3764869874040113,0.0
block,hybrid,1e-07,720,2.206402780617307,1.8996029816977928,2.5104205358770955,0.6541666666666667,0.2340858084758717,1.4348208033123633,0.08089887640449438
block,voc,1.333521432163324e-07,720,0.04389685603085986,0.020737077680383274,0.07181219816220713,0.9888888888888889,0.5184799175514115,2.299818974848454,0.0
block,hybrid,1.333521432163324e-07,720,2.206402784011723,1.899602991312509,2.5104205381820472,0.6541666666666667,0.23131935646120996,1.427869921519323,0.08314606741573034
block,voc,1.7782794100389227e-07,720,0.07364565399733951,0.04206819188477193,0.11082973314669431,0.9777777777777777,0.4938332818011315,2.1009472117387706,0.0
block,hybrid,1.7782794100389227e-07,720,2.206402784011723,1.899602991312509,2.5104205381820472,0.6541666666666667,0.22979912476455702,1.4230635396054216,0.08314606741573034
block,voc,2.3713737056616554e-07,720,0.07874923173844589,0.04735197802126415,0.11474667028695046,0.975,0.470644536432686,2.0047030386901596,0.0
block,hybrid,2.3713737056616554e-07,720,2.2064027917318487,1.8996029953347062,2.5104205538312705,0.6541666666666667,0.22483384584133728,1.4067631186109792,0.11910112359550562
block,voc,3.162277660168379e-07,720,0.10845388939911951,0.07316574362347562,0.15484971492584051,0.9652777777777778,0.4406163043678436,1.8331227880123455,0.0
block,hybrid,3.162277660168379e-07,720,2.2064027528658037,1.8996029786515556,2.5104204889432213,0.6541666666666667,0.2169752614814869,1.3844980419303385,0.20898876404494382
block,voc,4.2169650342858225e-07,720,0.11285236679546312,0.0752132538391937,0.1572607838589668,0.9625,0.41793299110013,1.7378661321192945,0.0
block,hybrid,4.2169650342858225e-07,720,2.20640265902445,1.8996029590087755,2.510420364577401,0.6541666666666667,0.2130227731024397,1.37940723465395,0.24943820224719102
block,voc,5.62341325190349e-07,720,0.1128524777831921,0.07521339577575509,0.15726088875888136,0.9625,0.4047311037771263,1.7033555530664872,0.0
block,hybrid,5.62341325190349e-07,720,2.2064026757064408,1.8996029765642088,2.510420373202234,0.6541666666666667,0.20827279231077533,1.3706599004483804,0.2651685393258427
block,voc,7.498942093324558e-07,720,0.11285250773102684,0.07521343149228536,0.1572609139172084,0.9625,0.39953088379600354,1.6920568400081113,0.0
block,hybrid,7.498942093324558e-07,720,2.206402679716565,1.8996029804421517,2.510420383690997,0.6541666666666667,0.2066185496269274,1.368027855748379,0.26741573033707866
block,voc,1e-06,720,0.11285250857886116,0.0752134288688497,0.1572609113826435,0.9625,0.39134275021394765,1.6792249195567719,0.0
block,hybrid,1e-06,720,2.2064026739242686,1.8996029581343206,2.5104203798071785,0.6541666666666667,0.19882065744266864,1.3575819079331268,0.3235955056179775
block,voc,1.333521432163324e-06,720,0.11291108192279538,0.07529983171283938,0.15729165166316592,0.9625,0.3829922861161604,1.660033320460904,0.0
block,hybrid,1.333521432163324e-06,720,2.2064612589475967,1.8996307824812575,2.51048189313479,0.6541666666666667,0.19155043373818353,1.3410626229761773,0.36404494382022473
block,voc,1.7782794100389227e-06,720,0.11588235559500126,0.07941573597060345,0.16217284184662478,0.9611111111111111,0.37667463425638936,1.640071027348323,0.0
block,hybrid,1.7782794100389227e-06,720,2.206522127281351,1.8997804472970699,2.510518023079008,0.6541666666666667,0.18620111037701056,1.326140079633074,0.3887640449438202
block,voc,2.3713737056616552e-06,720,0.11757169602217095,0.08100480409160832,0.16389614458855278,0.9611111111111111,0.36928336707593007,1.6034494224121973,0.0
block,hybrid,2.3713737056616552e-06,720,2.208211417393146,1.901534957901149,2.5120845896170674,0.6541666666666667,0.17903888265618925,1.2910661007649955,0.42247191011235957
block,voc,3.162277660168379e-06,720,0.12340296434486561,0.08572580955208269,0.17009593435173054,0.9611111111111111,0.3627016790135114,1.5333615671205532,0.0
block,hybrid,3.162277660168379e-06,720,2.214042684015503,1.9062022828632894,2.5147012342791437,0.6541666666666667,0.1722614963606596,1.2212905569580976,0.4404494382022472
block,voc,4.216965034285822e-06,720,0.12952020246138093,0.09101884492294673,0.17523944788360496,0.9611111111111111,0.3563838575700196,1.4817384487413416,0.0
block,hybrid,4.216965034285822e-06,720,2.220159932920391,1.9101890785186701,2.519930360900792,0.6541666666666667,0.1661875491590557,1.1706882322858292,0.46292134831460674
block,voc,5.623413251903491e-06,720,0.14833578183937973,0.11139981398775835,0.1938497042952488,0.9583333333333334,0.3492243787619737,1.3770947012649837,0.0044943820224719105
block,hybrid,5.623413251903491e-06,720,2.238975517085855,1.928148214463978,2.5391499042925907,0.6513888888888889,0.15827079310081796,1.065350498594186,0.49213483146067416
block,voc,7.498942093324558e-06,720,0.19349312925916257,0.15347744070348088,0.2392164787059787,0.9416666666666667,0.3378565912534006,1.2127718617857883,0.03146067415730337
block,hybrid,7.498942093324558e-06,720,2.2841328733931174,1.9708889619262244,2.585279142888665,0.6347222222222222,0.1466905226036223,0.9008731278941418,0.5280898876404494
block,voc,9.999999999999999e-06,720,0.23689816584741472,0.19562171780251797,0.2899844825071584,0.9236111111111112,0.3225057541697518,1.118737687981684,0.060674157303370786
block,hybrid,9.999999999999999e-06,720,2.3050588847635964,2.0011616980697835,2.6018562037318165,0.6263888888888889,0.14171991135050185,0.8348638081177544,0.5415730337078651
block,voc,1.333521432163324e-05,720,0.3212736380914922,0.2666962382445903,0.39538913960635025,0.8958333333333334,0.30895806908597934,1.0286095185205542,0.10561797752808989
block,hybrid,1.333521432163324e-05,720,2.3414793283418227,2.039360440192828,2.6444180415778358,0.6097222222222223,0.1362805784222078,0.7632099552024758,0.5685393258426966
block,voc,1.778279410038923e-05,720,0.7098973675400606,0.5786203239759052,0.8579649481034775,0.8111111111111111,0.2578737194383358,0.8379932094496729,0.24269662921348314
block,hybrid,1.778279410038923e-05,720,2.431689540775714,2.130873170622127,2.744211880218943,0.5777777777777777,0.12590813682974603,0.6535716774524291,0.6202247191011236
block,voc,2.3713737056616554e-05,720,0.9649200304512694,0.8080598364128111,1.1206890849754472,0.7569444444444444,0.22063311152690146,0.7193616117385824,0.3303370786516854
block,hybrid,2.3713737056616554e-05,720,2.496872315156821,2.198995743059447,2.809326998465482,0.5583333333333333,0.11826929217320634,0.580442627603841,0.651685393258427
block,voc,3.1622776601683795e-05,720,1.5327142263979636,1.3099008629529219,1.789858208370999,0.6847222222222222,0.1821185455047516,0.6244822311219448,0.44719101123595506
block,hybrid,3.1622776601683795e-05,720,2.6250376035358656,2.3213578834857773,2.9225798022563407,0.5361111111111111,0.10978748113911516,0.5252284904510917,0.6876404494382022
block,voc,4.216965034285822e-05,720,2.3160769460480615,2.0141585520815406,2.6297971643425226,0.6138888888888889,0.14316641393303986,0.5512554998400143,0.5617977528089888
block,hybrid,4.216965034285822e-05,720,2.7294193317650346,2.4080181285907236,3.0613552291331803,0.5263888888888889,0.1065219807326764,0.4986214642677522,0.7056179775280899
block,voc,5.623413251903491e-05,720,2.685007279685284,2.3887086031147984,3.037237515773243,0.5777777777777777,0.12264951594470443,0.48632174962888003,0.6292134831460674
block,hybrid,5.623413251903491e-05,720,2.8530035315087585,2.545637670809028,3.1944303867624915,0.5125,0.10042396452054166,0.45581294102608405,0.7370786516853932
block,voc,7.498942093324559e-05,720,2.874672914009443,2.5407230998070154,3.2152483906331537,0.5597222222222222,0.11025230425149218,0.4241253427274791,0.6786516853932584
block,hybrid,7.498942093324559e-05,720,2.9779494616051085,2.649963879783753,3.308072107429466,0.5083333333333333,0.0959056053013615,0.40783835070247326,0.7617977528089888
block,voc,0.0001,720,3.1153740794042752,2.773496822756441,3.490245150017433,0.5416666666666666,0.0982729916434535,0.3407640037510848,0.7393258426966293
block,hybrid,0.0001,720,3.1928128883940023,2.846872859223882,3.552083618213721,0.4986111111111111,0.08843185098099486,0.3298797944955267,0.8089887640449438
block,voc,0.0001333521432163324,720,3.2118337037963163,2.898651164623343,3.564989645129523,0.5333333333333333,0.08954730831970346,0.32000191763581826,0.755056179775281
block,hybrid,0.0001333521432163324,720,3.2727175155777797,2.9564376076255288,3.618292911512218,0.4930555555555556,0.08222189167414952,0.3119852206761001,0.8202247191011236
block,voc,0.00017782794100389227,720,3.2960206275985033,2.972411358511765,3.6380410201935676,0.5055555555555555,0.08039318019309809,0.3059028071247566,0.8
block,hybrid,0.00017782794100389227,720,3.330153358065025,3.0037254701466183,3.669351188795407,0.48333333333333334,0.07666580637319734,0.3017580271191946,0.8359550561797753
block,voc,0.0002371373705661655,720,3.349474861862114,3.0165748848150686,3.6916132539289754,0.4736111111111111,0.07414364089126518,0.29928698500809536,0.851685393258427
block,hybrid,0.0002371373705661655,720,3.3540025462733194,3.0223083371079698,3.691869825817241,0.4708333333333333,0.07378158000244986,0.29882641822752903,0.8561797752808988
block,voc,0.00031622776601683794,720,3.411016249998814,3.101570700766917,3.741531213050995,0.44027777777777777,0.06931498382267148,0.2942444951622747,0.9056179775280899
block,hybrid,0.00031622776601683794,720,3.411016249998814,3.101570700766917,3.741531213050995,0.44027777777777777,0.06931498382267148,0.2942444951622747,0.9056179775280899
block,voc,0.00042169650342858224,720,3.932015925463297,3.261811551724725,5.031035968391789,0.40555555555555556,0.06417895770037742,0.2862283549317403,0.9617977528089887
block,hybrid,0.00042169650342858224,720,3.932015925463297,3.261811551724725,5.031035968391789,0.40555555555555556,0.06417895770037742,0.2862283549317403,0.9617977528089887
block,voc,0.0005623413251903491,720,4.034300750128579,3.3415508447030473,5.124597502894783,0.3861111111111111,0.06140616484394131,0.28263066992897923,0.9932584269662922
block,hybrid,0.0005623413251903491,720,4.034300750128579,3.3415508447030473,5.124597502894783,0.3861111111111111,0.06140616484394131,0.28263066992897923,0.9932584269662922
block,voc,0.0007498942093324559,720,4.038340050207821,3.342370289147492,5.125166947339228,0.38472222222222224,0.06095722119535837,0.2813731086970418,0.9955056179775281
block,hybrid,0.0007498942093324559,720,4.038340050207821,3.342370289147492,5.125166947339228,0.38472222222222224,0.06095722119535837,0.2813731086970418,0.9955056179775281
block,voc,0.001,720,4.044311739974851,3.3454213137365,5.133975189745597,0.38333333333333336,0.06066033216700311,0.279985062530371,0.9977528089887641
block,hybrid,0.001,720,4.044311739974851,3.3454213137365,5.133975189745597,0.38333333333333336,0.06066033216700311,0.279985062530371,0.9977528089887641
block,voc,0.001333521432163324,720,4.044311739974851,3.3454213137365,5.133975189745597,0.38333333333333336,0.06066033216700311,0.279985062530371,0.9977528089887641
block,hybrid,0.001333521432163324,720,4.044311739974851,3.3454213137365,5.133975189745597,0.38333333333333336,0.06066033216700311,0.279985062530371,0.9977528089887641
block,voc,0.0017782794100389228,720,4.068679218021699,3.358091462705017,5.150097444528383,0.3819444444444444,0.060349098383872375,0.27888762988454296,1.0
block,hybrid,0.0017782794100389228,720,4.068679218021699,3.358091462705017,5.150097444528383,0.3819444444444444,0.060349098383872375,0.27888762988454296,1.0
block,voc,0.0023713737056616554,720,4.068679218021699,3.358091462705017,5.150097444528383,0.3819444444444444,0.060349098383872375,0.27888762988454296,1.0
block,hybrid,0.0023713737056616554,720,4.068679218021699,3.358091462705017,5.150097444528383,0.3819444444444444,0.060349098383872375,0.27888762988454296,1.0
block,voc,0.0031622776601683794,720,4.068679218021699,3.358091462705017,5.150097444528383,0.3819444444444444,0.060349098383872375,0.27888762988454296,1.0
block,hybrid,0.0031622776601683794,720,4.068679218021699,3.358091462705017,5.150097444528383,0.3819444444444444,0.060349098383872375,0.27888762988454296,1.0
block,voc,0.004216965034285822,720,4.068679218021699,3.358091462705017,5.150097444528383,0.3819444444444444,0.060349098383872375,0.27888762988454296,1.0
block,hybrid,0.004216965034285822,720,4.068679218021699,3.358091462705017,5.150097444528383,0.3819444444444444,0.060349098383872375,0.27888762988454296,1.0
block,voc,0.005623413251903491,720,4.068679218021699,3.358091462705017,5.150097444528383,0.3819444444444444,0.060349098383872375,0.27888762988454296,1.0
block,hybrid,0.005623413251903491,720,4.068679218021699,3.358091462705017,5.150097444528383,0.3819444444444444,0.060349098383872375,0.27888762988454296,1.0
block,voc,0.007498942093324558,720,4.068679218021699,3.358091462705017,5.150097444528383,0.3819444444444444,0.060349098383872375,0.27888762988454296,1.0
block,hybrid,0.007498942093324558,720,4.068679218021699,3.358091462705017,5.150097444528383,0.3819444444444444,0.060349098383872375,0.27888762988454296,1.0
block,voc,0.01,720,4.068679218021699,3.358091462705017,5.150097444528383,0.3819444444444444,0.060349098383872375,0.27888762988454296,1.0
block,hybrid,0.01,720,4.068679218021699,3.358091462705017,5.150097444528383,0.3819444444444444,0.060349098383872375,0.27888762988454296,1.0
block,hardlabel,0.01,720,0.00881096062290031,0.005238773648723242,0.013779755897369992,0.9986111111111111,0.4831271224647365,2.5511632955191192,0.0
block,hardlabel,0.020000000000000004,720,0.01581631994050741,0.010395690577098078,0.021634824545831828,0.9986111111111111,0.4327951107178919,2.257628294224742,0.0
block,hardlabel,0.030000000000000006,720,0.02433268005358279,0.017825478891316388,0.03128269235281352,0.9986111111111111,0.4079941950458972,2.1418243954330642,0.0
block,hardlabel,0.04000000000000001,720,0.032672243921474685,0.024400537074783145,0.04149468688259869,0.9986111111111111,0.38627258424277344,2.1013815219608456,0.0
block,hardlabel,0.05000000000000001,720,0.039781130312280984,0.030375421465050893,0.04890977639549518,0.9986111111111111,0.38298999880244444,2.0790839481733503,0.0
block,hardlabel,0.06000000000000001,720,0.04707625896869813,0.035095991914432946,0.05842367775755622,0.9972222222222222,0.37904950048685226,2.0485328374247427,0.0
block,hardlabel,0.07,720,0.05287001501381003,0.039459261360478184,0.06591067906176658,0.9972222222222222,0.3750020326719739,1.9919702429150372,0.0
block,hardlabel,0.08,720,0.058461508312590296,0.04513599727674187,0.07131896762773321,0.9958333333333333,0.3732691718047767,1.9753711811233694,0.0
block,hardlabel,0.09000000000000001,720,0.07000754135612618,0.05245745958614436,0.08763975428965319,0.9930555555555556,0.37012592725157845,1.931619305438643,0.0
block,hardlabel,0.1,720,0.07422139476469806,0.05698752531619038,0.0916871603588642,0.9930555555555556,0.36747012259801975,1.893982669951159,0.0
block,hardlabel,0.15,720,0.10860246277109445,0.08430139756806337,0.1348644547683204,0.9819444444444444,0.3559938378530102,1.7713534709623067,0.006741573033707865
block,hardlabel,0.19999999999999998,720,0.20662954992278856,0.11578959392770376,0.32652991171605694,0.975,0.3500228637070098,1.71071296795814,0.01348314606741573
block,hardlabel,0.25,720,0.43755475855471754,0.29515018425514955,0.627688558742278,0.9486111111111111,0.33247207283104113,1.55094917714424,0.04719101123595506
block,hardlabel,0.3,720,0.649027197457502,0.4748814221411123,0.8546582343516664,0.9236111111111112,0.31431050176038594,1.4534184209816885,0.08314606741573034
block,hardlabel,0.35,720,0.6728050927861383,0.5020304300149567,0.8808049652674258,0.9152777777777777,0.3087298634575255,1.397286090951113,0.09662921348314607
block,hardlabel,0.39999999999999997,720,0.7094339358913165,0.5352867691768449,0.9110484448177495,0.9055555555555556,0.30462313389858947,1.3539502175441562,0.1101123595505618
block,hardlabel,0.44999999999999996,720,0.801065818138778,0.6154898583338875,1.0216317582688534,0.8972222222222223,0.29624606438013573,1.3141458413969505,0.1258426966292135
block,hardlabel,0.5,720,0.8797392730521377,0.6789802566483853,1.129163799878255,0.8819444444444444,0.27849591101376625,1.2676332864289077,0.15056179775280898
block,hardlabel,0.5499999999999999,720,1.0732344659669926,0.8603854576257389,1.3135981836168769,0.8388888888888889,0.253704098985132,1.1504288937205376,0.21348314606741572
block,hardlabel,0.6,720,1.273976868148161,1.0573403132152492,1.5606545475228701,0.8111111111111111,0.23780140164907745,1.0906883171983281,0.25617977528089886
block,hardlabel,0.6499999999999999,720,1.524342266878154,1.288581389505349,1.7767577223616104,0.7791666666666667,0.21806158637952291,1.04161479523305,0.3056179775280899
block,hardlabel,0.7,720,2.159900823367665,1.8404293619596654,2.4687960620963416,0.7111111111111111,0.1733806751138744,0.9409799067859138,0.4157303370786517
block,hardlabel,0.75,720,2.3310151142966413,2.0014812433880826,2.6422771479209217,0.6805555555555556,0.15559005719187696,0.8973415944317316,0.4651685393258427
block,hardlabel,0.7999999999999999,720,2.974634359017822,2.250169052078275,4.037618414552619,0.6375,0.13301855482106642,0.8130855619901013,0.5325842696629214
block,hardlabel,0.85,720,3.182177473777036,2.468124199933613,4.222832273672376,0.5652777777777778,0.1082003012911718,0.6331359512957129,0.647191011235955
block,hardlabel,0.8999999999999999,720,3.4664434135854063,2.7594228394803157,4.520536197186022,0.48055555555555557,0.08450526594236352,0.5376289494359602,0.7865168539325843
block,hardlabel,0.95,720,3.6376004055597297,2.9194012864552823,4.683220288329058,0.41388888888888886,0.07281041338755594,0.4566393640387408,0.8898876404494382
block,voc_seq,0.0,720,0.002194902389861847,0.0015372647185483883,0.0031804617889276653,1.0,1.4529171572350448,8.048966177051343,0.0
block,voc_seq,1e-08,720,0.0025420833205921883,0.001878973497078107,0.0035093336731923347,1.0,1.396436945831891,7.228283738308255,0.0
block,voc_seq,1.333521432163324e-08,720,0.002706937827624606,0.002048646044075348,0.003679922809003252,1.0,1.3618070466136694,6.866296008815192,0.0
block,voc_seq,1.7782794100389228e-08,720,0.003387489241343193,0.0022004061381725015,0.005149168095641564,1.0,1.3201335089479531,6.292055517584615,0.0
block,voc_seq,2.371373705661655e-08,720,0.0036267375751323425,0.002387075484201766,0.005382921241321795,1.0,1.2914818570493525,5.852901386667943,0.0
block,voc_seq,3.162277660168379e-08,720,0.0037614012646126644,0.0024887164945471313,0.0055511434966012616,1.0,1.2658386634990917,5.58621097742208,0.0
block,voc_seq,4.2169650342858225e-08,720,0.003992003163071127,0.002650471637025042,0.005734984732434607,1.0,1.2272090411066803,5.146781122969272,0.0
block,voc_seq,5.6234132519034905e-08,720,0.004061413386930144,0.002719836732770078,0.0058408496446816765,1.0,1.1926120321158369,4.872702441466512,0.0
block,voc_seq,7.498942093324559e-08,720,0.004200122878171322,0.0028223716102739028,0.006026228229362478,1.0,1.1688200428461732,4.689522558744304,0.0
block,voc_seq,1e-07,720,0.0042695382051997,0.002879129937714944,0.006084076716884937,1.0,1.1353399197946887,4.486473905834625,0.0
block,voc_seq,1.333521432163324e-07,720,0.004269550975211892,0.002879126827009558,0.006084083104268002,1.0,1.0997305605773597,4.399789261804047,0.0
block,voc_seq,1.7782794100389227e-07,720,0.007300612709211333,0.0033268631706994877,0.014937495191509328,0.9986111111111111,1.0602891954667515,4.276656284472169,0.0
block,voc_seq,2.3713737056616554e-07,720,0.0073006193486700914,0.0033268720816534993,0.014937497152040779,0.9986111111111111,0.9994016694056166,3.9636296738804857,0.0
block,voc_seq,3.162277660168379e-07,720,0.0160145668227056,0.0041410569278798656,0.0309689496709504,0.9958333333333333,0.9011416840860846,3.5648949309402473,0.0
block,voc_seq,4.2169650342858225e-07,720,0.021161657891120716,0.00862455492250585,0.035930210859182514,0.9944444444444445,0.7903985700352948,3.0886206108304175,0.0
block,voc_seq,5.62341325190349e-07,720,0.050981086758909507,0.02853100317629513,0.07933351211115067,0.9847222222222223,0.7123202721239851,2.7141314883178285,0.0
block,voc_seq,7.498942093324558e-07,720,0.06932983235236026,0.04010502211889223,0.10699875050248998,0.9805555555555555,0.6717193323290611,2.449607977496948,0.0
block,voc_seq,1e-06,720,0.08559538959841384,0.05518604794944832,0.12309972106267109,0.9722222222222222,0.6092306292426041,2.183021223708096,0.0
block,voc_seq,1.333521432163324e-06,720,0.11026787710049829,0.07355586756746828,0.1562426476676487,0.9638888888888889,0.5511447988893126,1.9322091991205121,0.0
block,voc_seq,1.7782794100389227e-06,720,0.11069364864612384,0.07392078461378182,0.15644696707277259,0.9638888888888889,0.5109383823115033,1.8422312893663326,0.0
block,voc_seq,2.3713737056616552e-06,720,0.11238298907329351,0.0756142156099918,0.15918465087540218,0.9638888888888889,0.47538675097572847,1.7578399174079802,0.0
block,voc_seq,3.162277660168379e-06,720,0.12112466770205184,0.08386513519874009,0.16915702401630753,0.9625,0.45033684099056703,1.6543387338732727,0.0
block,voc_seq,4.216965034285822e-06,720,0.12952020246138093,0.09101884492294673,0.17523944788360496,0.9611111111111111,0.42724669597424936,1.579339030753858,0.0
block,voc_seq,5.623413251903491e-06,720,0.14833578183937973,0.11139981398775835,0.1938497042952488,0.9583333333333334,0.39847483343394413,1.4436143315761,0.0044943820224719105
block,voc_seq,7.498942093324558e-06,720,0.19349312925916257,0.15347744070348088,0.2392164787059787,0.9416666666666667,0.36059936865466174,1.2436758178816592,0.03146067415730337
block,voc_seq,9.999999999999999e-06,720,0.23689816584741472,0.19562171780251797,0.2899844825071584,0.9236111111111112,0.32793280050249135,1.1264696139094668,0.060674157303370786
block,voc_seq,1.333521432163324e-05,720,0.3212736380914922,0.2666962382445903,0.39538913960635025,0.8958333333333334,0.3106796272108825,1.0303407674774967,0.10561797752808989
block,voc_seq,1.778279410038923e-05,720,0.7098973675400606,0.5786203239759052,0.8579649481034775,0.8111111111111111,0.2595952775632389,0.8397244584066155,0.24269662921348314
block,voc_seq,2.3713737056616554e-05,720,0.9649200304512694,0.8080598364128111,1.1206890849754472,0.7569444444444444,0.22121819871626475,0.7198837795913581,0.3303370786516854
block,voc_seq,3.1622776601683795e-05,720,1.5327142263979636,1.3099008629529219,1.789858208370999,0.6847222222222222,0.18219892878278038,0.62455378388029,0.44719101123595506
block,voc_seq,4.216965034285822e-05,720,2.3160769460480615,2.0141585520815406,2.6297971643425226,0.6138888888888889,0.14316641393303986,0.5512554998400143,0.5617977528089888
block,voc_seq,5.623413251903491e-05,720,2.685007279685284,2.3887086031147984,3.037237515773243,0.5777777777777777,0.12264951594470443,0.48632174962888003,0.6292134831460674
block,voc_seq,7.498942093324559e-05,720,2.874672914009443,2.5407230998070154,3.2152483906331537,0.5597222222222222,0.11025230425149218,0.4241253427274791,0.6786516853932584
block,voc_seq,0.0001,720,3.1153740794042752,2.773496822756441,3.490245150017433,0.5416666666666666,0.0982729916434535,0.3407640037510848,0.7393258426966293
block,voc_seq,0.0001333521432163324,720,3.2118337037963163,2.898651164623343,3.564989645129523,0.5333333333333333,0.08954730831970346,0.32000191763581826,0.755056179775281
block,voc_seq,0.00017782794100389227,720,3.2960206275985033,2.972411358511765,3.6380410201935676,0.5055555555555555,0.08039318019309809,0.3059028071247566,0.8
block,voc_seq,0.0002371373705661655,720,3.349474861862114,3.0165748848150686,3.6916132539289754,0.4736111111111111,0.07414364089126518,0.29928698500809536,0.851685393258427
block,voc_seq,0.00031622776601683794,720,3.411016249998814,3.101570700766917,3.741531213050995,0.44027777777777777,0.06931498382267148,0.2942444951622747,0.9056179775280899
block,voc_seq,0.00042169650342858224,720,3.932015925463297,3.261811551724725,5.031035968391789,0.40555555555555556,0.06417895770037742,0.2862283549317403,0.9617977528089887
block,voc_seq,0.0005623413251903491,720,4.034300750128579,3.3415508447030473,5.124597502894783,0.3861111111111111,0.06140616484394131,0.28263066992897923,0.9932584269662922
block,voc_seq,0.0007498942093324559,720,4.038340050207821,3.342370289147492,5.125166947339228,0.38472222222222224,0.06095722119535837,0.2813731086970418,0.9955056179775281
block,voc_seq,0.001,720,4.044311739974851,3.3454213137365,5.133975189745597,0.38333333333333336,0.06066033216700311,0.279985062530371,0.9977528089887641
block,voc_seq,0.001333521432163324,720,4.044311739974851,3.3454213137365,5.133975189745597,0.38333333333333336,0.06066033216700311,0.279985062530371,0.9977528089887641
block,voc_seq,0.0017782794100389228,720,4.068679218021699,3.358091462705017,5.150097444528383,0.3819444444444444,0.060349098383872375,0.27888762988454296,1.0
block,voc_seq,0.0023713737056616554,720,4.068679218021699,3.358091462705017,5.150097444528383,0.3819444444444444,0.060349098383872375,0.27888762988454296,1.0
block,voc_seq,0.0031622776601683794,720,4.068679218021699,3.358091462705017,5.150097444528383,0.3819444444444444,0.060349098383872375,0.27888762988454296,1.0
block,voc_seq,0.004216965034285822,720,4.068679218021699,3.358091462705017,5.150097444528383,0.3819444444444444,0.060349098383872375,0.27888762988454296,1.0
block,voc_seq,0.005623413251903491,720,4.068679218021699,3.358091462705017,5.150097444528383,0.3819444444444444,0.060349098383872375,0.27888762988454296,1.0
block,voc_seq,0.007498942093324558,720,4.068679218021699,3.358091462705017,5.150097444528383,0.3819444444444444,0.060349098383872375,0.27888762988454296,1.0
block,voc_seq,0.01,720,4.068679218021699,3.358091462705017,5.150097444528383,0.3819444444444444,0.060349098383872375,0.27888762988454296,1.0
block,hybrid_seq,0.0,720,2.2064028574847168,1.8996030907185208,2.5104205794765297,0.6541666666666667,0.3760731093402653,2.5961097518665763,0.07865168539325842
block,hybrid_seq,1e-08,720,2.2064028574847168,1.8996030907185208,2.5104205794765297,0.6541666666666667,0.372215358735881,2.538462838080462,0.07865168539325842
block,hybrid_seq,1.333521432163324e-08,720,2.2064028574847168,1.8996030907185208,2.5104205794765297,0.6541666666666667,0.37145480688044313,2.528390795812437,0.07865168539325842
block,hybrid_seq,1.7782794100389228e-08,720,2.2064028574847168,1.8996030907185208,2.5104205794765297,0.6541666666666667,0.36897580594129253,2.4860650219776894,0.07865168539325842
block,hybrid_seq,2.371373705661655e-08,720,2.2064028574847168,1.8996030907185208,2.5104205794765297,0.6541666666666667,0.366793700075482,2.4472188688499044,0.07865168539325842
block,hybrid_seq,3.162277660168379e-08,720,2.2064028574847168,1.8996030907185208,2.5104205794765297,0.6541666666666667,0.35957948096086323,2.3279645437262237,0.07865168539325842
block,hybrid_seq,4.2169650342858225e-08,720,2.2064028081614264,1.8996030191291564,2.5104205559255997,0.6541666666666667,0.3461213719424248,2.1336113922456104,0.07865168539325842
block,hybrid_seq,5.6234132519034905e-08,720,2.2064027894493776,1.8996029977496038,2.510420543914531,0.6541666666666667,0.3330209023938779,1.987790741488637,0.07865168539325842
block,hybrid_seq,7.498942093324559e-08,720,2.2064027904148853,1.8996029977496038,2.510420545845546,0.6541666666666667,0.3234687515667405,1.8908634502011208,0.08089887640449438
block,hybrid_seq,1e-07,720,2.206402785699228,1.8996029893938935,2.510420538344837,0.6541666666666667,0.31964703408928025,1.8434169868289245,0.08089887640449438
block,hybrid_seq,1.333521432163324e-07,720,2.2064027909480113,1.8996029990086096,2.510420544358523,0.6541666666666667,0.31439890698677164,1.808978135396986,0.08314606741573034
block,hybrid_seq,1.7782794100389227e-07,720,2.206402789093644,1.8996029990086096,2.510420540649789,0.6541666666666667,0.3090043225577173,1.782214463876163,0.08314606741573034
block,hybrid_seq,2.3713737056616554e-07,720,2.2064027928084258,1.8996029969226575,2.5104205543964735,0.6541666666666667,0.2960372436519847,1.701008012435836,0.11910112359550562
block,hybrid_seq,3.162277660168379e-07,720,2.2064027527080983,1.8996029784110549,2.510420488785516,0.6541666666666667,0.2808551651564958,1.603986325710836,0.20898876404494382
block,hybrid_seq,4.2169650342858225e-07,720,2.206402658866744,1.8996029587682748,2.5104203644196956,0.6541666666666667,0.27024931342854347,1.535159342233035,0.24943820224719102
block,hybrid_seq,5.62341325190349e-07,720,2.2064026755487354,1.8996029763237081,2.5104203730445285,0.6541666666666667,0.260412350068501,1.4961151638816166,0.2651685393258427
block,hybrid_seq,7.498942093324558e-07,720,2.206402679716565,1.8996029804421517,2.510420383690997,0.6541666666666667,0.25280538875754277,1.466407179487184,0.26741573033707866
block,hybrid_seq,1e-06,720,2.2064026719420884,1.899602955373844,2.5104203780623613,0.6541666666666667,0.23310763593396086,1.4208912373621994,0.3235955056179775
block,hybrid_seq,1.333521432163324e-06,720,2.2064612589475967,1.8996307824812575,2.51048189313479,0.6541666666666667,0.21593573946957975,1.38026479787189,0.36404494382022473
block,hybrid_seq,1.7782794100389227e-06,720,2.206522127281351,1.8997804472970699,2.510518023079008,0.6541666666666667,0.20491405437184976,1.3559416521913186,0.3887640449438202
block,hybrid_seq,2.3713737056616552e-06,720,2.208211417393146,1.901534957901149,2.5120845896170674,0.6541666666666667,0.19418273873816755,1.3129128327801887,0.42247191011235957
block,hybrid_seq,3.162277660168379e-06,720,2.214042684015503,1.9062022828632894,2.5147012342791437,0.6541666666666667,0.1860884218608261,1.24180568563859,0.4404494382022472
block,hybrid_seq,4.216965034285822e-06,720,2.220159932920391,1.9101890785186701,2.519930360900792,0.6541666666666667,0.17672708846778157,1.1871733191955172,0.46292134831460674
block,hybrid_seq,5.623413251903491e-06,720,2.238975517085855,1.928148214463978,2.5391499042925907,0.6513888888888889,0.16426661604592593,1.073188726233012,0.49213483146067416
block,hybrid_seq,7.498942093324558e-06,720,2.2841328733931174,1.9708889619262244,2.585279142888665,0.6347222222222222,0.1491224132008619,0.9043571732385519,0.5280898876404494
block,hybrid_seq,9.999999999999999e-06,720,2.3050588847635964,2.0011616980697835,2.6018562037318165,0.6263888888888889,0.14295418488856382,0.8371373040107857,0.5415730337078651
block,hybrid_seq,1.333521432163324e-05,720,2.3414793283418227,2.039360440192828,2.6444180415778358,0.6097222222222223,0.13703763428920954,0.7638858778441217,0.5685393258426966
block,hybrid_seq,1.778279410038923e-05,720,2.431689540775714,2.130873170622127,2.744211880218943,0.5777777777777777,0.12666519269674778,0.6542476000940749,0.6202247191011236
block,hybrid_seq,2.3713737056616554e-05,720,2.496872315156821,2.198995743059447,2.809326998465482,0.5583333333333333,0.11877399608454084,0.5808932426982716,0.651685393258427
block,hybrid_seq,3.1622776601683795e-05,720,2.6250376035358656,2.3213578834857773,2.9225798022563407,0.5361111111111111,0.10978748113911516,0.5252284904510917,0.6876404494382022
block,hybrid_seq,4.216965034285822e-05,720,2.7294193317650346,2.4080181285907236,3.0613552291331803,0.5263888888888889,0.1065219807326764,0.4986214642677522,0.7056179775280899
block,hybrid_seq,5.623413251903491e-05,720,2.8530035315087585,2.545637670809028,3.1944303867624915,0.5125,0.10042396452054166,0.45581294102608405,0.7370786516853932
block,hybrid_seq,7.498942093324559e-05,720,2.9779494616051085,2.649963879783753,3.308072107429466,0.5083333333333333,0.0959056053013615,0.40783835070247326,0.7617977528089888
block,hybrid_seq,0.0001,720,3.1928128883940023,2.846872859223882,3.552083618213721,0.4986111111111111,0.08843185098099486,0.3298797944955267,0.8089887640449438
block,hybrid_seq,0.0001333521432163324,720,3.2727175155777797,2.9564376076255288,3.618292911512218,0.4930555555555556,0.08222189167414952,0.3119852206761001,0.8202247191011236
block,hybrid_seq,0.00017782794100389227,720,3.330153358065025,3.0037254701466183,3.669351188795407,0.48333333333333334,0.07666580637319734,0.3017580271191946,0.8359550561797753
block,hybrid_seq,0.0002371373705661655,720,3.3540025462733194,3.0223083371079698,3.691869825817241,0.4708333333333333,0.07378158000244986,0.29882641822752903,0.8561797752808988
block,hybrid_seq,0.00031622776601683794,720,3.411016249998814,3.101570700766917,3.741531213050995,0.44027777777777777,0.06931498382267148,0.2942444951622747,0.9056179775280899
block,hybrid_seq,0.00042169650342858224,720,3.932015925463297,3.261811551724725,5.031035968391789,0.40555555555555556,0.06417895770037742,0.2862283549317403,0.9617977528089887
block,hybrid_seq,0.0005623413251903491,720,4.034300750128579,3.3415508447030473,5.124597502894783,0.3861111111111111,0.06140616484394131,0.28263066992897923,0.9932584269662922
block,hybrid_seq,0.0007498942093324559,720,4.038340050207821,3.342370289147492,5.125166947339228,0.38472222222222224,0.06095722119535837,0.2813731086970418,0.9955056179775281
block,hybrid_seq,0.001,720,4.044311739974851,3.3454213137365,5.133975189745597,0.38333333333333336,0.06066033216700311,0.279985062530371,0.9977528089887641
block,hybrid_seq,0.001333521432163324,720,4.044311739974851,3.3454213137365,5.133975189745597,0.38333333333333336,0.06066033216700311,0.279985062530371,0.9977528089887641
block,hybrid_seq,0.0017782794100389228,720,4.068679218021699,3.358091462705017,5.150097444528383,0.3819444444444444,0.060349098383872375,0.27888762988454296,1.0
block,hybrid_seq,0.0023713737056616554,720,4.068679218021699,3.358091462705017,5.150097444528383,0.3819444444444444,0.060349098383872375,0.27888762988454296,1.0
block,hybrid_seq,0.0031622776601683794,720,4.068679218021699,3.358091462705017,5.150097444528383,0.3819444444444444,0.060349098383872375,0.27888762988454296,1.0
block,hybrid_seq,0.004216965034285822,720,4.068679218021699,3.358091462705017,5.150097444528383,0.3819444444444444,0.060349098383872375,0.27888762988454296,1.0
block,hybrid_seq,0.005623413251903491,720,4.068679218021699,3.358091462705017,5.150097444528383,0.3819444444444444,0.060349098383872375,0.27888762988454296,1.0
block,hybrid_seq,0.007498942093324558,720,4.068679218021699,3.358091462705017,5.150097444528383,0.3819444444444444,0.060349098383872375,0.27888762988454296,1.0
block,hybrid_seq,0.01,720,4.068679218021699,3.358091462705017,5.150097444528383,0.3819444444444444,0.060349098383872375,0.27888762988454296,1.0
block,oracle,0.0,720,0.18975063881840137,0.1643931725271454,0.21271675385303784,1.0,0.2723320798891994,1.3783374878109498,0.0
block,oracle_voc,0.0,720,0.05508212997468665,0.02949625604034382,0.08759095870058983,0.9847222222222223,0.49899122563572307,2.86860449460254,0.0
block,oracle_voc,1e-08,720,0.05895191121455036,0.031465158670004774,0.09223999443979154,0.9819444444444444,0.37394277656253017,2.5207543282442404,0.0
block,oracle_voc,1.333521432163324e-08,720,0.059763775783787214,0.033072316424725634,0.09330272167139803,0.9819444444444444,0.3722926370670363,2.4865621521220316,0.0
block,oracle_voc,1.7782794100389228e-08,720,0.05977138326914439,0.033072316424725634,0.09331070953102306,0.9819444444444444,0.3714906638172953,2.472465913355366,0.0
block,oracle_voc,2.371373705661655e-08,720,0.06296225862321937,0.036180796231667395,0.0980176828391744,0.9791666666666666,0.3692309071731652,2.431714940223416,0.0
block,oracle_voc,3.162277660168379e-08,720,0.06625903197486853,0.03795710359928638,0.09981514731305231,0.9777777777777777,0.36501115170579623,2.3454458195581336,0.0
block,oracle_voc,4.2169650342858225e-08,720,0.0671664335195032,0.03873647370225666,0.10037341318869702,0.9777777777777777,0.35841832829918713,2.222675292540084,0.0
block,oracle_voc,5.6234132519034905e-08,720,0.07214152356233962,0.043963453483648184,0.10729540110450433,0.9763888888888889,0.3510505760192252,2.083444293891504,0.0
block,oracle_voc,7.498942093324559e-08,720,0.07733093772267287,0.048847495927487786,0.11185928371383941,0.9736111111111111,0.344361945769028,1.9423904121623512,0.0
block,oracle_voc,1e-07,720,0.08645023769288362,0.05539986538016461,0.12338016773611012,0.9694444444444444,0.33534417297979985,1.761771332413769,0.0
block,oracle_voc,1.333521432163324e-07,720,0.08673521902822846,0.05554399512217009,0.12359714576629444,0.9694444444444444,0.3300703547134587,1.673232147165163,0.0
block,oracle_voc,1.7782794100389227e-07,720,0.0947995293617943,0.06323876186464081,0.13450846067316943,0.9666666666666667,0.3245502659105908,1.5952989708887697,0.0
block,oracle_voc,2.3713737056616554e-07,720,0.09667507121768532,0.06504099997617693,0.1372769696071832,0.9666666666666667,0.3188679797237135,1.5255869084915603,0.0
block,oracle_voc,3.162277660168379e-07,720,0.10041108247155266,0.06967542470289823,0.14192081876977763,0.9652777777777778,0.31572619965077436,1.4756315975346095,0.0
block,oracle_voc,4.2169650342858225e-07,720,0.1006529267404687,0.069762468866358,0.1421250497301862,0.9652777777777778,0.31477930131894966,1.4681122744776682,0.0
block,oracle_voc,5.62341325190349e-07,720,0.11074476734640683,0.07424430227990086,0.15473078278364225,0.9638888888888889,0.31238486506830027,1.426030721638795,0.0
block,oracle_voc,7.498942093324558e-07,720,0.11128379815545841,0.07483947440950117,0.15529475256948577,0.9638888888888889,0.30792790411884613,1.3621681245971458,0.0
block,oracle_voc,1e-06,720,0.11445760083705805,0.07969218207119458,0.15926094006135283,0.9625,0.3059482780851857,1.337344348758264,0.0
block,oracle_voc,1.333521432163324e-06,720,0.11526987361201843,0.08046991415526883,0.1601835373153941,0.9625,0.30531813753124465,1.325193099916588,0.0
block,oracle_voc,1.7782794100389227e-06,720,0.11634336768653672,0.08074769193304661,0.1613139266619873,0.9625,0.3047399199800388,1.3089060337790923,0.0
block,oracle_voc,2.3713737056616552e-06,720,0.12073668858741174,0.08319548860809212,0.16600607922209373,0.9611111111111111,0.3020568847141266,1.267238919402684,0.0
block,oracle_voc,3.162277660168379e-06,720,0.12484833552367054,0.0870610317665227,0.17042509844623202,0.9611111111111111,0.29984320266224074,1.2289196794985198,0.0
block,oracle_voc,4.216965034285822e-06,720,0.13773468118524318,0.09932955071999668,0.18478499316347527,0.9611111111111111,0.29392849942805055,1.1617431488443193,0.0
block,oracle_voc,5.623413251903491e-06,720,0.15647765248738638,0.11924605312567031,0.201583257099659,0.9611111111111111,0.2878582867001617,1.090141446073499,0.0
block,oracle_voc,7.498942093324558e-06,720,0.18061105285266504,0.14081917978922495,0.2280970003199643,0.9569444444444445,0.28325686434029745,1.0240914574623274,0.006741573033707865
block,oracle_voc,9.999999999999999e-06,720,0.21137251488431544,0.16874412640902572,0.2595640887303003,0.95,0.2700651290721931,0.9557831243317196,0.017977528089887642
block,oracle_voc,1.333521432163324e-05,720,0.26509658746582093,0.21980072059677477,0.3142991045609626,0.9138888888888889,0.2572556472922402,0.8704840580275737,0.07640449438202247
block,oracle_voc,1.778279410038923e-05,720,0.33107602372494527,0.2842110419999975,0.3858983941909877,0.8791666666666667,0.24312595088424116,0.7908695985664761,0.13258426966292136
block,oracle_voc,2.3713737056616554e-05,720,0.40678520730942147,0.3521455480307207,0.4657236755557688,0.8458333333333333,0.22988193442873822,0.7227680568247605,0.18651685393258427
block,oracle_voc,3.1622776601683795e-05,720,0.5067816699532258,0.4454572703340008,0.5712245270420068,0.8097222222222222,0.21607842550204664,0.6582204954844706,0.24719101123595505
block,oracle_voc,4.216965034285822e-05,720,0.5689489896352558,0.5047574679327466,0.6392265458944317,0.7916666666666666,0.2084985815065771,0.6270486437803305,0.2808988764044944
block,oracle_voc,5.623413251903491e-05,720,0.7038713588511314,0.6159225127572441,0.8215893077723309,0.7652777777777777,0.19742295526495943,0.5757636829344948,0.3325842696629214
block,oracle_voc,7.498942093324559e-05,720,0.9128016947389839,0.7758820624515036,1.082478327389326,0.7513888888888889,0.1883990284752126,0.5164306087039424,0.3865168539325843
block,oracle_voc,0.0001,720,1.2087725840137218,1.0504288989971717,1.4173487249518673,0.7152777777777778,0.17137310780841183,0.4535377473358696,0.4584269662921348
block,oracle_voc,0.0001333521432163324,720,1.5154414211629643,1.3303100783164945,1.736324527863589,0.6805555555555556,0.15468799312038076,0.40965354874275967,0.5168539325842697
block,oracle_voc,0.00017782794100389227,720,1.909407331885732,1.694902585052617,2.1440708097730683,0.6166666666666667,0.12748790321050896,0.3679922027456087,0.6202247191011236
block,oracle_voc,0.0002371373705661655,720,2.137051629359316,1.9319209786646108,2.3707153940569734,0.5611111111111111,0.11262796428925696,0.3489379603192093,0.7101123595505618
block,oracle_voc,0.00031622776601683794,720,2.5729811138189027,2.3483414652408308,2.8309513783525646,0.4986111111111111,0.09290308258904365,0.3238170048150601,0.8112359550561797
block,oracle_voc,0.00042169650342858224,720,3.2329006732840906,2.929210265623089,3.525365279507282,0.4305555555555556,0.07007690900771962,0.2938925569414601,0.9213483146067416
block,oracle_voc,0.0005623413251903491,720,3.509904483984711,3.1900284547774826,3.8191192957010034,0.39166666666666666,0.06235400921247144,0.28411704531924137,0.9842696629213483
block,oracle_voc,0.0007498942093324559,720,3.5625244287593585,3.2408685644323807,3.8947995337084156,0.3875,0.06100472937912486,0.28267715561091283,0.9910112359550561
block,oracle_voc,0.001,720,3.5703246484062863,3.2504980663894787,3.9125521745827814,0.38472222222222224,0.060830036317891197,0.28249316051092643,0.9955056179775281
block,oracle_voc,0.001333521432163324,720,3.6264438354309854,3.3087250854293004,3.9733004268600802,0.38333333333333336,0.06060547360503809,0.2816740743067688,0.9977528089887641
block,oracle_voc,0.0017782794100389228,720,3.6264438354309854,3.3087250854293004,3.9733004268600802,0.38333333333333336,0.06060547360503809,0.2816740743067688,0.9977528089887641
block,oracle_voc,0.0023713737056616554,720,3.6264438354309854,3.3087250854293004,3.9733004268600802,0.38333333333333336,0.06060547360503809,0.2816740743067688,0.9977528089887641
block,oracle_voc,0.0031622776601683794,720,4.068679218021699,3.358091462705017,5.150097444528383,0.3819444444444444,0.060349098383872375,0.27888762988454296,1.0
block,oracle_voc,0.004216965034285822,720,4.068679218021699,3.358091462705017,5.150097444528383,0.3819444444444444,0.060349098383872375,0.27888762988454296,1.0
block,oracle_voc,0.005623413251903491,720,4.068679218021699,3.358091462705017,5.150097444528383,0.3819444444444444,0.060349098383872375,0.27888762988454296,1.0
block,oracle_voc,0.007498942093324558,720,4.068679218021699,3.358091462705017,5.150097444528383,0.3819444444444444,0.060349098383872375,0.27888762988454296,1.0
block,oracle_voc,0.01,720,4.068679218021699,3.358091462705017,5.150097444528383,0.3819444444444444,0.060349098383872375,0.27888762988454296,1.0
opening_step,uniform_coarse,0.0,720,16.46302982268714,14.588673227017507,18.492794397829392,0.2263888888888889,0.02455690448246768,0.4971411677473649,1.0
opening_step,uniform_medium,1.0,720,6.06035359160787,4.361098088159797,8.16455364030609,0.38472222222222224,0.06687385878550031,0.24848521344002722,1.0
opening_step,uniform_fine,2.0,720,0.0003406788272365929,0.0002241253505813068,0.000501943699466284,1.0,1.0,5.241841099533536,0.0
opening_step,random,0.0,720,6.06035359160787,4.361098088159797,8.16455364030609,0.38472222222222224,0.06687385878550031,0.24848521344002722,1.0
opening_step,random,1.0,720,4.438790526286828,2.836973366394819,6.122691696217176,0.5361111111111111,0.23505076582133866,1.118019021108436,0.0
opening_step,random,2.0,720,2.643531832637864,1.6956033412488285,3.8691162012989406,0.6819444444444445,0.42284301833199545,2.1372278598058174,0.0
opening_step,random,3.0,720,1.1264400983294225,0.793781797107888,1.441798420008619,0.8347222222222223,0.6349985206126866,3.305112120386568,0.0
opening_step,random,4.0,720,0.0003406788272365929,0.0002241253505813068,0.000501943699466284,1.0,1.0,5.241841099533536,0.0
opening_step,share,0.0,720,6.06035359160787,4.361098088159797,8.16455364030609,0.38472222222222224,0.06687385878550031,0.24848521344002722,1.0
opening_step,share,1.0,720,5.1563810740439635,3.3647610421537486,7.212334876593306,0.5902777777777778,0.20202125002000645,1.0758892342777573,0.0
opening_step,share,2.0,720,1.1028175226488883,0.9010193370581412,1.3055295496457278,0.8166666666666667,0.3910265758945594,1.5088199393421644,0.0
opening_step,share,3.0,720,1.0515461725873119,0.8460850397964899,1.2479149621054373,0.8263888888888888,0.440279982478828,1.706149007380797,0.0
opening_step,share,4.0,720,0.0003406788272365929,0.0002241253505813068,0.000501943699466284,1.0,1.0668738587855002,5.490326312973563,0.0
opening_step,discrepancy,0.01,720,0.01374585592140692,0.008065304928045995,0.02089875482341089,0.9986111111111111,1.0325342456565927,5.836472709693124,0.0
opening_step,discrepancy,0.020000000000000004,720,0.01772850657076634,0.0110931835660107,0.026133164863025495,0.9986111111111111,0.981013664571529,5.727908289284894,0.0
opening_step,discrepancy,0.030000000000000006,720,0.017833718467311556,0.011187695328057834,0.026174286501298237,0.9986111111111111,0.9419987573867918,5.664573837337816,0.0
opening_step,discrepancy,0.04000000000000001,720,0.07662676193168119,0.026837390600891468,0.14452368783342642,0.9902777777777778,0.8608657330338534,5.516737358410036,0.0
opening_step,discrepancy,0.05000000000000001,720,0.07662653492052036,0.026837177239935627,0.1445237327615768,0.9902777777777778,0.8380199860093928,5.464588797704386,0.0
opening_step,discrepancy,0.06000000000000001,720,0.0766580973473936,0.026894151160398852,0.14457134609398953,0.9902777777777778,0.8345354287131761,5.454638345648821,0.0
opening_step,discrepancy,0.07,720,0.07665870838417885,0.026895042673089023,0.14457228793392105,0.9902777777777778,0.8278065336881648,5.435869819939115,0.0
opening_step,discrepancy,0.08,720,0.07666051738034536,0.026895973440757597,0.14457222452125754,0.9902777777777778,0.8125853292621924,5.390142367825198,0.0
opening_step,discrepancy,0.09000000000000001,720,0.07666077574975441,0.026896259894290616,0.1445715269363995,0.9902777777777778,0.7998611586883901,5.238228723318116,0.0
opening_step,discrepancy,0.1,720,0.07660622844173855,0.02678748975825641,0.14458756314403076,0.9902777777777778,0.7854361798953329,5.128974499433328,0.004514672686230248
opening_step,discrepancy,0.15,720,0.7400893795885869,0.2016868676225354,1.57131113722155,0.9361111111111111,0.7480107481320879,4.848462938199878,0.004514672686230248
opening_step,discrepancy,0.19999999999999998,720,0.7533846285243777,0.21171558236505908,1.5849547401646704,0.9291666666666667,0.7396448840162507,4.810695247841513,0.004514672686230248
opening_step,discrepancy,0.25,720,0.7922990122195993,0.2374382269927263,1.6161343840935702,0.9236111111111112,0.7334583743483724,4.749790372642878,0.004514672686230248
opening_step,discrepancy,0.3,720,0.8283723491506092,0.27301053128971114,1.6545268079149165,0.9069444444444444,0.7264931335250916,4.707929807251306,0.004514672686230248
opening_step,discrepancy,0.35,720,0.951440459316451,0.41136128195164634,1.7440074047459675,0.8791666666666667,0.7042365627343907,4.633497709431817,0.011286681715575621
opening_step,discrepancy,0.39999999999999997,720,1.0019450295557308,0.45302453000081977,1.8169305903047097,0.8694444444444445,0.695055229789992,4.624224345370728,0.01805869074492099
opening_step,discrepancy,0.44999999999999996,720,1.0499451840226348,0.510225475082674,1.8528792206094655,0.8597222222222223,0.6864080942005641,4.614715685320648,0.040632054176072234
opening_step,discrepancy,0.5,720,1.0499451840226348,0.510225475082674,1.8528792206094655,0.8597222222222223,0.6859959628163174,4.612684879655384,0.040632054176072234
opening_step,discrepancy,0.5499999999999999,720,1.0499453066360458,0.5102254789578997,1.8528793454937127,0.8597222222222223,0.681940830384013,4.6075575395887425,0.045146726862302484
opening_step,discrepancy,0.6,720,1.0627310068033091,0.5179930751325087,1.8624440550247698,0.8569444444444444,0.6727989322310703,4.589674803622145,0.056433408577878104
opening_step,discrepancy,0.6499999999999999,720,1.119915124097212,0.5750018105660941,1.939346140030005,0.8513888888888889,0.6575637425306986,4.570204008672145,0.06997742663656885
opening_step,discrepancy,0.7,720,1.1769353258919644,0.6322357594960334,2.012723191139557,0.8402777777777778,0.6403281160001547,4.487976911777746,0.09255079006772009
opening_step,discrepancy,0.75,720,1.196902579565667,0.6459873791752646,2.0472895184338604,0.8333333333333334,0.6288437989451936,4.4327379262069675,0.09932279909706546
opening_step,discrepancy,0.7999999999999999,720,1.2155402204239916,0.6597254301106745,2.0673143911805227,0.8305555555555556,0.6227323411716645,4.383417027674942,0.09932279909706546
opening_step,discrepancy,0.85,720,1.2987016037028938,0.7411518412335166,2.158715763119151,0.8138888888888889,0.6053174106305517,4.314797036417935,0.11060948081264109
opening_step,discrepancy,0.8999999999999999,720,1.5326722715333259,0.969059379458384,2.422325378358872,0.7777777777777778,0.582531391403966,4.189404785397144,0.12189616252821671
opening_step,discrepancy,0.95,720,1.5685106461271958,1.0194562274599568,2.4555634209534025,0.7694444444444445,0.5771935998963547,4.128187900870742,0.12641083521444696
opening_step,sensitivity,0.01,720,2.151595794365827,1.199223058381482,3.392467610996371,0.8027777777777778,0.6583388034586433,4.004126951973942,0.2979683972911964
opening_step,sensitivity,0.020000000000000004,720,2.183348612313896,1.2228635275590496,3.407646095677871,0.7972222222222223,0.6518432459389177,3.9308474995364326,0.2979683972911964
opening_step,sensitivity,0.030000000000000006,720,2.2579914601404574,1.3028017616153138,3.4944851993696067,0.7902777777777777,0.6485999311565439,3.8915236081850404,0.2979683972911964
opening_step,sensitivity,0.04000000000000001,720,2.316643474998272,1.3638383907196547,3.551012420525957,0.7847222222222222,0.6434504956990383,3.798827086548893,0.2979683972911964
opening_step,sensitivity,0.05000000000000001,720,2.350408079296451,1.388014550992861,3.608538624136749,0.7819444444444444,0.6374173387563142,3.6971533187641197,0.2979683972911964
opening_step,sensitivity,0.06000000000000001,720,2.35232078883257,1.389927256353016,3.610925140256594,0.7819444444444444,0.6345108127072726,3.6782447584321543,0.2979683972911964
opening_step,sensitivity,0.07,720,2.383561698770662,1.4211056433760458,3.634485150420839,0.7777777777777778,0.6297052900294096,3.6003615418099395,0.2979683972911964
opening_step,sensitivity,0.08,720,2.413837608097956,1.485482167701496,3.656565200937997,0.7736111111111111,0.6224855099250891,3.4720274113849783,0.2979683972911964
opening_step,sensitivity,0.09000000000000001,720,2.478028193293056,1.5279787329337788,3.688572749538641,0.7680555555555556,0.6160994732745035,3.3787497174030046,0.2979683972911964
opening_step,sensitivity,0.1,720,2.491505589315541,1.5424804032810002,3.7027368151468316,0.7666666666666667,0.612250460741627,3.332056817630756,0.2979683972911964
opening_step,sensitivity,0.15,720,2.515307459990605,1.5772424968511458,3.721759635042965,0.7638888888888888,0.600747253167923,3.17242675812517,0.2979683972911964
opening_step,sensitivity,0.19999999999999998,720,2.520148658237387,1.5827189804515343,3.729694411057721,0.7625,0.5950435590566141,3.1348975790168576,0.2979683972911964
opening_step,sensitivity,0.25,720,2.5257807740922718,1.5841209290096954,3.7375031203570477,0.7611111111111111,0.5916966772531987,3.1076993289959822,0.2979683972911964
opening_step,sensitivity,0.3,720,2.528785898953897,1.5902113422359967,3.7394265453789033,0.7597222222222222,0.5890086341241207,3.067567827126519,0.2979683972911964
opening_step,sensitivity,0.35,720,2.553442018669973,1.6121589172903439,3.7527808611431266,0.7583333333333333,0.5859153576512881,3.0455210310695695,0.2979683972911964
opening_step,sensitivity,0.39999999999999997,720,2.5552428062565338,1.616056538852992,3.754900595301963,0.7583333333333333,0.5834601000496735,3.0297817133876377,0.2979683972911964
opening_step,sensitivity,0.44999999999999996,720,2.5555048614107188,1.6161941297841573,3.755025078748359,0.7583333333333333,0.582082067343115,3.019814606797354,0.2979683972911964
opening_step,sensitivity,0.5,720,2.55571056257373,1.616348085945666,3.7553013897063043,0.7583333333333333,0.5806658460982549,3.0106011991084616,0.2979683972911964
opening_step,sensitivity,0.5499999999999999,720,2.5557106554748192,1.616348130073683,3.75530152673541,0.7583333333333333,0.5793574194505472,3.002064130216786,0.2979683972911964
opening_step,sensitivity,0.6,720,2.5557924671248884,1.6164340323062556,3.755340387269193,0.7583333333333333,0.578260806961315,2.9914171940320657,0.2979683972911964
opening_step,sensitivity,0.6499999999999999,720,2.5557924671248884,1.6164340323062556,3.755340387269193,0.7583333333333333,0.5778111845115907,2.9866623900570732,0.2979683972911964
opening_step,sensitivity,0.7,720,2.581641232556987,1.6458891003883724,3.8014787756540107,0.7569444444444444,0.5771847681751079,2.979057636566813,0.2979683972911964
opening_step,sensitivity,0.75,720,2.581641232556987,1.6458891003883724,3.8014787756540107,0.7569444444444444,0.5769723799453964,2.976554220861251,0.2979683972911964
opening_step,sensitivity,0.7999999999999999,720,2.581641232556987,1.6458891003883724,3.8014787756540107,0.7569444444444444,0.5768548650941627,2.974361727972367,0.2979683972911964
opening_step,sensitivity,0.85,720,2.5911685080280047,1.6554080786862364,3.8080831284546943,0.7555555555555555,0.5759025684290896,2.967820256158484,0.2979683972911964
opening_step,sensitivity,0.8999999999999999,720,2.5911685080280047,1.6554080786862364,3.8080831284546943,0.7555555555555555,0.5758085815947065,2.966093055340409,0.2979683972911964
opening_step,sensitivity,0.95,720,2.59117309721307,1.6554080786862364,3.8080903564211726,0.7555555555555555,0.5756596487412734,2.965717082095964,0.2979683972911964
opening_step,novelty,0.5,720,2.2917794845759265,1.7004505635318132,3.1324994256906074,0.5861111111111111,0.37527350802054754,2.354979673255467,0.5304740406320542
opening_step,novelty,0.75,720,5.895727724331267,4.202607815774446,8.027748498672164,0.4027777777777778,0.09817012351175577,0.5550537534274553,0.9142212189616253
opening_step,novelty,0.9,720,6.06035359160787,4.361098088159797,8.16455364030609,0.38472222222222224,0.06722056846549415,0.2538264238344709,0.9932279909706546
opening_step,novelty,0.95,720,6.06035359160787,4.361098088159797,8.16455364030609,0.38472222222222224,0.06687385878550031,0.24848521344002722,1.0
opening_step,novelty,0.99,720,6.06035359160787,4.361098088159797,8.16455364030609,0.38472222222222224,0.06687385878550031,0.24848521344002722,1.0
opening_step,uncertainty,0.01,720,0.0009906971784325734,0.0004474438967606719,0.0018805311676314892,1.0,0.930721527871567,4.947044651001235,0.0
opening_step,uncertainty,0.020000000000000004,720,0.0010937212521078925,0.0005280480352473434,0.0020268796128373174,1.0,0.864819132018585,4.580497062678963,0.0
opening_step,uncertainty,0.030000000000000006,720,0.0013020595364063988,0.0006652759918814836,0.0022782008743506012,1.0,0.8272786542487469,4.3143510798763,0.0
opening_step,uncertainty,0.04000000000000001,720,0.0019287128516982737,0.0007923075445614517,0.0035076782237250135,1.0,0.7907977243612355,4.0933983067167095,0.0
opening_step,uncertainty,0.05000000000000001,720,0.011403452584479857,0.0020586762190796318,0.022746258140383332,0.9958333333333333,0.7638721291276561,3.872047190055572,0.0
opening_step,uncertainty,0.06000000000000001,720,0.016951489469169974,0.003790690009035684,0.033361874797505464,0.9944444444444445,0.7430644367618892,3.663958805593049,0.0
opening_step,uncertainty,0.07,720,0.01697828787571552,0.0038034561448965064,0.03340780665366631,0.9944444444444445,0.7243489627998936,3.512918169930617,0.0
opening_step,uncertainty,0.08,720,0.021025948505484955,0.007481277656417916,0.03813454095888263,0.9916666666666667,0.707483810572688,3.4194866671293314,0.0
opening_step,uncertainty,0.09000000000000001,720,0.023134978442372046,0.009372911385403316,0.041850947075020274,0.9902777777777778,0.6967886387545523,3.2990594025613267,0.0
opening_step,uncertainty,0.1,720,0.024060219393829844,0.009839127635970705,0.04278246738097087,0.9902777777777778,0.6845380619607985,3.1987040499209596,0.0
opening_step,uncertainty,0.15,720,0.0345780523960631,0.018966746099014505,0.05384087550161249,0.9833333333333333,0.6363691656028839,2.863119566515373,0.0
opening_step,uncertainty,0.19999999999999998,720,0.050888307301287086,0.03393767927801557,0.07201280306967685,0.975,0.5989897930889534,2.665865666566828,0.0
opening_step,uncertainty,0.25,720,0.06656737463843311,0.04496709886076145,0.09373777596268994,0.9708333333333333,0.5587345619939128,2.362236218339088,0.0
opening_step,uncertainty,0.3,720,0.08572271382737982,0.05993299885711281,0.12161990160352322,0.9666666666666667,0.5392207156980688,2.1867551548237922,0.0
opening_step,uncertainty,0.35,720,0.10725816261977895,0.06982960588047066,0.15894853446092905,0.9638888888888889,0.524316445690219,2.1014416701168455,0.0
opening_step,uncertainty,0.39999999999999997,720,0.1111206527300747,0.07321836311139766,0.16064521684043637,0.9638888888888889,0.5150557053828462,2.0884341033932188,0.0
opening_step,uncertainty,0.44999999999999996,720,0.11547484829266123,0.0771691513803246,0.16417955663951872,0.9625,0.5000180609323357,1.9528784209543018,0.0
opening_step,uncertainty,0.5,720,0.13863112047795684,0.09348544375628891,0.19529941699829775,0.9569444444444445,0.49023986250699075,1.88883432341267,0.0
opening_step,uncertainty,0.5499999999999999,720,0.14249360066125136,0.09714610582782825,0.19830941222757145,0.9555555555555556,0.482896753571417,1.8744019504710194,0.0
opening_step,uncertainty,0.6,720,0.1440948441908521,0.0991005027193868,0.2020234337002263,0.9541666666666667,0.4748553784029686,1.8574571655641194,0.0
opening_step,uncertainty,0.6499999999999999,720,0.1448685689460565,0.09969080652371758,0.20203327097917706,0.9541666666666667,0.466281961690154,1.7831693525293708,0.0
opening_step,uncertainty,0.7,720,0.17456639541312582,0.1249266629681348,0.23791303574778472,0.9472222222222222,0.4532620763426837,1.6708633812057492,0.0
opening_step,uncertainty,0.75,720,0.1930959811660943,0.13078502112176127,0.26127311439863393,0.9444444444444444,0.44906787305305834,1.622663484882125,0.0
opening_step,uncertainty,0.7999999999999999,720,0.22547517233212197,0.160229812953222,0.3118579859957629,0.9388888888888889,0.44489751834308766,1.5833917114321492,0.0
opening_step,uncertainty,0.85,720,0.2281793005908593,0.16248001643730228,0.3144021764502853,0.9375,0.4398112844321693,1.5635457399266064,0.0
opening_step,uncertainty,0.8999999999999999,720,0.2347089207323733,0.16916856506961517,0.32323278160053204,0.9347222222222222,0.4346316645413942,1.549292475991893,0.0
opening_step,uncertainty,0.95,720,0.23748671114114128,0.17150885966230764,0.32682769218899543,0.9333333333333333,0.4287964577130255,1.5387304554807997,0.0
opening_step,uncertainty_per_cost,0.0,720,0.09753154489016563,0.009803497715144488,0.21479410638373758,0.9930555555555556,1.0738236867208488,5.503032799779066,0.0
opening_step,uncertainty_per_cost,1e-08,720,0.09839290009630235,0.01054191471685111,0.21581110513562132,0.9930555555555556,1.0386921208681539,4.7711104760056315,0.0
opening_step,uncertainty_per_cost,1.333521432163324e-08,720,0.10022475167851454,0.011813581373942669,0.21714467951656363,0.9930555555555556,1.014921445542135,4.2650516782334815,0.0
opening_step,uncertainty_per_cost,1.7782794100389228e-08,720,0.10072278687762488,0.012492179140961991,0.21743849304728766,0.9930555555555556,0.9937458510780937,3.917815262570942,0.0
opening_step,uncertainty_per_cost,2.371373705661655e-08,720,0.10151429826675958,0.013062773288955724,0.21843329253741947,0.9930555555555556,0.9608943313145298,3.70852974610425,0.0
opening_step,uncertainty_per_cost,3.162277660168379e-08,720,0.10241294742501801,0.01497521828332465,0.21948996213164157,0.9930555555555556,0.9380373278104928,3.500801901525079,0.0
opening_step,uncertainty_per_cost,4.2169650342858225e-08,720,0.10343882272003187,0.015534281998775795,0.22024925938660522,0.9930555555555556,0.9116540756453771,3.2643359957695792,0.0
opening_step,uncertainty_per_cost,5.6234132519034905e-08,720,0.10417417439829599,0.016203025482106566,0.22123939879142793,0.9930555555555556,0.8768956408504841,3.0207776337626355,0.0
opening_step,uncertainty_per_cost,7.498942093324559e-08,720,0.10699051559285862,0.019694452454688476,0.2252431204953521,0.9916666666666667,0.8426838029358085,2.880447700022281,0.0
opening_step,uncertainty_per_cost,1e-07,720,0.11326375281411469,0.02725192810460891,0.23407815165809712,0.9888888888888889,0.7876237062962133,2.6602654710543496,0.002257336343115124
opening_step,uncertainty_per_cost,1.333521432163324e-07,720,0.12353671798191927,0.03644203578222633,0.24170853543549367,0.9847222222222223,0.70495354994418,2.366453506855669,0.002257336343115124
opening_step,uncertainty_per_cost,1.7782794100389227e-07,720,0.15162176667035301,0.06193856483747371,0.2705318788816138,0.9777777777777777,0.6543160361042024,2.1476527966987407,0.006772009029345372
opening_step,uncertainty_per_cost,2.3713737056616554e-07,720,0.18462482947764522,0.09315080042734813,0.31503234216151943,0.9680555555555556,0.6041218982263223,1.8965704118209639,0.013544018058690745
opening_step,uncertainty_per_cost,3.162277660168379e-07,720,0.22990770434271413,0.1290881475585777,0.36789442716580883,0.9569444444444445,0.5637864701573788,1.697734825441896,0.024830699774266364
opening_step,uncertainty_per_cost,4.2169650342858225e-07,720,0.26380734480418866,0.16043775094422813,0.3973596841352092,0.9444444444444444,0.5080717937401423,1.507650391277932,0.04288939051918736
opening_step,uncertainty_per_cost,5.62341325190349e-07,720,0.3065231649865623,0.19642625780298537,0.45870079375274886,0.9277777777777778,0.4451020413603068,1.2816427856238484,0.04966139954853273
opening_step,uncertainty_per_cost,7.498942093324558e-07,720,0.3741532285933567,0.26288855368374164,0.5355701992638574,0.9097222222222222,0.3997130281896876,1.1160933997557447,0.06997742663656885
opening_step,uncertainty_per_cost,1e-06,720,0.4488773527006778,0.33624491220793584,0.6036962025740741,0.8763888888888889,0.3638348592099198,0.9882935550196836,0.09706546275395034
opening_step,uncertainty_per_cost,1.333521432163324e-06,720,0.5105316759674868,0.40898169624370817,0.6644752457181167,0.8527777777777777,0.3306014909966216,0.8975385363015549,0.12641083521444696
opening_step,uncertainty_per_cost,1.7782794100389227e-06,720,0.6145835134143232,0.49476837231033954,0.7801624250475716,0.8263888888888888,0.30366864017271666,0.8132974942473488,0.18961625282167044
opening_step,uncertainty_per_cost,2.3713737056616552e-06,720,0.8266718753865097,0.692371051183058,1.0115944395819008,0.7902777777777777,0.2722896656468648,0.722085788972274,0.2595936794582393
opening_step,uncertainty_per_cost,3.162277660168379e-06,720,1.0875795578292384,0.9333711186519907,1.2881239419158936,0.7402777777777778,0.24109397334286803,0.6043135017847514,0.3611738148984199
opening_step,uncertainty_per_cost,4.216965034285822e-06,720,1.4277270197958514,1.2209261410881131,1.6875290588300667,0.6875,0.2083724961094298,0.513006166773539,0.4762979683972912
opening_step,uncertainty_per_cost,5.623413251903491e-06,720,1.8234242638869564,1.5842451508046727,2.1049090764738554,0.6180555555555556,0.1709514138453474,0.44185735121380076,0.5914221218961625
opening_step,uncertainty_per_cost,7.498942093324558e-06,720,2.06410134616583,1.8175144454260572,2.3461735336100498,0.5666666666666667,0.14933418567571138,0.39448189851790527,0.6817155756207675
opening_step,uncertainty_per_cost,9.999999999999999e-06,720,2.4358834510421192,2.1609201285031197,2.719956779249801,0.5097222222222222,0.12393955550480662,0.3558785844248329,0.7742663656884876
opening_step,uncertainty_per_cost,1.333521432163324e-05,720,2.6550738277274863,2.352608477214219,2.9270413967280833,0.4652777777777778,0.10854787301413996,0.33546450494007635,0.8487584650112867
opening_step,uncertainty_per_cost,1.778279410038923e-05,720,2.7630427020813175,2.45040697279979,3.049048202683881,0.4486111111111111,0.10163923529227191,0.3232902661928367,0.8848758465011287
opening_step,uncertainty_per_cost,2.3713737056616554e-05,720,2.9242977963357815,2.597491467898996,3.2545456212522677,0.4361111111111111,0.09680384809177155,0.3137256316400554,0.9142212189616253
opening_step,uncertainty_per_cost,3.1622776601683795e-05,720,3.0369054950161347,2.7228655377091644,3.3552494660997443,0.4263888888888889,0.08984605339222021,0.299201452291436,0.9322799097065463
opening_step,uncertainty_per_cost,4.216965034285822e-05,720,3.072214450584301,2.77339365266415,3.402108873166905,0.42083333333333334,0.08777790914209896,0.29399206262337935,0.9413092550790068
opening_step,uncertainty_per_cost,5.623413251903491e-05,720,3.4643775189142048,2.981722231881901,4.028447607080996,0.41388888888888886,0.08278154347416652,0.28677090706782515,0.9525959367945824
opening_step,uncertainty_per_cost,7.498942093324559e-05,720,3.5900462073654644,3.070770650227712,4.14646902936864,0.4041666666666667,0.0766548098151423,0.2772156352900412,0.9683972911963883
opening_step,uncertainty_per_cost,0.0001,720,3.669423285599069,3.171079831896073,4.2226989768681396,0.3972222222222222,0.07169255436915233,0.26871006469280273,0.9796839729119639
opening_step,uncertainty_per_cost,0.0001333521432163324,720,4.12581890354835,3.310808696659679,5.127223345568772,0.39166666666666666,0.06859854409267391,0.2601333669955845,0.9887133182844243
opening_step,uncertainty_per_cost,0.00017782794100389227,720,4.63705807006135,3.5522167121056256,5.953256129881921,0.3888888888888889,0.06771511581935319,0.25463099302198516,0.9932279909706546
opening_step,uncertainty_per_cost,0.0002371373705661655,720,4.63705807006135,3.5522167121056256,5.953256129881921,0.3888888888888889,0.06771511581935319,0.25463099302198516,0.9932279909706546
opening_step,uncertainty_per_cost,0.00031622776601683794,720,4.63705807006135,3.5522167121056256,5.953256129881921,0.3888888888888889,0.06771511581935319,0.25463099302198516,0.9932279909706546
opening_step,uncertainty_per_cost,0.00042169650342858224,720,4.63705807006135,3.5522167121056256,5.953256129881921,0.3888888888888889,0.06771511581935319,0.25463099302198516,0.9932279909706546
opening_step,uncertainty_per_cost,0.0005623413251903491,720,5.195250756418593,3.883202646494681,6.791178390657245,0.3875,0.06744501526019013,0.2520067822969799,0.9954853273137697
opening_step,uncertainty_per_cost,0.0007498942093324559,720,5.195250756418593,3.883202646494681,6.791178390657245,0.3875,0.06744501526019013,0.2520067822969799,0.9954853273137697
opening_step,uncertainty_per_cost,0.001,720,6.06035359160787,4.361098088159797,8.16455364030609,0.38472222222222224,0.06687385878550031,0.24848521344002722,1.0
opening_step,uncertainty_per_cost,0.001333521432163324,720,6.06035359160787,4.361098088159797,8.16455364030609,0.38472222222222224,0.06687385878550031,0.24848521344002722,1.0
opening_step,uncertainty_per_cost,0.0017782794100389228,720,6.06035359160787,4.361098088159797,8.16455364030609,0.38472222222222224,0.06687385878550031,0.24848521344002722,1.0
opening_step,uncertainty_per_cost,0.0023713737056616554,720,6.06035359160787,4.361098088159797,8.16455364030609,0.38472222222222224,0.06687385878550031,0.24848521344002722,1.0
opening_step,uncertainty_per_cost,0.0031622776601683794,720,6.06035359160787,4.361098088159797,8.16455364030609,0.38472222222222224,0.06687385878550031,0.24848521344002722,1.0
opening_step,uncertainty_per_cost,0.004216965034285822,720,6.06035359160787,4.361098088159797,8.16455364030609,0.38472222222222224,0.06687385878550031,0.24848521344002722,1.0
opening_step,uncertainty_per_cost,0.005623413251903491,720,6.06035359160787,4.361098088159797,8.16455364030609,0.38472222222222224,0.06687385878550031,0.24848521344002722,1.0
opening_step,uncertainty_per_cost,0.007498942093324558,720,6.06035359160787,4.361098088159797,8.16455364030609,0.38472222222222224,0.06687385878550031,0.24848521344002722,1.0
opening_step,uncertainty_per_cost,0.01,720,6.06035359160787,4.361098088159797,8.16455364030609,0.38472222222222224,0.06687385878550031,0.24848521344002722,1.0
opening_step,fullstate_voc,0.0,720,0.2934992445623585,0.1809493051443619,0.43719637312409837,0.9569444444444445,0.8590781851177567,4.566403377712474,0.0
opening_step,fullstate_voc,1e-08,720,0.293499700567983,0.18094996016925521,0.43719682081572314,0.9569444444444445,0.8411321765825446,4.470656766156956,0.0
opening_step,fullstate_voc,1.333521432163324e-08,720,0.29585767380029254,0.18228005775320313,0.4404986119089431,0.9555555555555556,0.8351395350683497,4.405863741990308,0.0
opening_step,fullstate_voc,1.7782794100389228e-08,720,0.2979509122310216,0.1843726606699546,0.44253584326375045,0.9541666666666667,0.8127811881062438,4.261705041566852,0.0
opening_step,fullstate_voc,2.371373705661655e-08,720,0.29794865356418326,0.18437158534566384,0.44253583863440477,0.9541666666666667,0.7934021748906948,4.198872029851544,0.0
opening_step,fullstate_voc,3.162277660168379e-08,720,0.2979486900953434,0.18437161540388333,0.4425359135000496,0.9541666666666667,0.7674416576905186,4.127335781872333,0.0
opening_step,fullstate_voc,4.2169650342858225e-08,720,0.29877910265120583,0.1843863159478687,0.44257314284773586,0.9541666666666667,0.74779453616913,3.993023848927826,0.0
opening_step,fullstate_voc,5.6234132519034905e-08,720,0.3247025655865241,0.20860457129933963,0.47203405346722616,0.95,0.7369452710108634,3.8250169615042373,0.0
opening_step,fullstate_voc,7.498942093324559e-08,720,0.3247027027976745,0.20860482521319043,0.47203403066233257,0.95,0.7343783064038794,3.8000390832889934,0.0
opening_step,fullstate_voc,1e-07,720,0.32659193632276656,0.21003951268223112,0.4750072309123727,0.9486111111111111,0.7260045853113843,3.6431122191292564,0.0
opening_step,fullstate_voc,1.333521432163324e-07,720,0.32707271474611077,0.21077367658706972,0.4752436635494853,0.9486111111111111,0.7183919595611535,3.5108966549972944,0.0
opening_step,fullstate_voc,1.7782794100389227e-07,720,0.32707271474611077,0.21077367658706972,0.4752436635494853,0.9486111111111111,0.7181518947821501,3.5088098076430976,0.0
opening_step,fullstate_voc,2.3713737056616554e-07,720,0.3365113168028424,0.21931046737491142,0.5031581167178608,0.9472222222222222,0.7055125948044239,3.277872407094492,0.0
opening_step,fullstate_voc,3.162277660168379e-07,720,0.4003308675124962,0.2668167795025862,0.5768765960093196,0.9402777777777778,0.6913870946793296,3.049669379976371,0.0
opening_step,fullstate_voc,4.2169650342858225e-07,720,0.41756145878478385,0.27998787839272476,0.60550070516125,0.9361111111111111,0.6749339770731252,2.9306665361556044,0.0
opening_step,fullstate_voc,5.62341325190349e-07,720,0.5645925902983038,0.39940208524060133,0.7439316175503539,0.9194444444444444,0.6562445691348027,2.831093932425099,0.0
opening_step,fullstate_voc,7.498942093324558e-07,720,0.850341367507684,0.6311622972215154,1.0660998539186122,0.8944444444444445,0.6339875792091297,2.7293472793028437,0.0
opening_step,fullstate_voc,1e-06,720,1.4320888023640532,0.9470085308302552,1.9117855026112776,0.8625,0.5491634932011528,2.394668466050189,0.0
opening_step,fullstate_voc,1.333521432163324e-06,720,1.6232537508217313,1.163386610113217,2.0935259733933202,0.8333333333333334,0.48513733002086984,2.3217719619017165,0.0
opening_step,fullstate_voc,1.7782794100389227e-06,720,1.764900498564434,1.2743437079753779,2.252612177156704,0.8055555555555556,0.43351194740986726,2.0989847737072727,0.0
opening_step,fullstate_voc,2.3713737056616552e-06,720,1.813668577560951,1.3160288709853116,2.308888822445196,0.7986111111111112,0.41705812028586076,1.899498821529394,0.011286681715575621
opening_step,fullstate_voc,3.162277660168379e-06,720,1.8257035601945673,1.3278391459876793,2.3151736541789876,0.7972222222222223,0.40809368249024786,1.7718527209571422,0.011286681715575621
opening_step,fullstate_voc,4.216965034285822e-06,720,1.8628744610792864,1.3702602668052049,2.349128493389436,0.7944444444444444,0.397536792580184,1.5209926967017358,0.011286681715575621
opening_step,fullstate_voc,5.623413251903491e-06,720,1.8628744610792864,1.3702602668052049,2.349128493389436,0.7944444444444444,0.3968177021293471,1.520460226672579,0.011286681715575621
opening_step,fullstate_voc,7.498942093324558e-06,720,1.8628744610792864,1.3702602668052049,2.349128493389436,0.7944444444444444,0.39553215731037644,1.5196278989100696,0.011286681715575621
opening_step,fullstate_voc,9.999999999999999e-06,720,1.8719162388214632,1.3751626694319137,2.354111399886808,0.7916666666666666,0.38275493718644105,1.4641668384225845,0.011286681715575621
opening_step,fullstate_voc,1.333521432163324e-05,720,1.9310196002733433,1.430305969810694,2.4138536855861856,0.7791666666666667,0.3696082940609325,1.4138777497711998,0.01805869074492099
opening_step,fullstate_voc,1.778279410038923e-05,720,2.129369282628089,1.6612226272670354,2.606153028928608,0.7333333333333333,0.3271828282117545,1.276048266611431,0.022573363431151242
opening_step,fullstate_voc,2.3713737056616554e-05,720,2.386589740385438,1.9020088663217987,2.9061460645348096,0.6958333333333333,0.2859898611431961,1.203273856862759,0.022573363431151242
opening_step,fullstate_voc,3.1622776601683795e-05,720,2.6849037042173785,2.197469668280013,3.228334446223481,0.6486111111111111,0.223325639077556,1.0665604323072533,0.040632054176072234
opening_step,fullstate_voc,4.216965034285822e-05,720,4.270324484733205,2.824595297758341,6.031897801744236,0.6138888888888889,0.19692421972396804,0.9133744748460534,0.09480812641083522
opening_step,fullstate_voc,5.623413251903491e-05,720,4.819758723210134,3.246373911239997,6.6795148794338415,0.5888888888888889,0.18029721294673334,0.765068015064066,0.18510158013544017
opening_step,fullstate_voc,7.498942093324559e-05,720,5.467878902116091,3.7951851000743653,7.5851023316135295,0.5666666666666667,0.16597994820624148,0.6002292514862347,0.27313769751693
opening_step,fullstate_voc,0.0001,720,5.7008709949107015,3.988389178504668,7.8347916506546404,0.5319444444444444,0.1342626603413532,0.33343084056546607,0.5079006772009029
opening_step,fullstate_voc,0.0001333521432163324,720,5.752856873978125,4.0376891515059095,7.880784863061203,0.5125,0.11655329309076991,0.2997374436514191,0.6478555304740407
opening_step,fullstate_voc,0.00017782794100389227,720,5.803944111364208,4.100643847170663,7.9288877642757996,0.4875,0.10683463511582211,0.2887184980763373,0.7223476297968398
opening_step,fullstate_voc,0.0002371373705661655,720,5.908602286403989,4.200504391305976,8.028844853849971,0.4486111111111111,0.09140414818670964,0.2719322382512069,0.8103837471783296
opening_step,fullstate_voc,0.00031622776601683794,720,6.007069927151236,4.310189159317819,8.117694931982884,0.4083333333333333,0.07387654386555538,0.25470872268869144,0.9367945823927766
opening_step,fullstate_voc,0.00042169650342858224,720,6.054004633469271,4.358836466142284,8.158126596443127,0.3875,0.06796667895460867,0.249629941896991,0.9841986455981941
opening_step,fullstate_voc,0.0005623413251903491,720,6.060353564706025,4.361098063041479,8.16455361415771,0.38472222222222224,0.06748721005861653,0.24915607560532307,0.9887133182844243
opening_step,fullstate_voc,0.0007498942093324559,720,6.060353564706025,4.361098063041479,8.16455361415771,0.38472222222222224,0.06748721005861653,0.24915607560532307,0.9887133182844243
opening_step,fullstate_voc,0.001,720,6.0603535647049736,4.361098063040926,8.16455361415671,0.38472222222222224,0.06740955132173992,0.24897368583170748,0.9909706546275395
opening_step,fullstate_voc,0.001333521432163324,720,6.0603535647049736,4.361098063040926,8.16455361415671,0.38472222222222224,0.06740955132173992,0.24897368583170748,0.9909706546275395
opening_step,fullstate_voc,0.0017782794100389228,720,6.0603535647049736,4.361098063040926,8.16455361415671,0.38472222222222224,0.06740955132173992,0.24897368583170748,0.9909706546275395
opening_step,fullstate_voc,0.0023713737056616554,720,6.0603535647049736,4.361098063040926,8.16455361415671,0.38472222222222224,0.06740955132173992,0.24897368583170748,0.9909706546275395
opening_step,fullstate_voc,0.0031622776601683794,720,6.0603535647049736,4.361098063040926,8.16455361415671,0.38472222222222224,0.06740955132173992,0.24897368583170748,0.9909706546275395
opening_step,fullstate_voc,0.004216965034285822,720,6.06035359160787,4.361098088159797,8.16455364030609,0.38472222222222224,0.06687385878550031,0.24848521344002722,1.0
opening_step,fullstate_voc,0.005623413251903491,720,6.06035359160787,4.361098088159797,8.16455364030609,0.38472222222222224,0.06687385878550031,0.24848521344002722,1.0
opening_step,fullstate_voc,0.007498942093324558,720,6.06035359160787,4.361098088159797,8.16455364030609,0.38472222222222224,0.06687385878550031,0.24848521344002722,1.0
opening_step,fullstate_voc,0.01,720,6.06035359160787,4.361098088159797,8.16455364030609,0.38472222222222224,0.06687385878550031,0.24848521344002722,1.0
opening_step,voc,0.0,720,0.09875124693741553,0.01323012561795538,0.2191362710709399,0.9930555555555556,0.7623589664671147,4.454764715705652,0.0
opening_step,hybrid,0.0,720,1.3821674172500666,1.003444004425558,1.8716177555686284,0.7958333333333333,0.3936669913222757,1.5340273653961352,0.022573363431151242
opening_step,voc,1e-08,720,0.09880348800144656,0.013286649655860603,0.2191840347596632,0.9930555555555556,0.7471299277761315,4.274046634227913,0.0
opening_step,hybrid,1e-08,720,1.3821673979343894,1.0034439952506113,1.8716177463936818,0.7958333333333333,0.3919833307260128,1.5275880124336152,0.022573363431151242
opening_step,voc,1.333521432163324e-08,720,0.09883275566188983,0.013301504493754902,0.21920758061838536,0.9930555555555556,0.7409053777036088,4.1963269740390485,0.0
opening_step,hybrid,1.333521432163324e-08,720,1.3821673979343894,1.0034439952506113,1.8716177463936818,0.7958333333333333,0.39096064052342033,1.5260376259211221,0.022573363431151242
opening_step,voc,1.7782794100389228e-08,720,0.09892188201146278,0.01341093410962585,0.21934383603149377,0.9930555555555556,0.7301383144727722,4.057397733682096,0.0
opening_step,hybrid,1.7782794100389228e-08,720,1.3821673979343894,1.0034439952506113,1.8716177463936818,0.7958333333333333,0.3905974091967827,1.5204284594961186,0.022573363431151242
opening_step,voc,2.371373705661655e-08,720,0.09979626811801566,0.014370855448440642,0.21959854646301613,0.9930555555555556,0.7165172372176076,3.801983580440507,0.0
opening_step,hybrid,2.371373705661655e-08,720,1.3821673979343894,1.0034439952506113,1.8716177463936818,0.7958333333333333,0.3903325446852369,1.5168829824822145,0.022573363431151242
opening_step,voc,3.162277660168379e-08,720,0.1005587720742994,0.014575114864281804,0.22042256463094304,0.9930555555555556,0.695970737569697,3.447821806014124,0.0
opening_step,hybrid,3.162277660168379e-08,720,1.3821673979343894,1.0034439952506113,1.8716177463936818,0.7958333333333333,0.3893124869724624,1.4997011649419114,0.022573363431151242
opening_step,voc,4.2169650342858225e-08,720,0.10171516719298762,0.015532550851694216,0.22160320065712852,0.9930555555555556,0.6701074340843917,3.0009754364807426,0.0
opening_step,hybrid,4.2169650342858225e-08,720,1.3821673979343894,1.0034439952506113,1.8716177463936818,0.7958333333333333,0.38749289422835737,1.4735173289821837,0.022573363431151242
opening_step,voc,5.6234132519034905e-08,720,0.10288966834877927,0.01646141275480862,0.22263051958780047,0.9930555555555556,0.6448499588826453,2.6966741782613806,0.0
opening_step,hybrid,5.6234132519034905e-08,720,1.3821673904394296,1.003443993537327,1.8716177237187708,0.7958333333333333,0.3830279729821836,1.458261169904482,0.024830699774266364
opening_step,voc,7.498942093324559e-08,720,0.10457460047033264,0.01789108303303792,0.2237667870954461,0.9930555555555556,0.6257313868760077,2.516661031847495,0.0
opening_step,hybrid,7.498942093324559e-08,720,1.3821674189793063,1.0034440396767272,1.8716177656687438,0.7958333333333333,0.379951361331872,1.4505037673530852,0.02708803611738149
opening_step,voc,1e-07,720,0.10506067812598155,0.019126117232332266,0.2242285463225833,0.9930555555555556,0.6085439566824876,2.442671489114198,0.0
opening_step,hybrid,1e-07,720,1.3821674195456315,1.0034440402147362,1.871617766773078,0.7958333333333333,0.3751026221374214,1.4386743321989242,0.02708803611738149
opening_step,voc,1.333521432163324e-07,720,0.10901622588111659,0.02331448199469618,0.22616928898079025,0.9902777777777778,0.5894162226604861,2.3702730159711285,0.0
opening_step,hybrid,1.333521432163324e-07,720,1.382167417631022,1.003444039073468,1.8716177728828232,0.7958333333333333,0.3716812716971723,1.4322275607961477,0.02708803611738149
opening_step,voc,1.7782794100389227e-07,720,0.11291101095053967,0.02629057802279881,0.23110469688220886,0.9888888888888889,0.5743397103036021,2.2916542635280974,0.0
opening_step,hybrid,1.7782794100389227e-07,720,1.3821674220054032,1.00344404767124,1.8716177755027836,0.7958333333333333,0.3697719914968638,1.4291407699697933,0.02708803611738149
opening_step,voc,2.3713737056616554e-07,720,0.12051078297106008,0.03202612825724506,0.24279298515653028,0.9861111111111112,0.5478763325593727,2.188353178237867,0.0
opening_step,hybrid,2.3713737056616554e-07,720,1.3821674265443038,1.0034440509111497,1.8716177801367533,0.7958333333333333,0.3644125080590942,1.4094097946933086,0.045146726862302484
opening_step,voc,3.162277660168379e-07,720,0.12511766764654553,0.03932411498455145,0.2455810597779866,0.9833333333333333,0.5238344356449345,2.077318514443363,0.0
opening_step,hybrid,3.162277660168379e-07,720,1.3821673808768884,1.003444019603867,1.8716177368621183,0.7958333333333333,0.35653285772577353,1.3955002437349726,0.08803611738148984
opening_step,voc,4.2169650342858225e-07,720,0.14968012300689923,0.057915302043929556,0.2781558631549473,0.9763888888888889,0.4874007959367235,1.8587694598933215,0.0
opening_step,hybrid,4.2169650342858225e-07,720,1.3821673987929177,1.0034440346800413,1.8716177732020962,0.7958333333333333,0.3505255115683955,1.387729419558592,0.09255079006772009
opening_step,voc,5.62341325190349e-07,720,0.177555062510779,0.08215085181669626,0.31279427430283363,0.9722222222222222,0.46764670116143237,1.7512429469656026,0.0
opening_step,hybrid,5.62341325190349e-07,720,1.382167399898572,1.0034440431472145,1.8716177722931502,0.7958333333333333,0.34517558071417,1.3779593382419282,0.09480812641083522
opening_step,voc,7.498942093324558e-07,720,0.17755507904110848,0.08215088216758756,0.31279429264362785,0.9722222222222222,0.45438713731302355,1.698227205335004,0.0
opening_step,hybrid,7.498942093324558e-07,720,1.382167404743464,1.003444046043866,1.8716177765313924,0.7958333333333333,0.34113617623672193,1.3709812759113347,0.09932279909706546
opening_step,voc,1e-06,720,0.17755508690329716,0.08215088282236978,0.3127943006649961,0.9722222222222222,0.4414301515084423,1.6787514968432737,0.0
opening_step,hybrid,1e-06,720,1.3821673828621335,1.0034439749160735,1.87161778244824,0.7958333333333333,0.3325328841004799,1.3595229210335067,0.13318284424379231
opening_step,voc,1.333521432163324e-06,720,0.22465650279097368,0.11622987836277775,0.3719617325368156,0.9638888888888889,0.4249975210171612,1.5551360946530117,0.0
opening_step,hybrid,1.333521432163324e-06,720,1.384510550176182,1.0068441930536856,1.8738051251317096,0.7944444444444444,0.3224282960944305,1.3292086691293459,0.15575620767494355
opening_step,voc,1.7782794100389227e-06,720,0.2486020847536987,0.13781554002000498,0.39282583624015616,0.9611111111111111,0.40549702834805945,1.4639549831752143,0.002257336343115124
opening_step,hybrid,1.7782794100389227e-06,720,1.3845105070355546,1.0068441410494469,1.8738050962888073,0.7944444444444444,0.309362289832145,1.3054118169890696,0.17381489841986456
opening_step,voc,2.3713737056616552e-06,720,0.2656973950159285,0.15420076037803834,0.41796778598176043,0.9597222222222223,0.39506791708015704,1.3917766408571373,0.002257336343115124
opening_step,hybrid,2.3713737056616552e-06,720,1.3865954200500272,1.0087162787184447,1.8751762588937895,0.7944444444444444,0.30107292374055594,1.2643144863154399,0.19413092550790068
opening_step,voc,3.162277660168379e-06,720,0.26718497541565017,0.1553279905249302,0.41988874216675426,0.9597222222222223,0.38900180937269274,1.3547575432237864,0.002257336343115124
opening_step,hybrid,3.162277660168379e-06,720,1.3880830698375308,1.0104003469190925,1.876916434761083,0.7944444444444444,0.29657268419403104,1.229982784843196,0.20090293453724606
opening_step,voc,4.216965034285822e-06,720,0.2717143765616673,0.16229741047978394,0.4242214689328338,0.9583333333333334,0.3800963278525114,1.3062315608140933,0.006772009029345372
opening_step,hybrid,4.216965034285822e-06,720,1.39261248839389,1.0144491038546832,1.8795373928041135,0.7930555555555555,0.2878545793962338,1.1823658500779453,0.2234762979683973
opening_step,voc,5.623413251903491e-06,720,0.29208035837424245,0.18481205536170894,0.44442606671792784,0.9513888888888888,0.3661002735243209,1.1951166673585047,0.020316027088036117
opening_step,hybrid,5.623413251903491e-06,720,1.4129784011959587,1.0360895172352453,1.9001037576969704,0.7861111111111111,0.2735091354319089,1.071537799433453,0.26636568848758463
opening_step,voc,7.498942093324558e-06,720,0.3131556392979829,0.2025828844840885,0.46803482305442584,0.9430555555555555,0.35037094517676154,1.0940921636390764,0.03837471783295711
opening_step,hybrid,7.498942093324558e-06,720,1.434053715781963,1.055675795979568,1.9176067111013289,0.7777777777777778,0.2591916877136786,0.972229223191779,0.3002257336343115
opening_step,voc,9.999999999999999e-06,720,0.33332818373518536,0.22104354523159167,0.4884819787990921,0.9333333333333333,0.34292664082738056,1.0269121686738396,0.05417607223476298
opening_step,hybrid,9.999999999999999e-06,720,1.454226213276377,1.0749446364006843,1.9422864286487378,0.7680555555555556,0.25188864020107293,0.9054166708195832,0.3227990970654628
opening_step,voc,1.333521432163324e-05,720,0.37781129883842274,0.2703082154833048,0.53050224200561,0.9097222222222222,0.33112446672463336,0.9465589946599519,0.09255079006772009
opening_step,hybrid,1.333521432163324e-05,720,1.4987093283796145,1.1249602859487913,1.9737954065990098,0.7444444444444445,0.24012636909659232,0.8252107466529095,0.3611738148984199
opening_step,voc,1.778279410038923e-05,720,0.5232635641428846,0.4117093646528491,0.6866352930571662,0.8638888888888889,0.30269048883909155,0.8128103198682362,0.1670428893905192
opening_step,hybrid,1.778279410038923e-05,720,1.6119473634184023,1.2380046289154882,2.1221272044265866,0.7069444444444445,0.21900975840607403,0.7041415982973174,0.4221218961625282
opening_step,voc,2.3713737056616554e-05,720,0.6916883522770184,0.5563272634278562,0.8704722061104989,0.8194444444444444,0.2768232773153988,0.7230474756848707,0.24153498871331827
opening_step,hybrid,2.3713737056616554e-05,720,1.7563404709790404,1.3697319500735925,2.2367567723219417,0.6708333333333333,0.20008083314123673,0.6246079360792162,0.48306997742663654
opening_step,voc,3.1622776601683795e-05,720,0.9132666633028863,0.7516631928987069,1.1274641080485024,0.7833333333333333,0.25363301335103383,0.6710223372612341,0.30248306997742663
opening_step,hybrid,3.1622776601683795e-05,720,1.9384100396971657,1.545511006614101,2.4329806007428845,0.6430555555555556,0.18186249466065246,0.5798886800069745,0.5304740406320542
opening_step,voc,4.216965034285822e-05,720,1.2587377472173396,1.0736270128433731,1.4922879446111608,0.7194444444444444,0.21709480037031778,0.5857145745556106,0.40857787810383744
opening_step,hybrid,4.216965034285822e-05,720,2.1919828408867748,1.809710715933985,2.702757060161061,0.6013888888888889,0.15826150715347653,0.5121253912777723,0.600451467268623
opening_step,voc,5.623413251903491e-05,720,1.6236427715291402,1.4099784726794045,1.8812107339998427,0.6583333333333333,0.17960189107533497,0.5022183746459127,0.5191873589164786
opening_step,hybrid,5.623413251903491e-05,720,2.422101194948736,2.030860475032598,2.9613515391565977,0.5694444444444444,0.13823802984188363,0.45046558544305904,0.6636568848758465
opening_step,voc,7.498942093324559e-05,720,2.0112092699906086,1.7758574476530988,2.275499474633131,0.6111111111111112,0.15142354241920097,0.41996715862088524,0.6094808126410836
opening_step,hybrid,7.498942093324559e-05,720,2.7392620816595605,2.3365230372691745,3.240751157186127,0.5347222222222222,0.11772012891758865,0.3767625207235647,0.7336343115124153
opening_step,voc,0.0001,720,2.367613986962968,2.0896426679771767,2.649356682300999,0.5875,0.1327886184200387,0.35557802795698684,0.6659142212189616
opening_step,hybrid,0.0001,720,3.076702125244866,2.665159600723723,3.607041712165775,0.5138888888888888,0.10138265815950395,0.3151372972124389,0.7855530474040632
opening_step,voc,0.0001333521432163324,720,2.5907449283421045,2.2698924274273695,2.9048245916408355,0.5736111111111111,0.11896599874435658,0.3270520789902649,0.6930022573363431
opening_step,hybrid,0.0001333521432163324,720,3.176444153050365,2.755408706180425,3.700194657975565,0.5097222222222222,0.09507920017979433,0.29608361285408036,0.7968397291196389
opening_step,voc,0.00017782794100389227,720,3.2941554628564695,2.789487133461636,3.8544735674729913,0.5222222222222223,0.09472768754938522,0.2951998598180075,0.7765237020316027
opening_step,hybrid,0.00017782794100389227,720,3.3643727499524805,2.8735153407947376,3.918423329546976,0.49166666666666664,0.08712895124633091,0.2853176409401688,0.8261851015801355
opening_step,voc,0.0002371373705661655,720,3.4655592244315163,2.972549711179938,3.994028446435554,0.4861111111111111,0.08328009713520308,0.2780334390165384,0.835214446952596
opening_step,hybrid,0.0002371373705661655,720,3.4814684104521723,2.995391121487466,4.010193578297098,0.47638888888888886,0.08204603862159722,0.2766439365720746,0.8510158013544018
opening_step,voc,0.00031622776601683794,720,3.5461826215633816,3.0477138344673973,4.102805886875076,0.45555555555555555,0.07827596431160617,0.2710256750317765,0.8848758465011287
opening_step,hybrid,0.00031622776601683794,720,3.550011670874082,3.052532097886395,4.1058636732704015,0.4527777777777778,0.07794564623993999,0.27067833068316155,0.8893905191873589
opening_step,voc,0.00042169650342858224,720,4.0853201456673345,3.276040958762977,5.107036357696432,0.40694444444444444,0.07052942088518929,0.2612562197219833,0.963882618510158
opening_step,hybrid,0.00042169650342858224,720,4.0853201456673345,3.276040958762977,5.107036357696432,0.40694444444444444,0.07052942088518929,0.2612562197219833,0.963882618510158
opening_step,voc,0.0005623413251903491,720,4.12199360465111,3.306792132817577,5.127223345568772,0.39305555555555555,0.0684418611921714,0.25932545936920076,0.9864559819413092
opening_step,hybrid,0.0005623413251903491,720,4.12199360465111,3.306792132817577,5.127223345568772,0.39305555555555555,0.0684418611921714,0.25932545936920076,0.9864559819413092
opening_step,voc,0.0007498942093324559,720,4.12581890354835,3.310808696659679,5.127223345568772,0.39166666666666666,0.06828203822684069,0.2591675039386448,0.9887133182844243
opening_step,hybrid,0.0007498942093324559,720,4.12581890354835,3.310808696659679,5.127223345568772,0.39166666666666666,0.06828203822684069,0.2591675039386448,0.9887133182844243
opening_step,voc,0.001,720,4.12581890354835,3.310808696659679,5.127223345568772,0.39166666666666666,0.06828203822684069,0.2591675039386448,0.9887133182844243
opening_step,hybrid,0.001,720,4.12581890354835,3.310808696659679,5.127223345568772,0.39166666666666666,0.06828203822684069,0.2591675039386448,0.9887133182844243
opening_step,voc,0.001333521432163324,720,4.345614902756114,3.4708700216247874,5.413510780024993,0.3902777777777778,0.06799857702309695,0.256899248480315,0.9909706546275395
opening_step,hybrid,0.001333521432163324,720,4.345614902756114,3.4708700216247874,5.413510780024993,0.3902777777777778,0.06799857702309695,0.256899248480315,0.9909706546275395
opening_step,voc,0.0017782794100389228,720,5.195250756418593,3.883202646494681,6.791178390657245,0.3875,0.06744501526019013,0.2520067822969799,0.9954853273137697
opening_step,hybrid,0.0017782794100389228,720,5.195250756418593,3.883202646494681,6.791178390657245,0.3875,0.06744501526019013,0.2520067822969799,0.9954853273137697
opening_step,voc,0.0023713737056616554,720,6.06035359160787,4.361098088159797,8.16455364030609,0.38472222222222224,0.06687385878550031,0.24848521344002722,1.0
opening_step,hybrid,0.0023713737056616554,720,6.06035359160787,4.361098088159797,8.16455364030609,0.38472222222222224,0.06687385878550031,0.24848521344002722,1.0
opening_step,voc,0.0031622776601683794,720,6.06035359160787,4.361098088159797,8.16455364030609,0.38472222222222224,0.06687385878550031,0.24848521344002722,1.0
opening_step,hybrid,0.0031622776601683794,720,6.06035359160787,4.361098088159797,8.16455364030609,0.38472222222222224,0.06687385878550031,0.24848521344002722,1.0
opening_step,voc,0.004216965034285822,720,6.06035359160787,4.361098088159797,8.16455364030609,0.38472222222222224,0.06687385878550031,0.24848521344002722,1.0
opening_step,hybrid,0.004216965034285822,720,6.06035359160787,4.361098088159797,8.16455364030609,0.38472222222222224,0.06687385878550031,0.24848521344002722,1.0
opening_step,voc,0.005623413251903491,720,6.06035359160787,4.361098088159797,8.16455364030609,0.38472222222222224,0.06687385878550031,0.24848521344002722,1.0
opening_step,hybrid,0.005623413251903491,720,6.06035359160787,4.361098088159797,8.16455364030609,0.38472222222222224,0.06687385878550031,0.24848521344002722,1.0
opening_step,voc,0.007498942093324558,720,6.06035359160787,4.361098088159797,8.16455364030609,0.38472222222222224,0.06687385878550031,0.24848521344002722,1.0
opening_step,hybrid,0.007498942093324558,720,6.06035359160787,4.361098088159797,8.16455364030609,0.38472222222222224,0.06687385878550031,0.24848521344002722,1.0
opening_step,voc,0.01,720,6.06035359160787,4.361098088159797,8.16455364030609,0.38472222222222224,0.06687385878550031,0.24848521344002722,1.0
opening_step,hybrid,0.01,720,6.06035359160787,4.361098088159797,8.16455364030609,0.38472222222222224,0.06687385878550031,0.24848521344002722,1.0
opening_step,hardlabel,0.01,720,0.10270651758813908,0.016066399024760928,0.2168327652391886,0.9944444444444445,0.5386377187433495,2.5780592281598222,0.002257336343115124
opening_step,hardlabel,0.020000000000000004,720,0.1202255031630052,0.03331225362683555,0.23695361961772463,0.9916666666666667,0.4736694500829536,2.157191370618198,0.004514672686230248
opening_step,hardlabel,0.030000000000000006,720,0.1320421682955061,0.04365634361135471,0.2498268845109689,0.9902777777777778,0.4372066838125726,1.9662192689904663,0.006772009029345372
opening_step,hardlabel,0.04000000000000001,720,0.14419281034665213,0.05755392393879409,0.2628617285604265,0.9875,0.41815475904696076,1.8933382230015618,0.009029345372460496
opening_step,hardlabel,0.05000000000000001,720,0.15144814600823572,0.06556149624016169,0.2701541197903932,0.9861111111111112,0.40871594618030416,1.8500678682793275,0.011286681715575621
opening_step,hardlabel,0.06000000000000001,720,0.162009731964497,0.07468430337595228,0.27948766612293213,0.9847222222222223,0.39437120629823236,1.809401715491822,0.01580135440180587
opening_step,hardlabel,0.07,720,0.16423195418671924,0.07728957547129972,0.2811821105673766,0.9847222222222223,0.38863734791149174,1.7826610017293307,0.01580135440180587
opening_step,hardlabel,0.08,720,0.16695142198030627,0.08015883768053687,0.2849520576065532,0.9847222222222223,0.3859072913260868,1.7575752371598659,0.01580135440180587
opening_step,hardlabel,0.09000000000000001,720,0.1703927593524792,0.08261684025207613,0.28916916080529104,0.9847222222222223,0.38309302116995914,1.7380276064779132,0.01580135440180587
opening_step,hardlabel,0.1,720,0.17586352248859397,0.08881171157575064,0.29143458996862875,0.9833333333333333,0.38106103888280984,1.72483510905707,0.01580135440180587
opening_step,hardlabel,0.15,720,0.58245430954131,0.18922709869569693,1.0162684792749714,0.9763888888888889,0.3716426006078913,1.6771045292751396,0.022573363431151242
opening_step,hardlabel,0.19999999999999998,720,0.6432500532538606,0.2511756414883335,1.088853262257721,0.9680555555555556,0.3623392172603172,1.6419285199404334,0.03611738148984198
opening_step,hardlabel,0.25,720,0.6621994593360169,0.2731161529103413,1.1166556213706322,0.9625,0.35679664843255965,1.5849444000056894,0.045146726862302484
opening_step,hardlabel,0.3,720,0.7547310008796798,0.35834967821560215,1.2238874036898693,0.9486111111111111,0.33413817894450576,1.4838483932125908,0.06772009029345373
opening_step,hardlabel,0.35,720,0.804158405556767,0.41865568942313425,1.2756525592218892,0.9333333333333333,0.32276697186789816,1.4450142812459288,0.09255079006772009
opening_step,hardlabel,0.39999999999999997,720,0.8849947278750478,0.48082128142056263,1.35879568572295,0.9194444444444444,0.3111198836796362,1.4063493837792218,0.11738148984198646
opening_step,hardlabel,0.44999999999999996,720,0.9766239202022511,0.585956857986028,1.4271884661406609,0.9027777777777778,0.302609380952237,1.3711274928514487,0.14446952595936793
opening_step,hardlabel,0.5,720,1.119832154636936,0.7177636213769127,1.55041924418597,0.8777777777777778,0.2862441477157105,1.3407222085056167,0.18510158013544017
opening_step,hardlabel,0.5499999999999999,720,1.7698927597459602,0.8907196887464912,3.0485145275528267,0.8541666666666666,0.27177997890983246,1.305803850298677,0.2234762979683973
opening_step,hardlabel,0.6,720,1.9547315876628082,1.0547898626022592,3.2727004456650675,0.8277777777777777,0.25579614316177113,1.2723322807444977,0.26636568848758463
opening_step,hardlabel,0.6499999999999999,720,2.3230978489306433,1.4366699635690177,3.5277151146724264,0.7805555555555556,0.23255743213503766,1.2203136555153025,0.3431151241534989
opening_step,hardlabel,0.7,720,2.654540665717656,1.7463322694236336,3.9172719682463804,0.7277777777777777,0.19827111885289256,1.1695639336430759,0.4288939051918736
opening_step,hardlabel,0.75,720,2.7737914165006434,1.8641983475058692,4.041140530014827,0.6986111111111111,0.1771973703240037,1.1174706330027826,0.47404063205417607
opening_step,hardlabel,0.7999999999999999,720,2.922815056978197,2.001993189545233,4.204769920703764,0.6597222222222222,0.15569171255183706,1.0273342341318716,0.5372460496613995
opening_step,hardlabel,0.85,720,3.521580562134831,2.3288954919604223,4.904887763081164,0.5972222222222222,0.13496713451942588,0.8992984942485438,0.6388261851015802
opening_step,hardlabel,0.8999999999999999,720,4.753370609407696,3.1408473981002296,6.432794957558918,0.5069444444444444,0.10751230599805556,0.7333206553609973,0.7787810383747178
opening_step,hardlabel,0.95,720,5.745213655846454,4.033525993850392,7.8023412983749125,0.41388888888888886,0.08193306669504008,0.5070314569539429,0.9142212189616253
opening_step,voc_seq,0.0,720,0.09612643048586766,0.00846828923435933,0.2133828360043628,0.9944444444444445,1.565583843978307,8.850093383478907,0.0
opening_step,voc_seq,1e-08,720,0.09616230493362764,0.008515392416743142,0.2134129562428816,0.9944444444444445,1.5386932669209263,8.605386021731748,0.0
opening_step,voc_seq,1.333521432163324e-08,720,0.0961945172338185,0.008549796361165783,0.21345579781584112,0.9944444444444445,1.519259889705068,8.28060196724289,0.0
opening_step,voc_seq,1.7782794100389228e-08,720,0.09624171790075652,0.008577877403121676,0.21351788972778005,0.9944444444444445,1.4929480645522621,7.901745302181775,0.0
opening_step,voc_seq,2.371373705661655e-08,720,0.09644994610622991,0.008862883591685492,0.21374830512192072,0.9944444444444445,1.4700083824461854,7.495791724653989,0.0
opening_step,voc_seq,3.162277660168379e-08,720,0.09715462760419796,0.010081910778465531,0.21381623584800094,0.9944444444444445,1.4354674964164549,6.95116144780953,0.0
opening_step,voc_seq,4.2169650342858225e-08,720,0.09883152255351325,0.011874328142050519,0.21526799211279804,0.9944444444444445,1.3849142593683692,6.02056110229692,0.0
opening_step,voc_seq,5.6234132519034905e-08,720,0.1001407680326425,0.013330832851129291,0.2160322668775522,0.9944444444444445,1.3234921942223254,5.238257295975998,0.0
opening_step,voc_seq,7.498942093324559e-08,720,0.10168947687383785,0.014433828605482759,0.21738398278947954,0.9944444444444445,1.2846850529153322,4.796224227178785,0.0
opening_step,voc_seq,1e-07,720,0.10210606928586718,0.0144337477920614,0.21759381278790307,0.9944444444444445,1.2498585298880054,4.602773170452343,0.0
opening_step,voc_seq,1.333521432163324e-07,720,0.10400569632253054,0.018012901620488766,0.2184419224757801,0.9930555555555556,1.214187841901089,4.372358917235609,0.0
opening_step,voc_seq,1.7782794100389227e-07,720,0.1047803196574982,0.018842643241668844,0.21958780361109786,0.9930555555555556,1.167913866590677,4.069383031218907,0.0
opening_step,voc_seq,2.3713737056616554e-07,720,0.10516612824420037,0.019228481390456166,0.21997361709910232,0.9930555555555556,1.1030918170682762,3.8683615849966677,0.0
opening_step,voc_seq,3.162277660168379e-07,720,0.1052459791546453,0.01929995652373907,0.22001164514005483,0.9930555555555556,1.0103562123941103,3.344400810500833,0.0
opening_step,voc_seq,4.2169650342858225e-07,720,0.1054549277624781,0.01939927521099645,0.22030900766894781,0.9930555555555556,0.8854670168711124,2.9792310076047923,0.0
opening_step,voc_seq,5.62341325190349e-07,720,0.10916831553629645,0.022908725507227355,0.22374036291125934,0.9916666666666667,0.8134353863521008,2.728381189051945,0.0
opening_step,voc_seq,7.498942093324558e-07,720,0.11691391673826931,0.02759351405283507,0.2345109125795496,0.9888888888888889,0.7756600079192831,2.5615547651033213,0.0
opening_step,voc_seq,1e-06,720,0.13627778021126427,0.04535201199617579,0.2578552346581887,0.9805555555555555,0.6999401748269615,2.2579279459490356,0.0
opening_step,voc_seq,1.333521432163324e-06,720,0.15142353387411245,0.06003898687284085,0.28046772220037836,0.9763888888888889,0.6416926856732723,2.123149963242071,0.0
opening_step,voc_seq,1.7782794100389227e-06,720,0.16069769412484922,0.06590325579342174,0.2928625407502076,0.975,0.5811378013372942,1.9618150750795191,0.002257336343115124
opening_step,voc_seq,2.3713737056616552e-06,720,0.1660972113651826,0.07020798243096917,0.2965332028919291,0.9736111111111111,0.531743329433687,1.8146737463211138,0.002257336343115124
opening_step,voc_seq,3.162277660168379e-06,720,0.22853071562807073,0.1248287446121679,0.3663715247127577,0.9638888888888889,0.49395873333419255,1.5629097452196623,0.002257336343115124
opening_step,voc_seq,4.216965034285822e-06,720,0.23442625968410363,0.13194333051126425,0.37200667348010025,0.9625,0.4613692083409827,1.4770629722668471,0.006772009029345372
opening_step,voc_seq,5.623413251903491e-06,720,0.29036372038450914,0.18399664876313088,0.4427705781342203,0.9527777777777777,0.41111435314945105,1.2630605089570761,0.020316027088036117
opening_step,voc_seq,7.498942093324558e-06,720,0.31143900947889586,0.19976050626092717,0.46794783153956193,0.9444444444444444,0.37560467127084696,1.1367852711320463,0.03837471783295711
opening_step,voc_seq,9.999999999999999e-06,720,0.33332818373518536,0.22104354523159167,0.4884819787990921,0.9333333333333333,0.35461609829706653,1.0423063103710168,0.05417607223476298
opening_step,voc_seq,1.333521432163324e-05,720,0.37781129883842274,0.2703082154833048,0.53050224200561,0.9097222222222222,0.3370389938986438,0.9549881004585283,0.09255079006772009
opening_step,voc_seq,1.778279410038923e-05,720,0.5232635641428846,0.4117093646528491,0.6866352930571662,0.8638888888888889,0.3074088982960639,0.819919048936289,0.1670428893905192
opening_step,voc_seq,2.3713737056616554e-05,720,0.6916883522770184,0.5563272634278562,0.8704722061104989,0.8194444444444444,0.2788981434938399,0.7264408167265376,0.24153498871331827
opening_step,voc_seq,3.1622776601683795e-05,720,0.9132666633028863,0.7516631928987069,1.1274641080485024,0.7833333333333333,0.25393406926656065,0.6719196953931815,0.30248306997742663
opening_step,voc_seq,4.216965034285822e-05,720,1.2587377472173396,1.0736270128433731,1.4922879446111608,0.7194444444444444,0.21709480037031778,0.5857145745556106,0.40857787810383744
opening_step,voc_seq,5.623413251903491e-05,720,1.6236427715291402,1.4099784726794045,1.8812107339998427,0.6583333333333333,0.17960189107533497,0.5022183746459127,0.5191873589164786
opening_step,voc_seq,7.498942093324559e-05,720,2.0112092699906086,1.7758574476530988,2.275499474633131,0.6111111111111112,0.15142354241920097,0.41996715862088524,0.6094808126410836
opening_step,voc_seq,0.0001,720,2.367613986962968,2.0896426679771767,2.649356682300999,0.5875,0.1327886184200387,0.35557802795698684,0.6659142212189616
opening_step,voc_seq,0.0001333521432163324,720,2.5907449283421045,2.2698924274273695,2.9048245916408355,0.5736111111111111,0.11896599874435658,0.3270520789902649,0.6930022573363431
opening_step,voc_seq,0.00017782794100389227,720,3.2941554628564695,2.789487133461636,3.8544735674729913,0.5222222222222223,0.09472768754938522,0.2951998598180075,0.7765237020316027
opening_step,voc_seq,0.0002371373705661655,720,3.4655592244315163,2.972549711179938,3.994028446435554,0.4861111111111111,0.08328009713520308,0.2780334390165384,0.835214446952596
opening_step,voc_seq,0.00031622776601683794,720,3.5461826215633816,3.0477138344673973,4.102805886875076,0.45555555555555555,0.07827596431160617,0.2710256750317765,0.8848758465011287
opening_step,voc_seq,0.00042169650342858224,720,4.0853201456673345,3.276040958762977,5.107036357696432,0.40694444444444444,0.07052942088518929,0.2612562197219833,0.963882618510158
opening_step,voc_seq,0.0005623413251903491,720,4.12199360465111,3.306792132817577,5.127223345568772,0.39305555555555555,0.0684418611921714,0.25932545936920076,0.9864559819413092
opening_step,voc_seq,0.0007498942093324559,720,4.12581890354835,3.310808696659679,5.127223345568772,0.39166666666666666,0.06828203822684069,0.2591675039386448,0.9887133182844243
opening_step,voc_seq,0.001,720,4.12581890354835,3.310808696659679,5.127223345568772,0.39166666666666666,0.06828203822684069,0.2591675039386448,0.9887133182844243
opening_step,voc_seq,0.001333521432163324,720,4.345614902756114,3.4708700216247874,5.413510780024993,0.3902777777777778,0.06799857702309695,0.256899248480315,0.9909706546275395
opening_step,voc_seq,0.0017782794100389228,720,5.195250756418593,3.883202646494681,6.791178390657245,0.3875,0.06744501526019013,0.2520067822969799,0.9954853273137697
opening_step,voc_seq,0.0023713737056616554,720,6.06035359160787,4.361098088159797,8.16455364030609,0.38472222222222224,0.06687385878550031,0.24848521344002722,1.0
opening_step,voc_seq,0.0031622776601683794,720,6.06035359160787,4.361098088159797,8.16455364030609,0.38472222222222224,0.06687385878550031,0.24848521344002722,1.0
opening_step,voc_seq,0.004216965034285822,720,6.06035359160787,4.361098088159797,8.16455364030609,0.38472222222222224,0.06687385878550031,0.24848521344002722,1.0
opening_step,voc_seq,0.005623413251903491,720,6.06035359160787,4.361098088159797,8.16455364030609,0.38472222222222224,0.06687385878550031,0.24848521344002722,1.0
opening_step,voc_seq,0.007498942093324558,720,6.06035359160787,4.361098088159797,8.16455364030609,0.38472222222222224,0.06687385878550031,0.24848521344002722,1.0
opening_step,voc_seq,0.01,720,6.06035359160787,4.361098088159797,8.16455364030609,0.38472222222222224,0.06687385878550031,0.24848521344002722,1.0
opening_step,hybrid_seq,0.0,720,1.37652496810693,0.9951394842777646,1.8676179936590376,0.7986111111111112,0.6622401243764569,2.6456629470591198,0.022573363431151242
opening_step,hybrid_seq,1e-08,720,1.3765249487912528,0.9951394751028179,1.867617984484091,0.7986111111111112,0.6600261776816174,2.632572165463282,0.022573363431151242
opening_step,hybrid_seq,1.333521432163324e-08,720,1.3765249487912528,0.9951394751028179,1.867617984484091,0.7986111111111112,0.6563369289030493,2.5898381991076853,0.022573363431151242
opening_step,hybrid_seq,1.7782794100389228e-08,720,1.3765249479347488,0.995139474289139,1.867617983670412,0.7986111111111112,0.6521072445545779,2.539369070535425,0.022573363431151242
opening_step,hybrid_seq,2.371373705661655e-08,720,1.3765249479347488,0.995139474289139,1.867617983670412,0.7986111111111112,0.6508930990757292,2.52228716837428,0.022573363431151242
opening_step,hybrid_seq,3.162277660168379e-08,720,1.3765249478655053,0.9951394742562484,1.867617983670412,0.7986111111111112,0.6438597995539103,2.422652910474224,0.022573363431151242
opening_step,hybrid_seq,4.2169650342858225e-08,720,1.3765249478655053,0.9951394742562484,1.867617983670412,0.7986111111111112,0.6374469071603179,2.3158369458631065,0.022573363431151242
opening_step,hybrid_seq,5.6234132519034905e-08,720,1.376524963220471,0.9951394854359306,1.8676179888640898,0.7986111111111112,0.6233189215008541,2.1714274252604002,0.024830699774266364
opening_step,hybrid_seq,7.498942093324559e-08,720,1.3765249957913412,0.9951395263715511,1.8676180343011648,0.7986111111111112,0.6126014377453457,2.129320860343685,0.02708803611738149
opening_step,hybrid_seq,1e-07,720,1.3765249796754766,0.9951394939018773,1.8676180039909407,0.7986111111111112,0.6029975322891861,2.0613904818172664,0.02708803611738149
opening_step,hybrid_seq,1.333521432163324e-07,720,1.3765249777608668,0.9951394775256087,1.8676180101006858,0.7986111111111112,0.5915555456649142,1.9924130953200399,0.02708803611738149
opening_step,hybrid_seq,1.7782794100389227e-07,720,1.3765249777608668,0.9951394775256087,1.8676180101006858,0.7986111111111112,0.5808838836542987,1.9159995916519417,0.02708803611738149
opening_step,hybrid_seq,2.3713737056616554e-07,720,1.3765249855584538,0.995139488018515,1.8676180188053968,0.7986111111111112,0.5500360233766818,1.8208588144685058,0.045146726862302484
opening_step,hybrid_seq,3.162277660168379e-07,720,1.3765249370062675,0.9951394648958489,1.867617975246828,0.7986111111111112,0.5169239031848912,1.6839611957712401,0.08803611738148984
opening_step,hybrid_seq,4.2169650342858225e-07,720,1.3765249544106775,0.9951394570680862,1.8676180100512825,0.7986111111111112,0.4877933771467372,1.6256901759198323,0.09255079006772009
opening_step,hybrid_seq,5.62341325190349e-07,720,1.3765249555163317,0.9951394621476587,1.867618009142336,0.7986111111111112,0.4745259093533448,1.5906710084462248,0.09480812641083522
opening_step,hybrid_seq,7.498942093324558e-07,720,1.3765249604094791,0.9951394670649467,1.8676180144072148,0.7986111111111112,0.4650086225561202,1.5582624629558874,0.09932279909706546
opening_step,hybrid_seq,1e-06,720,1.3765249389220657,0.9951394443543804,1.8676180174310846,0.7986111111111112,0.4232168548155836,1.4800978074724904,0.13318284424379231
opening_step,hybrid_seq,1.333521432163324e-06,720,1.3788681164532866,0.9980055714700306,1.8698053628974878,0.7972222222222223,0.38733116301446413,1.4141710843127637,0.15575620767494355
opening_step,hybrid_seq,1.7782794100389227e-06,720,1.3788680646088118,0.998005511197137,1.8698053341646297,0.7972222222222223,0.3585266717349605,1.3670170184460504,0.17381489841986456
opening_step,hybrid_seq,2.3713737056616552e-06,720,1.3809529776232845,0.9998776488661347,1.8711764967696116,0.7972222222222223,0.34022982750838715,1.313366351900196,0.19413092550790068
opening_step,hybrid_seq,3.162277660168379e-06,720,1.382440627410788,1.0015617170667828,1.8729166726369055,0.7972222222222223,0.3317413133740695,1.2746529801557296,0.20090293453724606
opening_step,hybrid_seq,4.216965034285822e-06,720,1.388081157078258,1.008454235767102,1.8755376306799358,0.7958333333333333,0.31149030596672017,1.2123551105682155,0.2234762979683973
opening_step,hybrid_seq,5.623413251903491e-06,720,1.4084470664960849,1.029324755947818,1.8951146014317095,0.7888888888888889,0.284287376936386,1.0864087816723238,0.26636568848758463
opening_step,hybrid_seq,7.498942093324558e-06,720,1.4311432024362065,1.0512372583408853,1.9160786890819446,0.7791666666666667,0.2647728927836533,0.9803782993903547,0.3002257336343115
opening_step,hybrid_seq,9.999999999999999e-06,720,1.454226213276377,1.0749446364006843,1.9422864286487378,0.7680555555555556,0.2551729102408673,0.9103288946306748,0.3227990970654628
opening_step,hybrid_seq,1.333521432163324e-05,720,1.4987093283796145,1.1249602859487913,1.9737954065990098,0.7444444444444445,0.24320895318893804,0.8299105970403919,0.3611738148984199
opening_step,hybrid_seq,1.778279410038923e-05,720,1.6119473634184023,1.2380046289154882,2.1221272044265866,0.7069444444444445,0.22191620205108054,0.7086827448264861,0.4221218961625282
opening_step,hybrid_seq,2.3713737056616554e-05,720,1.7563404709790404,1.3697319500735925,2.2367567723219417,0.6708333333333333,0.2012497164136949,0.6267174858514408,0.48306997742663654
opening_step,hybrid_seq,3.1622776601683795e-05,720,1.9384100396971657,1.545511006614101,2.4329806007428845,0.6430555555555556,0.1821635505761792,0.5807860381389218,0.5304740406320542
opening_step,hybrid_seq,4.216965034285822e-05,720,2.1919828408867748,1.809710715933985,2.702757060161061,0.6013888888888889,0.15826150715347653,0.5121253912777723,0.600451467268623
opening_step,hybrid_seq,5.623413251903491e-05,720,2.422101194948736,2.030860475032598,2.9613515391565977,0.5694444444444444,0.13823802984188363,0.45046558544305904,0.6636568848758465
opening_step,hybrid_seq,7.498942093324559e-05,720,2.7392620816595605,2.3365230372691745,3.240751157186127,0.5347222222222222,0.11772012891758865,0.3767625207235647,0.7336343115124153
opening_step,hybrid_seq,0.0001,720,3.076702125244866,2.665159600723723,3.607041712165775,0.5138888888888888,0.10138265815950395,0.3151372972124389,0.7855530474040632
opening_step,hybrid_seq,0.0001333521432163324,720,3.176444153050365,2.755408706180425,3.700194657975565,0.5097222222222222,0.09507920017979433,0.29608361285408036,0.7968397291196389
opening_step,hybrid_seq,0.00017782794100389227,720,3.3643727499524805,2.8735153407947376,3.918423329546976,0.49166666666666664,0.08712895124633091,0.2853176409401688,0.8261851015801355
opening_step,hybrid_seq,0.0002371373705661655,720,3.4814684104521723,2.995391121487466,4.010193578297098,0.47638888888888886,0.08204603862159722,0.2766439365720746,0.8510158013544018
opening_step,hybrid_seq,0.00031622776601683794,720,3.550011670874082,3.052532097886395,4.1058636732704015,0.4527777777777778,0.07794564623993999,0.27067833068316155,0.8893905191873589
opening_step,hybrid_seq,0.00042169650342858224,720,4.0853201456673345,3.276040958762977,5.107036357696432,0.40694444444444444,0.07052942088518929,0.2612562197219833,0.963882618510158
opening_step,hybrid_seq,0.0005623413251903491,720,4.12199360465111,3.306792132817577,5.127223345568772,0.39305555555555555,0.0684418611921714,0.25932545936920076,0.9864559819413092
opening_step,hybrid_seq,0.0007498942093324559,720,4.12581890354835,3.310808696659679,5.127223345568772,0.39166666666666666,0.06828203822684069,0.2591675039386448,0.9887133182844243
opening_step,hybrid_seq,0.001,720,4.12581890354835,3.310808696659679,5.127223345568772,0.39166666666666666,0.06828203822684069,0.2591675039386448,0.9887133182844243
opening_step,hybrid_seq,0.001333521432163324,720,4.345614902756114,3.4708700216247874,5.413510780024993,0.3902777777777778,0.06799857702309695,0.256899248480315,0.9909706546275395
opening_step,hybrid_seq,0.0017782794100389228,720,5.195250756418593,3.883202646494681,6.791178390657245,0.3875,0.06744501526019013,0.2520067822969799,0.9954853273137697
opening_step,hybrid_seq,0.0023713737056616554,720,6.06035359160787,4.361098088159797,8.16455364030609,0.38472222222222224,0.06687385878550031,0.24848521344002722,1.0
opening_step,hybrid_seq,0.0031622776601683794,720,6.06035359160787,4.361098088159797,8.16455364030609,0.38472222222222224,0.06687385878550031,0.24848521344002722,1.0
opening_step,hybrid_seq,0.004216965034285822,720,6.06035359160787,4.361098088159797,8.16455364030609,0.38472222222222224,0.06687385878550031,0.24848521344002722,1.0
opening_step,hybrid_seq,0.005623413251903491,720,6.06035359160787,4.361098088159797,8.16455364030609,0.38472222222222224,0.06687385878550031,0.24848521344002722,1.0
opening_step,hybrid_seq,0.007498942093324558,720,6.06035359160787,4.361098088159797,8.16455364030609,0.38472222222222224,0.06687385878550031,0.24848521344002722,1.0
opening_step,hybrid_seq,0.01,720,6.06035359160787,4.361098088159797,8.16455364030609,0.38472222222222224,0.06687385878550031,0.24848521344002722,1.0
opening_step,oracle,0.0,720,0.16593649985534248,0.14584520902863451,0.19012314211758638,1.0,0.28597653832156317,1.2595147537556033,0.0
opening_step,oracle_voc,0.0,720,0.17489661375181076,0.07742820686028248,0.31146172993452137,0.9777777777777777,0.5219539884998511,2.5093264054560374,0.006772009029345372
opening_step,oracle_voc,1e-08,720,0.1905906102355478,0.08505197799784038,0.34064116315673293,0.9722222222222222,0.3579911161063712,1.9659776034852157,0.011286681715575621
opening_step,oracle_voc,1.333521432163324e-08,720,0.2017243681045684,0.10033026114008109,0.3566442484826163,0.9708333333333333,0.35460641338383525,1.8925637995282563,0.011286681715575621
opening_step,oracle_voc,1.7782794100389228e-08,720,0.20173695162009256,0.10035373104462393,0.35665286933106605,0.9708333333333333,0.35309040044445256,1.8662941985740973,0.011286681715575621
opening_step,oracle_voc,2.371373705661655e-08,720,0.20360416877966808,0.10151874423094716,0.35857556900978516,0.9694444444444444,0.3495923308460575,1.786487078522714,0.011286681715575621
opening_step,oracle_voc,3.162277660168379e-08,720,0.20361611457963297,0.10153068363864735,0.35857556194465046,0.9694444444444444,0.3487533768976413,1.7661490786907557,0.013544018058690745
opening_step,oracle_voc,4.2169650342858225e-08,720,0.20361611457963297,0.10153068363864735,0.35857556194465046,0.9694444444444444,0.3487385709842225,1.766115563103267,0.013544018058690745
opening_step,oracle_voc,5.6234132519034905e-08,720,0.2044438492329695,0.10181085246814668,0.35864123752761234,0.9694444444444444,0.3459395881927729,1.7291334004615742,0.013544018058690745
opening_step,oracle_voc,7.498942093324559e-08,720,0.20806819360721637,0.10399257380545145,0.36270659654280923,0.9680555555555556,0.3413304985643397,1.6706394422393411,0.013544018058690745
opening_step,oracle_voc,1e-07,720,0.21575317683736855,0.115092733611327,0.3692816607673563,0.9666666666666667,0.3360501669045351,1.5664209838865444,0.013544018058690745
opening_step,oracle_voc,1.333521432163324e-07,720,0.21587076422737322,0.11542055450102981,0.36939832261867744,0.9666666666666667,0.33274246346910036,1.500278643790716,0.013544018058690745
opening_step,oracle_voc,1.7782794100389227e-07,720,0.21591594013807627,0.1154700998356355,0.3694271468988984,0.9666666666666667,0.3311599438388486,1.4930394472087654,0.013544018058690745
opening_step,oracle_voc,2.3713737056616554e-07,720,0.21793597765389552,0.11547973713081014,0.3715433676429212,0.9652777777777778,0.3302009198367383,1.4842132858545989,0.013544018058690745
opening_step,oracle_voc,3.162277660168379e-07,720,0.21893547606397337,0.11635703016205291,0.3727331606741639,0.9652777777777778,0.32774934920201415,1.4474328534754326,0.013544018058690745
opening_step,oracle_voc,4.2169650342858225e-07,720,0.21956047606397336,0.11717821071760845,0.37298514182373915,0.9652777777777778,0.32617319018362806,1.4132155004907063,0.013544018058690745
opening_step,oracle_voc,5.62341325190349e-07,720,0.23082201752057704,0.12263869235834565,0.3831950426826043,0.9638888888888889,0.3210044156383613,1.3044989384934726,0.013544018058690745
opening_step,oracle_voc,7.498942093324558e-07,720,0.2374040065256432,0.12989313220444856,0.38728204324409427,0.9625,0.3165864885991058,1.2090867883142993,0.013544018058690745
opening_step,oracle_voc,1e-06,720,0.2398969790949389,0.13202268581618237,0.39111279675395155,0.9625,0.3126745353476634,1.1658007659295335,0.01580135440180587
opening_step,oracle_voc,1.333521432163324e-06,720,0.2411301135883244,0.13343432944951303,0.3920076608394553,0.9625,0.3114458926146214,1.1382587530781367,0.01580135440180587
opening_step,oracle_voc,1.7782794100389227e-06,720,0.2417946308670436,0.1340602346917053,0.3925100685626158,0.9625,0.31031840540781364,1.1300458634378427,0.01580135440180587
opening_step,oracle_voc,2.3713737056616552e-06,720,0.24267987507336664,0.1349469321869939,0.39359599760506364,0.9625,0.30987572141246045,1.1224590381322843,0.01580135440180587
opening_step,oracle_voc,3.162277660168379e-06,720,0.2659178525289528,0.15336297917523045,0.42022134341666406,0.9611111111111111,0.30656046005308213,1.0754807717670094,0.01580135440180587
opening_step,oracle_voc,4.216965034285822e-06,720,0.2744804786869685,0.16149466948392574,0.42912418627356874,0.9611111111111111,0.30349359679166954,1.0307327614766917,0.01580135440180587
opening_step,oracle_voc,5.623413251903491e-06,720,0.28848349666312906,0.17731468018555677,0.44350888996460974,0.9583333333333334,0.299740270837001,0.9771339007336691,0.020316027088036117
opening_step,oracle_voc,7.498942093324558e-06,720,0.31349678836765266,0.20215504134669865,0.4693538939188319,0.95,0.29309527991877893,0.9072188700461286,0.033860045146726865
opening_step,oracle_voc,9.999999999999999e-06,720,0.3379815579316211,0.22678231475526803,0.4886585512514505,0.9375,0.28607857332475894,0.8505635995919066,0.05191873589164785
opening_step,oracle_voc,1.333521432163324e-05,720,0.3989486229539426,0.2897452981221518,0.5526929649938893,0.9013888888888889,0.2713373581903352,0.7564560772294397,0.11512415349887133
opening_step,oracle_voc,1.778279410038923e-05,720,0.45826279748642945,0.35050486407104176,0.6133133422076503,0.8694444444444445,0.25837475868282384,0.6851386681821876,0.16930022573363432
opening_step,oracle_voc,2.3713737056616554e-05,720,0.5124706992519645,0.40414659166017725,0.676363034841671,0.85,0.24954076070114478,0.636431316947417,0.2054176072234763
opening_step,oracle_voc,3.1622776601683795e-05,720,0.5697965330011567,0.4588208784337332,0.7437139437094361,0.8319444444444445,0.24125752026446662,0.5976140318335132,0.23927765237020315
opening_step,oracle_voc,4.216965034285822e-05,720,0.6147590790750943,0.49717579376904614,0.7908165667280115,0.8152777777777778,0.23239115787320222,0.5754889945349027,0.2708803611738149
opening_step,oracle_voc,5.623413251903491e-05,720,0.7288178029457522,0.5943132236985212,0.9096192125806349,0.7944444444444444,0.22201841517227364,0.5349968207654153,0.31376975169300225
opening_step,oracle_voc,7.498942093324559e-05,720,0.8731840588761175,0.7312123717646852,1.0663726360800834,0.7708333333333334,0.21076012831512447,0.4942388584084256,0.35665914221218964
opening_step,oracle_voc,0.0001,720,1.2075869922419435,1.0277270785672996,1.414068089375353,0.725,0.18655771114444977,0.4236882775375913,0.44469525959367945
opening_step,oracle_voc,0.0001333521432163324,720,1.5119706635512122,1.286361842481797,1.7537909850285316,0.6861111111111111,0.16326359928339548,0.3801192173097459,0.5079006772009029
opening_step,oracle_voc,0.00017782794100389227,720,1.8389488378549121,1.589032542399242,2.084356398151745,0.6291666666666667,0.1371855111603421,0.3454801789569097,0.600451467268623
opening_step,oracle_voc,0.0002371373705661655,720,2.335418675250921,2.0982053370773444,2.6347421842358902,0.5486111111111112,0.10846264868726724,0.30497031788461554,0.7313769751693002
opening_step,oracle_voc,0.00031622776601683794,720,2.640414846641703,2.3457821875704212,2.928991235109026,0.5013888888888889,0.09386491233649183,0.2864648773998245,0.8103837471783296
opening_step,oracle_voc,0.00042169650342858224,720,2.9135979071669977,2.6073128516237096,3.2356585468553294,0.44027777777777777,0.08209858250160372,0.273809859844227,0.909706546275395
opening_step,oracle_voc,0.0005623413251903491,720,3.075034979440057,2.79306085632478,3.3836307987765464,0.4125,0.0766547083818672,0.26805114128029445,0.9548532731376975
opening_step,oracle_voc,0.0007498942093324559,720,3.2352128453881557,2.9173596012399403,3.553778473764382,0.4,0.0723369707204892,0.2640186953469614,0.9751693002257337
opening_step,oracle_voc,0.001,720,3.2725912376052584,2.947911525536889,3.583297804701684,0.39861111111111114,0.07158756584097169,0.2633125207566789,0.9774266365688488
opening_step,oracle_voc,0.001333521432163324,720,3.3130178249068445,3.003536676288602,3.6199200435391257,0.3972222222222222,0.07091631782027111,0.2625954366511299,0.9796839729119639
opening_step,oracle_voc,0.0017782794100389228,720,3.5328138241146094,3.080904859302369,4.154016283026623,0.3958333333333333,0.07066548359264577,0.26060121620668925,0.981941309255079
opening_step,oracle_voc,0.0023713737056616554,720,4.150300869693023,3.2937800183939707,5.191213556279176,0.39305555555555555,0.07017486761898867,0.2562776601525204,0.9864559819413092
opening_step,oracle_voc,0.0031622776601683794,720,4.963101948334528,3.7463981385934124,6.589835149157995,0.3875,0.06730220544633889,0.25141785859836496,0.9954853273137697
opening_step,oracle_voc,0.004216965034285822,720,5.521294634691771,4.068575590825688,7.37520093379613,0.3861111111111111,0.06706242370030713,0.2490885229886367,0.9977426636568849
opening_step,oracle_voc,0.005623413251903491,720,5.521294634691771,4.068575590825688,7.37520093379613,0.3861111111111111,0.06706242370030713,0.2490885229886367,0.9977426636568849
opening_step,oracle_voc,0.007498942093324558,720,5.521294634691771,4.068575590825688,7.37520093379613,0.3861111111111111,0.06706242370030713,0.2490885229886367,0.9977426636568849
opening_step,oracle_voc,0.01,720,5.521294634691771,4.068575590825688,7.37520093379613,0.3861111111111111,0.06706242370030713,0.2490885229886367,0.9977426636568849
combo,uniform_coarse,0.0,720,20.328185951937687,16.971894404461676,25.406220346901225,0.19027777777777777,0.020948866564362945,0.4632787595624803,1.0
combo,uniform_medium,1.0,720,12.935504987868045,7.300025002492548,19.35256304327776,0.3902777777777778,0.06171938794140977,0.23542309286385715,1.0
combo,uniform_fine,2.0,720,0.00028245014335998264,0.0001696114363519089,0.0004274870637806848,1.0,1.0,5.30260320142766,0.0
combo,random,0.0,720,12.935504987868045,7.300025002492548,19.35256304327776,0.3902777777777778,0.06171938794140977,0.23542309286385715,1.0
combo,random,1.0,720,11.10007797272129,5.467326175744976,16.630211346956678,0.5305555555555556,0.21062152043272048,1.0850410022263937,0.0
combo,random,2.0,720,7.3362955410837065,2.966982586888125,12.333776117966824,0.6791666666666667,0.39834210483035887,2.0082713794125993,0.0
combo,random,3.0,720,4.113452344221246,1.3711526459584367,7.7356224696609095,0.8263888888888888,0.5870252922860236,3.1555589866291482,0.0
combo,random,4.0,720,0.00028245014335998264,0.0001696114363519089,0.0004274870637806848,1.0,1.0,5.30260320142766,0.0
combo,share,0.0,720,12.935504987868045,7.300025002492548,19.35256304327776,0.3902777777777778,0.06171938794140977,0.23542309286385715,1.0
combo,share,1.0,720,8.790952251164747,4.274875871945226,13.96112111289693,0.6055555555555555,0.19728186843209966,1.1052719813901097,0.0
combo,share,2.0,720,1.1305155612170859,0.8748003856399201,1.405354718635183,0.7791666666666667,0.35780008596788915,1.5039158524024667,0.0
combo,share,3.0,720,0.9869307368457622,0.7515048467789135,1.258327971952674,0.8083333333333333,0.4110519642197657,1.6976209172291117,0.0
combo,share,4.0,720,0.00028245014335998264,0.0001696114363519089,0.0004274870637806848,1.0,1.0617193879414097,5.538026294291518,0.0
combo,discrepancy,0.01,720,3.927045003569076,0.8280299896051974,8.573756716981496,0.9736111111111111,1.005828561820589,5.542337372937315,0.0
combo,discrepancy,0.020000000000000004,720,3.928195914835309,0.828768444932765,8.575166654646232,0.9736111111111111,0.9674923426122635,5.486001211615247,0.0
combo,discrepancy,0.030000000000000006,720,3.928196328998355,0.8287690664918327,8.57516745630817,0.9736111111111111,0.9170594193068258,5.38369516813312,0.0
combo,discrepancy,0.04000000000000001,720,5.108601813041587,0.8928661168436121,10.410925716157978,0.9680555555555556,0.8634057862279405,5.293920460196862,0.0
combo,discrepancy,0.05000000000000001,720,5.160511038452093,0.9316396751067338,10.472927886351112,0.9611111111111111,0.840426329017404,5.190131942516473,0.0
combo,discrepancy,0.06000000000000001,720,5.16058351952855,0.9316760688190302,10.472995931192692,0.9611111111111111,0.8242452609337815,5.1064232154080145,0.015945330296127564
combo,discrepancy,0.07,720,5.16071381125373,0.9317737842234343,10.473167360601423,0.9611111111111111,0.8105675211306179,5.030286653709391,0.029612756264236904
combo,discrepancy,0.08,720,6.21943484770887,1.410511235687148,11.767620737257083,0.9569444444444445,0.7814156653298341,4.8719100756052995,0.04328018223234624
combo,discrepancy,0.09000000000000001,720,6.259495508063073,1.4341788541257487,11.817578877669016,0.95,0.7697964097562504,4.833519054056746,0.04328018223234624
combo,discrepancy,0.1,720,6.259516479626038,1.4342118810303492,11.817579268478037,0.95,0.7602306938281269,4.782941446826054,0.04328018223234624
combo,discrepancy,0.15,720,6.34162558330839,1.515597990345125,11.890024802729236,0.9152777777777777,0.7271647722866426,4.465428389021963,0.04328018223234624
combo,discrepancy,0.19999999999999998,720,6.385477884993083,1.5537348308076069,11.928657926963709,0.8986111111111111,0.7132296053246361,4.418044761560972,0.04783599088838269
combo,discrepancy,0.25,720,6.443877678856564,1.5661710522985486,12.014196579064029,0.8875,0.7023999619411018,4.39416187302201,0.04783599088838269
combo,discrepancy,0.3,720,6.511809319241764,1.6297078409617078,12.082000627587806,0.8611111111111112,0.6906596163395672,4.338770899256693,0.04783599088838269
combo,discrepancy,0.35,720,6.577195307931136,1.6984822228449867,12.14881679922383,0.8458333333333333,0.6807263229709828,4.28125098047755,0.05466970387243736
combo,discrepancy,0.39999999999999997,720,6.5872479908861274,1.7079837444741972,12.155917845713846,0.8430555555555556,0.6757680059187674,4.275960387781773,0.05466970387243736
combo,discrepancy,0.44999999999999996,720,6.611295975378339,1.7424448157402153,12.169408338233412,0.8375,0.6627975113185864,4.200809146629055,0.0683371298405467
combo,discrepancy,0.5,720,6.684374080651269,1.796671692015288,12.202066196035915,0.8222222222222222,0.6519437424811073,4.121902268506882,0.08200455580865604
combo,discrepancy,0.5499999999999999,720,6.76050701449219,1.8749097796058178,12.275519795513127,0.8083333333333333,0.6424735595052212,4.021178077342959,0.0888382687927107
combo,discrepancy,0.6,720,6.895895833216541,2.0177986563455703,12.43215726337613,0.7861111111111111,0.6217438553658258,3.9053691782984665,0.1070615034168565
combo,discrepancy,0.6499999999999999,720,6.9364214246809714,2.042692011312627,12.475806648750682,0.7777777777777778,0.6069624046740401,3.8840110751192696,0.11617312072892938
combo,discrepancy,0.7,720,6.980079808074825,2.0961777617776853,12.524012383867495,0.7722222222222223,0.6000221853878309,3.8746533983053877,0.1252847380410023
combo,discrepancy,0.75,720,7.027760183407213,2.170888684386973,12.556009194232374,0.7652777777777777,0.5898362146586422,3.856180909595676,0.1366742596810934
combo,discrepancy,0.7999999999999999,720,7.027760179855713,2.1708886865636114,12.556009209313919,0.7652777777777777,0.5872021614790882,3.849583437066445,0.1366742596810934
combo,discrepancy,0.85,720,7.807590129657317,2.678040962766776,13.36423433248369,0.7486111111111111,0.5720500425097461,3.7921455176844674,0.16173120728929385
combo,discrepancy,0.8999999999999999,720,7.850976804278412,2.7199530509234724,13.402712271933204,0.7402777777777778,0.562747423137084,3.777500791401083,0.1776765375854214
combo,discrepancy,0.95,720,7.851240613390354,2.720091544757233,13.40297613858065,0.7402777777777778,0.5544893885164954,3.764677624938607,0.19134396355353075
combo,sensitivity,0.01,720,9.730303201461057,4.5878182620751495,15.772210153510047,0.8083333333333333,0.6196136917361492,3.9080208812694965,0.29157175398633256
combo,sensitivity,0.020000000000000004,720,9.866656471957633,4.724359819248979,15.905860442909699,0.7944444444444444,0.6046799759008814,3.697425084498698,0.29157175398633256
combo,sensitivity,0.030000000000000006,720,9.914145367833727,4.77771250614028,15.974275010744314,0.7902777777777777,0.5995819903924103,3.613327370834789,0.29157175398633256
combo,sensitivity,0.04000000000000001,720,9.979659969582233,4.864479289706969,16.01442254306455,0.7847222222222222,0.5929373578048185,3.516196443468066,0.29157175398633256
combo,sensitivity,0.05000000000000001,720,9.986658124856836,4.865267437223903,16.0180608392145,0.7833333333333333,0.5866307752430879,3.4566580305930477,0.29157175398633256
combo,sensitivity,0.06000000000000001,720,10.002644132373215,4.867435013899322,16.01827612355071,0.7819444444444444,0.584651272370935,3.4395530219194166,0.29157175398633256
combo,sensitivity,0.07,720,10.041542768791423,4.931725203005179,16.06371302593738,0.775,0.575915495443619,3.317218577150005,0.29157175398633256
combo,sensitivity,0.08,720,10.045077642667804,4.93239282136949,16.06742464446962,0.7736111111111111,0.5722064562250142,3.2733213346014054,0.29157175398633256
combo,sensitivity,0.09000000000000001,720,10.050351636238455,4.936320011218934,16.06894914802032,0.7722222222222223,0.5691272921955915,3.238683903393111,0.29157175398633256
combo,sensitivity,0.1,720,10.07120833537952,4.946634616491111,16.07980539010699,0.7694444444444445,0.5644461061741929,3.1573481371111485,0.29157175398633256
combo,sensitivity,0.15,720,10.073178317999627,4.948201625360907,16.080740748086882,0.7694444444444445,0.5541613772317593,3.0146134291569573,0.29157175398633256
combo,sensitivity,0.19999999999999998,720,10.111351570737146,5.018489089132383,16.11974236987501,0.7666666666666667,0.5499169785654965,2.98287724238747,0.29157175398633256
combo,sensitivity,0.25,720,10.112132281746778,5.019267483771552,16.120514865387516,0.7666666666666667,0.5455578265487898,2.9432767927916252,0.29157175398633256
combo,sensitivity,0.3,720,10.112322944568087,5.019511409255865,16.120708320290625,0.7666666666666667,0.5434625437465709,2.917988665311067,0.29157175398633256
combo,sensitivity,0.35,720,10.1141273291598,5.019722037534668,16.12084728790416,0.7652777777777777,0.5409907051201204,2.89944368455693,0.29157175398633256
combo,sensitivity,0.39999999999999997,720,10.125282329086948,5.031008617848098,16.131368302725956,0.7638888888888888,0.5392558777364441,2.881187442281953,0.29157175398633256
combo,sensitivity,0.44999999999999996,720,10.125567512592937,5.031297734827715,16.131466396891835,0.7638888888888888,0.5385617376147026,2.876540838234713,0.29157175398633256
combo,sensitivity,0.5,720,10.12568145828387,5.031357556315454,16.13157464529822,0.7638888888888888,0.5378263357405616,2.86848572828199,0.29157175398633256
combo,sensitivity,0.5499999999999999,720,10.146404562340308,5.062314445667253,16.162141223781465,0.7625,0.5372155019282545,2.858982487601447,0.29157175398633256
combo,sensitivity,0.6,720,10.14800178456253,5.063073126222809,16.16449712655924,0.7611111111111111,0.5358211285497659,2.83824908625419,0.29157175398633256
combo,sensitivity,0.6499999999999999,720,10.174298080858826,5.076289572408929,16.176987867299985,0.7597222222222222,0.5352867658202209,2.8304128006194738,0.29157175398633256
combo,sensitivity,0.7,720,10.20940492936739,5.106683630838887,16.231307851655867,0.7569444444444444,0.5342683962356044,2.8136382429861237,0.29157175398633256
combo,sensitivity,0.75,720,10.265607554621596,5.1389439188945865,16.287510476910075,0.7555555555555555,0.5340138328242218,2.8110287499902773,0.29157175398633256
combo,sensitivity,0.7999999999999999,720,10.265607554621596,5.1389439188945865,16.287510476910075,0.7555555555555555,0.5338459904330375,2.810032165805569,0.29157175398633256
combo,sensitivity,0.85,720,10.26667961475564,5.139147923473076,16.289038266210788,0.7555555555555555,0.5329476453674279,2.7956112866986182,0.29157175398633256
combo,sensitivity,0.8999999999999999,720,10.266897006230277,5.139363495350341,16.289436657212576,0.7555555555555555,0.5323771966521679,2.7916096493013964,0.29157175398633256
combo,sensitivity,0.95,720,10.284787058959248,5.148773909496235,16.327656265993053,0.7527777777777778,0.5309991922063989,2.766783441320826,0.29157175398633256
combo,novelty,0.5,720,0.37298015670424695,0.28929412775642427,0.47901552300289085,0.9013888888888889,0.9040353452974308,5.0453328802246995,0.1366742596810934
combo,novelty,0.75,720,1.2987689841623662,1.0834933818619736,1.5382202818800226,0.7152777777777778,0.5966182623936045,3.5643717161040716,0.3826879271070615
combo,novelty,0.9,720,6.556529305650315,3.505810693829704,10.378056285667896,0.5847222222222223,0.3572555309645784,2.1584395534775367,0.6332574031890661
combo,novelty,0.95,720,8.004204064929915,4.429315438856526,12.39963326556731,0.5152777777777777,0.25582999426072095,1.610561336376203,0.744874715261959
combo,novelty,0.99,720,11.491284622474781,6.3791358083817595,17.415445694404262,0.4388888888888889,0.15368421787153497,0.8731466208651404,0.8747152619589977
combo,uncertainty,0.01,720,0.0018504556390878575,0.00033535635173368204,0.004207053608213443,1.0,0.9267036374350248,4.912579064841521,0.0
combo,uncertainty,0.020000000000000004,720,0.0025149633040790504,0.0007893415812167652,0.005082374889197268,1.0,0.8557278510548091,4.551465387729069,0.0
combo,uncertainty,0.030000000000000006,720,0.002885203034740764,0.0010242560954359,0.005485930767397386,1.0,0.8066998374863519,4.257183299058145,0.0
combo,uncertainty,0.04000000000000001,720,0.009494360317176813,0.002212847344441103,0.01927205777315892,0.9972222222222222,0.7724282767006484,4.062753245362223,0.0
combo,uncertainty,0.05000000000000001,720,0.02832627865251489,0.004851684508831211,0.06338017305848989,0.9944444444444445,0.7436627684370299,3.8864904759024586,0.0
combo,uncertainty,0.06000000000000001,720,0.028479409641815733,0.005045382815888994,0.06349170195890577,0.9944444444444445,0.7127455230494576,3.696203181789921,0.0
combo,uncertainty,0.07,720,0.032773635891363076,0.008087835998893265,0.06651238499140479,0.9930555555555556,0.6900934374781288,3.534768594667629,0.0
combo,uncertainty,0.08,720,0.032828281602454844,0.00812518371978847,0.06656782179728782,0.9930555555555556,0.6707065775114709,3.389635099059291,0.0
combo,uncertainty,0.09000000000000001,720,0.03590890996512643,0.01002173193004777,0.069653043478564,0.9902777777777778,0.6578525884185371,3.2972246763718127,0.0
combo,uncertainty,0.1,720,0.03854416853043676,0.012576225598965061,0.07075323218551066,0.9888888888888889,0.6455385475478149,3.2080552422940047,0.0
combo,uncertainty,0.15,720,0.06259851557273909,0.03126134777116989,0.10012217443953039,0.975,0.5860366528376468,2.7391150904648183,0.0
combo,uncertainty,0.19999999999999998,720,0.07467212422562765,0.04002145688313309,0.11639742804039638,0.9708333333333333,0.5537199479055401,2.5018128241453974,0.0
combo,uncertainty,0.25,720,0.07781728375430638,0.04304853655272916,0.11942607933405693,0.9694444444444444,0.528424354528013,2.3161038929314497,0.0
combo,uncertainty,0.3,720,0.08903128954515438,0.05268103967701619,0.12944514051546369,0.9638888888888889,0.5047322608656503,2.094686808118958,0.0
combo,uncertainty,0.35,720,0.09653841694354183,0.0610779341454864,0.13888325072505567,0.9597222222222223,0.4889303516871415,1.9526117743536613,0.0
combo,uncertainty,0.39999999999999997,720,0.11284215205215818,0.07069157364218945,0.1648286212406705,0.9583333333333334,0.47886979089933285,1.9002486091425554,0.0
combo,uncertainty,0.44999999999999996,720,0.11484305570298352,0.07223399365412643,0.16677226799591158,0.9569444444444445,0.46662343264738443,1.8641460638120104,0.0
combo,uncertainty,0.5,720,0.11506678415971802,0.07235146383096963,0.16715820748357876,0.9569444444444445,0.46076945089521526,1.8425664488328646,0.0
combo,uncertainty,0.5499999999999999,720,0.13121196769616014,0.07739724078037541,0.2055210225688901,0.9555555555555556,0.44641944888570495,1.6790185076119895,0.0
combo,uncertainty,0.6,720,0.1409440990987778,0.08678832990336906,0.2212361417474842,0.9527777777777777,0.43872028842142596,1.6582934816564576,0.0
combo,uncertainty,0.6499999999999999,720,0.143362023514025,0.09055969217114661,0.22278603006769157,0.9513888888888888,0.43122309460362435,1.6105857455550905,0.0
combo,uncertainty,0.7,720,0.14710782482365659,0.09265518011800299,0.22558002565943022,0.95,0.41987457795709154,1.5790191656148334,0.0
combo,uncertainty,0.75,720,0.14951568878051177,0.09457647330152953,0.2268157713311834,0.95,0.4148670905435835,1.5629659751634892,0.0
combo,uncertainty,0.7999999999999999,720,0.14951568104830418,0.09457646942687102,0.22681575727970954,0.95,0.4104578412133168,1.5545789970398598,0.0
combo,uncertainty,0.85,720,0.150924280629009,0.09598408623968996,0.22962359078434627,0.95,0.40664197835877963,1.545161087248208,0.0
combo,uncertainty,0.8999999999999999,720,0.15616059185292128,0.10226380395944007,0.23482014571499546,0.9458333333333333,0.3999266605854826,1.5181936274162884,0.0
combo,uncertainty,0.95,720,0.1578896812270239,0.10226380395944007,0.2365492350890981,0.9444444444444444,0.39935259030768516,1.517393143646849,0.0
combo,uncertainty_per_cost,0.0,720,0.00028245014335998264,0.0001696114363519089,0.0004274870637806848,1.0,1.0617193879414097,5.538026294291518,0.0
combo,uncertainty_per_cost,1e-08,720,0.00031523404856438186,0.00019911777634513855,0.0004764948855047915,1.0,1.0429176192660674,5.1866143529789746,0.0
combo,uncertainty_per_cost,1.333521432163324e-08,720,0.0003531061238422787,0.0002330688364632095,0.0005137967408862159,1.0,1.033791801862539,5.048290640013683,0.0
combo,uncertainty_per_cost,1.7782794100389228e-08,720,0.0008885884549799678,0.00026616921306026037,0.0019610553956379687,1.0,1.0247368198193458,4.895585227159487,0.0
combo,uncertainty_per_cost,2.371373705661655e-08,720,0.000920786117990192,0.00029925494122294224,0.0020075907788489563,1.0,1.0090494739236595,4.6500078949164365,0.0
combo,uncertainty_per_cost,3.162277660168379e-08,720,0.0018824565753323675,0.0005567961178972655,0.0037525840809004085,1.0,0.9806085977721043,4.332947374384508,0.0
combo,uncertainty_per_cost,4.2169650342858225e-08,720,0.004777521931351739,0.0011829458142344877,0.010245415778818627,0.9986111111111111,0.9575187435020484,4.0875950037567135,0.0
combo,uncertainty_per_cost,5.6234132519034905e-08,720,0.006472436307228107,0.0016551692026405165,0.0124411251487259,0.9972222222222222,0.9258602136349552,3.7449314627220094,0.0
combo,uncertainty_per_cost,7.498942093324559e-08,720,0.016043588310315403,0.006501077358171339,0.02878786010311763,0.9930555555555556,0.8838510593084812,3.3357314590525373,0.0
combo,uncertainty_per_cost,1e-07,720,0.023128598026096903,0.012771923775958243,0.037794828194251416,0.9902777777777778,0.8329216840274231,3.0511652936664886,0.0
combo,uncertainty_per_cost,1.333521432163324e-07,720,0.03593679070756657,0.020087632163370027,0.053714188663100425,0.9847222222222223,0.7758647660793687,2.777220646259472,0.0
combo,uncertainty_per_cost,1.7782794100389227e-07,720,0.041113529240480104,0.02323975153169998,0.060416612974562085,0.9819444444444444,0.7161355548800026,2.5709041622981608,0.0
combo,uncertainty_per_cost,2.3713737056616554e-07,720,0.058975286402177744,0.0349284642046692,0.08465193040989798,0.9763888888888889,0.6624008917895587,2.284189658267769,0.002277904328018223
combo,uncertainty_per_cost,3.162277660168379e-07,720,0.06633190599586694,0.04186673196642652,0.09105383750798629,0.975,0.6153952560191492,2.0980671624815943,0.004555808656036446
combo,uncertainty_per_cost,4.2169650342858225e-07,720,0.10197654830154869,0.0639288739347218,0.15524299877035921,0.9638888888888889,0.5575495506061195,1.8420616755884618,0.01366742596810934
combo,uncertainty_per_cost,5.62341325190349e-07,720,0.13140881322303705,0.09298117786514254,0.1909778201435633,0.9527777777777777,0.4995088681992248,1.5989404205952775,0.029612756264236904
combo,uncertainty_per_cost,7.498942093324558e-07,720,0.1603314657254198,0.11564523744718594,0.2241209573227492,0.9388888888888889,0.44531721419752557,1.431995515457796,0.04100227790432802
combo,uncertainty_per_cost,1e-06,720,0.2080616303045872,0.15542415488425657,0.27338422691401304,0.9152777777777777,0.39874187860344645,1.2269813432800927,0.05922551252847381
combo,uncertainty_per_cost,1.333521432163324e-06,720,0.3186872832100027,0.24517384015770458,0.4249109490650625,0.8888888888888888,0.3617973510288919,1.1079572836482536,0.07972665148063782
combo,uncertainty_per_cost,1.7782794100389227e-06,720,0.4373395665674286,0.34879885954958745,0.5643367087359712,0.8583333333333333,0.32730452554115685,0.9672908926663392,0.12072892938496584
combo,uncertainty_per_cost,2.3713737056616552e-06,720,0.6188648811690982,0.5098012043676096,0.7627197243688691,0.8138888888888889,0.2913069083018789,0.8573753563802711,0.1958997722095672
combo,uncertainty_per_cost,3.162277660168379e-06,720,0.8595040406362592,0.7163687748408035,1.0448502829311852,0.7666666666666667,0.25272733847361784,0.7254380928580758,0.30068337129840544
combo,uncertainty_per_cost,4.216965034285822e-06,720,1.0973094985611407,0.925005585703904,1.3076678141428653,0.7166666666666667,0.22275120069101462,0.6395855718040164,0.4145785876993166
combo,uncertainty_per_cost,5.623413251903491e-06,720,2.0945343876700178,1.2653577571142614,3.702779755183454,0.6555555555555556,0.18362023227207777,0.5560900637498687,0.5125284738041003
combo,uncertainty_per_cost,7.498942093324558e-06,720,2.3239542278335015,1.4973373258986162,3.9220294230629213,0.6152777777777778,0.1582131832015739,0.5000578030887886,0.5831435079726651
combo,uncertainty_per_cost,9.999999999999999e-06,720,2.6888584793864467,1.7984345561754478,4.33131054567011,0.5611111111111111,0.12971768922526405,0.44972083604713287,0.6651480637813212
combo,uncertainty_per_cost,1.333521432163324e-05,720,2.9159016393105213,1.9724882670927097,4.627142942200676,0.5236111111111111,0.11150069465927316,0.39908474757495344,0.7471526195899773
combo,uncertainty_per_cost,1.778279410038923e-05,720,5.223413631818394,2.449020435781122,8.688545645132141,0.48333333333333334,0.09625109422243502,0.35216378616940147,0.826879271070615
combo,uncertainty_per_cost,2.3713737056616554e-05,720,5.453541034613474,2.7799992826394693,8.970529167356522,0.45555555555555555,0.08652746347346435,0.31618818795274517,0.8747152619589977
combo,uncertainty_per_cost,3.1622776601683795e-05,720,5.637630685073187,2.929529663130985,9.24632224319866,0.44027777777777777,0.08264240081410049,0.3038445514777373,0.9043280182232346
combo,uncertainty_per_cost,4.216965034285822e-05,720,6.829418101119495,3.454827524488051,11.132714648970708,0.4305555555555556,0.07905075018085882,0.2972549193027286,0.9271070615034168
combo,uncertainty_per_cost,5.623413251903491e-05,720,6.93322825834618,3.553394838548464,11.271502912697075,0.425,0.0756237501068179,0.2883596132999426,0.9407744874715261
combo,uncertainty_per_cost,7.498942093324559e-05,720,7.058361469282482,3.6428008264613876,11.402682648855547,0.4152777777777778,0.07261505870721498,0.2798363002555056,0.958997722095672
combo,uncertainty_per_cost,0.0001,720,7.130976195262047,3.667682875602971,11.437660397515426,0.40555555555555556,0.06773757086932733,0.2705312273457821,0.9749430523917996
combo,uncertainty_per_cost,0.0001333521432163324,720,7.255010122047563,3.810529253939934,11.437660397515426,0.4027777777777778,0.06602519109892709,0.26784333183190434,0.979498861047836
combo,uncertainty_per_cost,0.00017782794100389227,720,8.126247368728205,4.226033426897147,12.738763604045875,0.4,0.06523758953909738,0.2618026803249551,0.9840546697038725
combo,uncertainty_per_cost,0.0002371373705661655,720,9.520951327798551,5.292817779921124,14.512193828677788,0.3958333333333333,0.06306269546877874,0.25137017357634855,0.9908883826879271
combo,uncertainty_per_cost,0.00031622776601683794,720,10.521671492407604,5.8838025142955015,16.245904865089358,0.39444444444444443,0.06282964442581693,0.2465255036138539,0.9931662870159453
combo,uncertainty_per_cost,0.00042169650342858224,720,11.197921492407605,6.00059269496507,17.005433809823288,0.39305555555555555,0.06257657891148817,0.2423647067194098,0.9954441913439636
combo,uncertainty_per_cost,0.0005623413251903491,720,11.198060381296495,6.00059269496507,17.005697698712176,0.39305555555555555,0.06226798790925556,0.241183607558297,0.9954441913439636
combo,uncertainty_per_cost,0.0007498942093324559,720,11.198060381296495,6.00059269496507,17.005697698712176,0.39305555555555555,0.06226798790925556,0.241183607558297,0.9954441913439636
combo,uncertainty_per_cost,0.001,720,11.882435381296496,6.81429483565126,18.03467841597498,0.39166666666666666,0.06203493686629374,0.23633893759580232,0.9977220956719818
combo,uncertainty_per_cost,0.001333521432163324,720,11.882435381296496,6.81429483565126,18.03467841597498,0.39166666666666666,0.06203493686629374,0.23633893759580232,0.9977220956719818
combo,uncertainty_per_cost,0.0017782794100389228,720,11.882435381296496,6.81429483565126,18.03467841597498,0.39166666666666666,0.06203493686629374,0.23633893759580232,0.9977220956719818
combo,uncertainty_per_cost,0.0023713737056616554,720,12.935504987868045,7.300025002492548,19.35256304327776,0.3902777777777778,0.06171938794140977,0.23542309286385715,1.0
combo,uncertainty_per_cost,0.0031622776601683794,720,12.935504987868045,7.300025002492548,19.35256304327776,0.3902777777777778,0.06171938794140977,0.23542309286385715,1.0
combo,uncertainty_per_cost,0.004216965034285822,720,12.935504987868045,7.300025002492548,19.35256304327776,0.3902777777777778,0.06171938794140977,0.23542309286385715,1.0
combo,uncertainty_per_cost,0.005623413251903491,720,12.935504987868045,7.300025002492548,19.35256304327776,0.3902777777777778,0.06171938794140977,0.23542309286385715,1.0
combo,uncertainty_per_cost,0.007498942093324558,720,12.935504987868045,7.300025002492548,19.35256304327776,0.3902777777777778,0.06171938794140977,0.23542309286385715,1.0
combo,uncertainty_per_cost,0.01,720,12.935504987868045,7.300025002492548,19.35256304327776,0.3902777777777778,0.06171938794140977,0.23542309286385715,1.0
combo,fullstate_voc,0.0,720,0.38805284572949067,0.23776978372491236,0.5550773633779833,0.9388888888888889,0.7872039463050186,4.435068971984573,0.0
combo,fullstate_voc,1e-08,720,0.3907809137035187,0.2392134241853398,0.555560998206275,0.9375,0.7697180227303142,4.208625257123539,0.0
combo,fullstate_voc,1.333521432163324e-08,720,0.3907809137035187,0.2392134241853398,0.555560998206275,0.9375,0.7692281864379267,4.2077718202971175,0.0
combo,fullstate_voc,1.7782794100389228e-08,720,0.390780921134107,0.2392134366312295,0.555560999631632,0.9375,0.7610413347986813,4.1872317575818165,0.0
combo,fullstate_voc,2.371373705661655e-08,720,0.390780923095737,0.239213438847699,0.555561003014631,0.9375,0.7487722366343339,4.154520972686017,0.0
combo,fullstate_voc,3.162277660168379e-08,720,0.3907810374810376,0.2392134900874358,0.5555612325717687,0.9375,0.7405936532311347,4.094331258984695,0.0
combo,fullstate_voc,4.2169650342858225e-08,720,0.3947532714087051,0.2433617562239814,0.5632467496557834,0.9361111111111111,0.7272965172444098,3.996354449602758,0.0
combo,fullstate_voc,5.6234132519034905e-08,720,0.3947532714087051,0.2433617562239814,0.5632467496557834,0.9361111111111111,0.7270534784626809,3.992263429956923,0.0
combo,fullstate_voc,7.498942093324559e-08,720,0.39475321525849755,0.24336167339770493,0.5632467229395913,0.9361111111111111,0.7252019281982538,3.9656560515818757,0.0
combo,fullstate_voc,1e-07,720,0.42821755900196307,0.2841346225410893,0.587709876284182,0.9305555555555556,0.7097586123683861,3.8390165985361113,0.0
combo,fullstate_voc,1.333521432163324e-07,720,0.4660442763829993,0.31761084844756415,0.6394385220686051,0.9208333333333333,0.6797861535211783,3.358748702145931,0.0
combo,fullstate_voc,1.7782794100389227e-07,720,0.5024370270553585,0.34626998460198655,0.6952673449822132,0.9180555555555555,0.6686473726714514,3.2817681321917918,0.0
combo,fullstate_voc,2.3713737056616554e-07,720,0.5691275922789265,0.3819812892266958,0.8199292035623184,0.9166666666666666,0.644845705447687,3.1004011527196074,0.0
combo,fullstate_voc,3.162277660168379e-07,720,0.5852245815025622,0.400512481483254,0.8408578392938705,0.9111111111111111,0.6184662336263033,2.692907245847275,0.0
combo,fullstate_voc,4.2169650342858225e-07,720,0.655083972396904,0.45632541984681696,0.9265233038563705,0.9,0.5917929350785947,2.5841997399236485,0.0
combo,fullstate_voc,5.62341325190349e-07,720,0.8061223987415095,0.511092220391136,1.143285356432927,0.8875,0.5657983259937714,2.3158834341277927,0.0
combo,fullstate_voc,7.498942093324558e-07,720,0.9831630456841617,0.6563637540590004,1.3489162653267748,0.8652777777777778,0.5375370800139915,2.22354138160967,0.0
combo,fullstate_voc,1e-06,720,1.2438572669217294,0.8357251268592656,1.6830606876288778,0.8416666666666667,0.4541732231108877,1.9290861696067927,0.0
combo,fullstate_voc,1.333521432163324e-06,720,1.4021454837089502,0.9917438368350276,1.8222065881405465,0.8125,0.40128848511946813,1.8439776096537772,0.0
combo,fullstate_voc,1.7782794100389227e-06,720,1.544396740993368,1.1234971856092568,1.9775906084586055,0.7875,0.37431633137870884,1.811252777178864,0.0
combo,fullstate_voc,2.3713737056616552e-06,720,1.5667874625099576,1.1377936018813148,1.996533901984336,0.7819444444444444,0.3590879764104457,1.6442726076108052,0.0
combo,fullstate_voc,3.162277660168379e-06,720,1.5721421921904264,1.144021637760505,2.003120516312193,0.7791666666666667,0.3499988272886338,1.60189509601213,0.0
combo,fullstate_voc,4.216965034285822e-06,720,1.5721421921904264,1.144021637760505,2.003120516312193,0.7791666666666667,0.34914910647473696,1.599282578221755,0.0
combo,fullstate_voc,5.623413251903491e-06,720,1.6126148928828807,1.1789926726507332,2.0437004368972462,0.775,0.3452169319232976,1.5935258771703553,0.0
combo,fullstate_voc,7.498942093324558e-06,720,1.6448006985658876,1.2178117784368627,2.085308917382516,0.7722222222222223,0.33568434703257516,1.4309356042940231,0.0
combo,fullstate_voc,9.999999999999999e-06,720,1.6744154190754055,1.2352307528715414,2.112961455342454,0.7708333333333334,0.328419975376404,1.3893695584619712,0.004555808656036446
combo,fullstate_voc,1.333521432163324e-05,720,4.210563657897879,1.8002121969938452,7.312855869572101,0.7444444444444445,0.3106110011565933,1.2877912210022462,0.03644646924829157
combo,fullstate_voc,1.778279410038923e-05,720,4.28885309992047,1.8810297923007164,7.436689712480719,0.7236111111111111,0.28581563639534296,1.1948179064396856,0.04328018223234624
combo,fullstate_voc,2.3713737056616554e-05,720,5.151946211754979,2.537640848502704,8.499274798335117,0.6972222222222222,0.25913567579486674,1.0368916832565547,0.08200455580865604
combo,fullstate_voc,3.1622776601683795e-05,720,6.7134109840672105,3.107824333780665,11.103160194094839,0.6652777777777777,0.22351705803418281,0.9589191836690992,0.10250569476082004
combo,fullstate_voc,4.216965034285822e-05,720,6.813458334043705,3.2096534982651788,11.192264043903924,0.6375,0.19346604048996607,0.855220086585824,0.13211845102505695
combo,fullstate_voc,5.623413251903491e-05,720,9.311250654852875,4.86648594436993,14.635590505778682,0.6152777777777778,0.1752829316581247,0.7426676997315452,0.19134396355353075
combo,fullstate_voc,7.498942093324559e-05,720,11.03485367383749,5.945598341108718,16.934036127080418,0.5861111111111111,0.15845863172104258,0.5542029702953692,0.296127562642369
combo,fullstate_voc,0.0001,720,12.491501600507465,6.806335325012173,18.945275249312125,0.5527777777777778,0.13351966688351177,0.36623826974557433,0.45785876993166286
combo,fullstate_voc,0.0001333521432163324,720,12.550605157473164,6.8990394795094705,18.986476351774268,0.5333333333333333,0.11500307976897406,0.32436454498309913,0.592255125284738
combo,fullstate_voc,0.00017782794100389227,720,12.685115915296713,7.012576541633446,19.104506424034074,0.4888888888888889,0.09989533567876242,0.27620008885681574,0.6947608200455581
combo,fullstate_voc,0.0002371373705661655,720,12.756397817039957,7.085993699436263,19.183173011152864,0.45694444444444443,0.08437953124782455,0.2588692045152129,0.8041002277904328
combo,fullstate_voc,0.00031622776601683794,720,12.837377152004592,7.183460904084385,19.25854626958727,0.41944444444444445,0.0702241715790925,0.24354192380272555,0.9111617312072893
combo,fullstate_voc,0.00042169650342858224,720,12.905736917824195,7.265199716304888,19.316211903963346,0.4027777777777778,0.06678888938244677,0.24027902074858504,0.9339407744874715
combo,fullstate_voc,0.0005623413251903491,720,12.905736983234474,7.265199750695518,19.316211918873805,0.4027777777777778,0.06507626273461574,0.23860721089855966,0.9544419134396356
combo,fullstate_voc,0.0007498942093324559,720,12.935504991588692,7.300025007533377,19.35256304814906,0.3902777777777778,0.06289010902181419,0.2366566741610667,0.9772209567198178
combo,fullstate_voc,0.001,720,12.935504989038956,7.300025007533377,19.352563045471843,0.3902777777777778,0.06277166842113352,0.23642604875967663,0.979498861047836
combo,fullstate_voc,0.001333521432163324,720,12.935504989038956,7.300025007533377,19.352563045471843,0.3902777777777778,0.06277166842113352,0.23642604875967663,0.979498861047836
combo,fullstate_voc,0.0017782794100389228,720,12.935504985474305,7.300024999560555,19.352563041847247,0.3902777777777778,0.06242267951050076,0.23615052104299442,0.9863325740318907
combo,fullstate_voc,0.0023713737056616554,720,12.935504985474305,7.300024999560555,19.352563041847247,0.3902777777777778,0.06242267951050076,0.23615052104299442,0.9863325740318907
combo,fullstate_voc,0.0031622776601683794,720,12.935504985260538,7.300024999885042,19.352563040800625,0.3902777777777778,0.06191841570858292,0.2356325857513487,0.9954441913439636
combo,fullstate_voc,0.004216965034285822,720,12.935504985260538,7.300024999885042,19.352563040800625,0.3902777777777778,0.06191841570858292,0.2356325857513487,0.9954441913439636
combo,fullstate_voc,0.005623413251903491,720,12.935504987868045,7.300025002492548,19.35256304327776,0.3902777777777778,0.06171938794140977,0.23542309286385715,1.0
combo,fullstate_voc,0.007498942093324558,720,12.935504987868045,7.300025002492548,19.35256304327776,0.3902777777777778,0.06171938794140977,0.23542309286385715,1.0
combo,fullstate_voc,0.01,720,12.935504987868045,7.300025002492548,19.35256304327776,0.3902777777777778,0.06171938794140977,0.23542309286385715,1.0
combo,voc,0.0,720,0.0051638075190324215,0.000824801375601649,0.012741315480825422,0.9972222222222222,0.7214182491003527,4.088157684717862,0.0
combo,hybrid,0.0,720,1.2890198628137148,0.9329389633004507,1.6322941484809832,0.7680555555555556,0.3336457125304227,1.4606949599621657,0.0387243735763098
combo,voc,1e-08,720,0.005205919966316445,0.0008672877295704648,0.012772535893057014,0.9972222222222222,0.7007722092196387,3.7961078580373093,0.0
combo,hybrid,1e-08,720,1.2890198800828003,0.9329389762800239,1.6322941602244063,0.7680555555555556,0.3312469370012208,1.454419957201056,0.04100227790432802
combo,voc,1.333521432163324e-08,720,0.005214684916803691,0.0008718893285762691,0.012780862596019899,0.9972222222222222,0.6937008978455332,3.6824756473358926,0.0
combo,hybrid,1.333521432163324e-08,720,1.2890198800828003,0.9329389762800239,1.6322941602244063,0.7680555555555556,0.3302214781729336,1.4508098206982545,0.04100227790432802
combo,voc,1.7782794100389228e-08,720,0.005262016132567424,0.000883398583358601,0.01282517723958077,0.9972222222222222,0.6805146323736382,3.4467684633511455,0.0
combo,hybrid,1.7782794100389228e-08,720,1.2890198800828003,0.9329389762800239,1.6322941602244063,0.7680555555555556,0.3300027436541705,1.4485890290635224,0.04100227790432802
combo,voc,2.371373705661655e-08,720,0.005314275316885501,0.0009052478085729259,0.012880446744048117,0.9972222222222222,0.6728108657986621,3.371650975474788,0.0
combo,hybrid,2.371373705661655e-08,720,1.2890198800828003,0.9329389762800239,1.6322941602244063,0.7680555555555556,0.3295598028914301,1.442649598882983,0.04100227790432802
combo,voc,3.162277660168379e-08,720,0.005387260961272702,0.0010043099987459513,0.012989890721768645,0.9972222222222222,0.6643425747471927,3.2494638899719877,0.0
combo,hybrid,3.162277660168379e-08,720,1.2890198799555772,0.9329389760609132,1.6322941600560543,0.7680555555555556,0.3281867774668757,1.4356448369899226,0.04100227790432802
combo,voc,4.2169650342858225e-08,720,0.006050484152584605,0.0016299178802911907,0.013727964110520408,0.9972222222222222,0.6506798261360283,3.064780837677558,0.0
combo,hybrid,4.2169650342858225e-08,720,1.289019877735268,0.9329389743126807,1.6322941590014075,0.7680555555555556,0.32637105204566164,1.4284379430454768,0.04100227790432802
combo,voc,5.6234132519034905e-08,720,0.006376396195526245,0.0018202775286189075,0.014115845830450818,0.9972222222222222,0.6438948369441604,3.0181803387164514,0.0
combo,hybrid,5.6234132519034905e-08,720,1.2890198858386777,0.9329389820109197,1.632294162850527,0.7680555555555556,0.32465065050341374,1.4204722750746643,0.04100227790432802
combo,voc,7.498942093324559e-08,720,0.008308640694041582,0.002326775647492405,0.01626298486434913,0.9958333333333333,0.6120194732447222,2.7671772567052155,0.0
combo,hybrid,7.498942093324559e-08,720,1.2890198955281063,0.9329389903268119,1.6322941541883977,0.7680555555555556,0.3215712898470939,1.414509224816316,0.04783599088838269
combo,voc,1e-07,720,0.0096848260547131,0.0029699998437720306,0.018025158317559697,0.9958333333333333,0.5880761154441033,2.6101764919287134,0.0
combo,hybrid,1e-07,720,1.2890198838771187,0.9329389674950969,1.6322941397395445,0.7680555555555556,0.3153089327583335,1.4057126915329414,0.05239179954441914
combo,voc,1.333521432163324e-07,720,0.012891848294835332,0.0052736067614542635,0.022327126929199023,0.9944444444444445,0.5750820739510034,2.5108881500439466,0.0
combo,hybrid,1.333521432163324e-07,720,1.2890198752245088,0.9329389592905497,1.6322941355723646,0.7680555555555556,0.31291733919154124,1.4001785296426634,0.05239179954441914
combo,voc,1.7782794100389227e-07,720,0.014139826635275417,0.006298671547466347,0.023652517825859726,0.9944444444444445,0.5479182356899958,2.3674770783078807,0.0
combo,hybrid,1.7782794100389227e-07,720,1.289019890490045,0.9329389820492346,1.6322941533784234,0.7680555555555556,0.30854547196642623,1.3928130032662618,0.05922551252847381
combo,voc,2.3713737056616554e-07,720,0.021694468570321288,0.01147580144010112,0.03333928064733614,0.9902777777777778,0.5168537899085803,2.1633277804411892,0.0
combo,hybrid,2.3713737056616554e-07,720,1.2890198615663224,0.9329389507374319,1.6322941257043353,0.7680555555555556,0.3015406476674737,1.3773607983579292,0.07517084282460136
combo,voc,3.162277660168379e-07,720,0.03543355700776665,0.019688770618040793,0.05669599105586306,0.9861111111111112,0.49360000481774224,1.9916791654856751,0.0
combo,hybrid,3.162277660168379e-07,720,1.2890198615415536,0.9329389480378265,1.6322941254133896,0.7680555555555556,0.2987841959858124,1.3681164810426607,0.09339407744874716
combo,voc,4.2169650342858225e-07,720,0.04761535010712365,0.02735245518733888,0.07372417400454967,0.9805555555555555,0.4672666357961738,1.8404476992537235,0.0
combo,hybrid,4.2169650342858225e-07,720,1.2890198697797304,0.9329389510377826,1.6322941177519994,0.7680555555555556,0.2938733113798596,1.354094482646835,0.11161731207289294
combo,voc,5.62341325190349e-07,720,0.05215015575685548,0.030453349825767848,0.07993230425943341,0.9777777777777777,0.4540034063129694,1.759941146582878,0.0
combo,hybrid,5.62341325190349e-07,720,1.2890198739140433,0.9329389533079838,1.6322941214542335,0.7680555555555556,0.2905302876913086,1.3476635332857263,0.1252847380410023
combo,voc,7.498942093324558e-07,720,0.06990378116178528,0.037666374136675444,0.10834761700296794,0.975,0.44096979075861725,1.690477910559255,0.0
combo,hybrid,7.498942093324558e-07,720,1.2890198774278,0.9329389729991792,1.6322941377184248,0.7680555555555556,0.28644825562132714,1.337102112814854,0.14350797266514806
combo,voc,1e-06,720,0.07311754322079908,0.038721517973861835,0.11239314723607197,0.9736111111111111,0.4270527917302922,1.6325260756398166,0.0
combo,hybrid,1e-06,720,1.289386398106777,0.9333237932192584,1.6322941091152805,0.7680555555555556,0.2784217531898673,1.3192725476509621,0.17084282460136674
combo,voc,1.333521432163324e-06,720,0.07771894718297673,0.041756248691666914,0.12017951803322141,0.9722222222222222,0.4136684622830199,1.5897195727300943,0.0
combo,hybrid,1.333521432163324e-06,720,1.2903164193675727,0.9341465100587704,1.6328332617134622,0.7680555555555556,0.2694807385077932,1.2925328431635434,0.18906605922551253
combo,voc,1.7782794100389227e-06,720,0.09658763254388604,0.050203637997253386,0.16584077442536835,0.9694444444444444,0.4049399480976958,1.5284232389134154,0.0
combo,hybrid,1.7782794100389227e-06,720,1.290372444599194,0.9341731023695131,1.632889244329428,0.7680555555555556,0.26358140564758975,1.278343926963579,0.214123006833713
combo,voc,2.3713737056616552e-06,720,0.11007992004991486,0.05819061144828566,0.17688107351554616,0.9652777777777778,0.38959299140126635,1.4590679050105992,0.0
combo,hybrid,2.3713737056616552e-06,720,1.29154835521881,0.9350738860559835,1.633687409525228,0.7680555555555556,0.25229903922731006,1.2426827788261006,0.2528473804100228
combo,voc,3.162277660168379e-06,720,0.11677321819151862,0.06963977618639534,0.18356650987131043,0.9638888888888889,0.38026431345012146,1.3936865426634237,0.002277904328018223
combo,hybrid,3.162277660168379e-06,720,1.2982416499446612,0.941502294112421,1.6381678748877189,0.7666666666666667,0.24585734715167776,1.1806003806636403,0.26879271070615035
combo,voc,4.216965034285822e-06,720,0.12271990910236268,0.07333863804559351,0.1893101298869862,0.9638888888888889,0.36408174670288396,1.323554432024533,0.002277904328018223
combo,hybrid,4.216965034285822e-06,720,1.3041883608543128,0.9464181276320311,1.6432994151208853,0.7666666666666667,0.23587922155937835,1.1178225886552962,0.28929384965831434
combo,voc,5.623413251903491e-06,720,0.1535338063619066,0.09896261968864437,0.23722971648431393,0.9569444444444445,0.35564136717005773,1.2436111571898436,0.011389521640091117
combo,hybrid,5.623413251903491e-06,720,1.320016841731771,0.9618241180189091,1.6636380756631413,0.7611111111111111,0.22842063232121596,1.0500668762775704,0.3143507972665148
combo,voc,7.498942093324558e-06,720,0.17946901507157803,0.12399316948380254,0.26028555143869575,0.9430555555555555,0.34544153473069633,1.1560453520593001,0.03416856492027335
combo,hybrid,7.498942093324558e-06,720,1.344062924764861,0.9860660567892668,1.6850354370470368,0.7486111111111111,0.2196595197308451,0.9659172138831006,0.3439635535307517
combo,voc,9.999999999999999e-06,720,0.2159667198585051,0.15697735294663434,0.30173013855101954,0.9277777777777778,0.3338893767102953,1.071604080591179,0.06150341685649203
combo,hybrid,9.999999999999999e-06,720,1.37529819904281,1.0166231333685676,1.7234638808306864,0.7347222222222223,0.21154936791423964,0.890995324346952,0.37585421412300685
combo,voc,1.333521432163324e-05,720,0.2863212348516594,0.22068651795703387,0.37262462530814294,0.8930555555555556,0.31817467132765953,0.9715357905703866,0.11845102505694761
combo,hybrid,1.333521432163324e-05,720,1.431000393684956,1.0790931146622904,1.788072293882958,0.7069444444444445,0.20097705391511436,0.8045713511942166,0.42369020501138954
combo,voc,1.778279410038923e-05,720,1.051349291628307,0.3184288899855539,2.500499719922655,0.8625,0.2942090233097646,0.8641476922898821,0.17312072892938496
combo,hybrid,1.778279410038923e-05,720,2.16429010637337,1.1978939767767003,3.77792249206693,0.6888888888888889,0.19022887508653408,0.7213182224831245,0.45785876993166286
combo,voc,2.3713737056616554e-05,720,1.1773976582426688,0.4130746356128619,2.6532122727210954,0.8333333333333334,0.2713296107135651,0.7794194588538731,0.22323462414578588
combo,hybrid,2.3713737056616554e-05,720,2.2153469268709625,1.2502638562880646,3.846784819744097,0.6736111111111112,0.1780858326322257,0.6513225403415062,0.4874715261958998
combo,voc,3.1622776601683795e-05,720,1.4198940857529267,0.6168994009985802,2.92118164994158,0.7902777777777777,0.2403356000968186,0.7098406417358395,0.2984054669703872
combo,hybrid,3.1622776601683795e-05,720,2.3366592797669576,1.3519620858341725,3.9466432217944676,0.6486111111111111,0.1624423789522628,0.6023796868178983,0.530751708428246
combo,voc,4.216965034285822e-05,720,1.7227820793526998,0.8857501434476726,3.2714315730875128,0.7333333333333333,0.20322802339776996,0.6258551090456017,0.3940774487471526
combo,hybrid,4.216965034285822e-05,720,2.5346110738525054,1.541448174579855,4.1554998934619585,0.6138888888888889,0.14153438254412956,0.539887500379013,0.5899772209567198
combo,voc,5.623413251903491e-05,720,2.721998096513416,1.3140584816597585,4.785942741950856,0.6736111111111112,0.16709395295609258,0.5361093865595244,0.49430523917995445
combo,hybrid,5.623413251903491e-05,720,3.41924848879986,1.9451828396091182,5.544237163030699,0.5791666666666667,0.12432546604390754,0.47851655894153533,0.6492027334851936
combo,voc,7.498942093324559e-05,720,5.790529359642628,2.43825064540951,10.175093655037703,0.6277777777777778,0.14209848340068917,0.4336202771567413,0.5876993166287016
combo,hybrid,7.498942093324559e-05,720,6.301421671857245,2.9241773224643794,10.545420635310615,0.5486111111111112,0.10891768132287562,0.3907568403095967,0.7175398633257403
combo,voc,0.0001,720,6.154887805823197,2.7487985915233275,10.5616390456735,0.5930555555555556,0.12192607762271114,0.36332496338312315,0.6560364464692483
combo,hybrid,0.0001,720,6.5663120731301206,3.205990265684775,10.882039949869831,0.5291666666666667,0.09804566263464749,0.3337948770831948,0.7608200455580866
combo,voc,0.0001333521432163324,720,6.357809470378677,2.915607703994638,10.765881116625769,0.5736111111111111,0.10716599151725575,0.3314994689804128,0.6902050113895216
combo,hybrid,0.0001333521432163324,720,6.7031969948582955,3.302409734544563,11.016338521958646,0.5222222222222223,0.09108531432016961,0.3109939862554408,0.7744874715261959
combo,voc,0.00017782794100389227,720,6.567103958352355,3.1564690748133315,10.950613467802352,0.5277777777777778,0.09306057104124203,0.3008885062512794,0.7744874715261959
combo,hybrid,0.00017782794100389227,720,6.845058793355141,3.448811931828054,11.186679564565061,0.5013888888888889,0.08379972946342497,0.2884972163540927,0.8177676537585421
combo,voc,0.0002371373705661655,720,6.823159169617236,3.375729211202042,11.21902404445256,0.49583333333333335,0.08247600824146076,0.2842141945082201,0.826879271070615
combo,hybrid,0.0002371373705661655,720,6.941941190245028,3.4896567311302813,11.25223559048854,0.4861111111111111,0.08050733794076427,0.2820416155193622,0.8428246013667426
combo,voc,0.00031622776601683794,720,7.021037331472575,3.5824882473725355,11.303740226054954,0.45694444444444443,0.07371345612172739,0.2728841560415882,0.8906605922551253
combo,hybrid,0.00031622776601683794,720,7.023084194957834,3.583562850702296,11.304814829384712,0.45555555555555555,0.07354188422132767,0.2727080471624302,0.8929384965831435
combo,voc,0.00042169650342858224,720,7.085220005601191,3.6434410248275846,11.361000300280798,0.4305555555555556,0.06936070956533652,0.26767631088190075,0.9339407744874715
combo,hybrid,0.00042169650342858224,720,7.085220005601191,3.6434410248275846,11.361000300280798,0.4305555555555556,0.06936070956533652,0.26767631088190075,0.9339407744874715
combo,voc,0.0005623413251903491,720,8.124627186423975,3.9264900394415005,13.27324695270225,0.41388888888888886,0.06694134792095115,0.2606218962763402,0.9612756264236902
combo,hybrid,0.0005623413251903491,720,8.124627186423975,3.9264900394415005,13.27324695270225,0.41388888888888886,0.06694134792095115,0.2606218962763402,0.9612756264236902
combo,voc,0.0007498942093324559,720,8.99252970514511,4.487166291998909,14.552603414374355,0.4041666666666667,0.06535466639330581,0.254352921341615,0.9772209567198178
combo,hybrid,0.0007498942093324559,720,8.99252970514511,4.487166291998909,14.552603414374355,0.4041666666666667,0.06535466639330581,0.254352921341615,0.9772209567198178
combo,voc,0.001,720,9.102023088892812,4.637784791243868,14.76674176846778,0.4,0.06415326844186944,0.252995259826346,0.9840546697038725
combo,hybrid,0.001,720,9.102023088892812,4.637784791243868,14.76674176846778,0.4,0.06415326844186944,0.252995259826346,0.9840546697038725
combo,voc,0.001333521432163324,720,10.536185381296493,5.981549937071591,16.765147025651224,0.39444444444444443,0.06258381082560634,0.24369324169441217,0.9931662870159453
combo,hybrid,0.001333521432163324,720,10.536185381296493,5.981549937071591,16.765147025651224,0.39444444444444443,0.06258381082560634,0.24369324169441217,0.9931662870159453
combo,voc,0.0017782794100389228,720,11.206185381296493,6.459998080514632,17.533788399971776,0.39305555555555555,0.06228800238062249,0.24049973449024645,0.9954441913439636
combo,hybrid,0.0017782794100389228,720,11.206185381296493,6.459998080514632,17.533788399971776,0.39305555555555555,0.06228800238062249,0.24049973449024645,0.9954441913439636
combo,voc,0.0023713737056616554,720,11.206185381296493,6.459998080514632,17.533788399971776,0.39305555555555555,0.06228800238062249,0.24049973449024645,0.9954441913439636
combo,hybrid,0.0023713737056616554,720,11.206185381296493,6.459998080514632,17.533788399971776,0.39305555555555555,0.06228800238062249,0.24049973449024645,0.9954441913439636
combo,voc,0.0031622776601683794,720,11.882435381296496,6.81429483565126,18.03467841597498,0.39166666666666666,0.06203493686629374,0.23633893759580232,0.9977220956719818
combo,hybrid,0.0031622776601683794,720,11.882435381296496,6.81429483565126,18.03467841597498,0.39166666666666666,0.06203493686629374,0.23633893759580232,0.9977220956719818
combo,voc,0.004216965034285822,720,11.882435381296496,6.81429483565126,18.03467841597498,0.39166666666666666,0.06203493686629374,0.23633893759580232,0.9977220956719818
combo,hybrid,0.004216965034285822,720,11.882435381296496,6.81429483565126,18.03467841597498,0.39166666666666666,0.06203493686629374,0.23633893759580232,0.9977220956719818
combo,voc,0.005623413251903491,720,12.935504987868045,7.300025002492548,19.35256304327776,0.3902777777777778,0.06171938794140977,0.23542309286385715,1.0
combo,hybrid,0.005623413251903491,720,12.935504987868045,7.300025002492548,19.35256304327776,0.3902777777777778,0.06171938794140977,0.23542309286385715,1.0
combo,voc,0.007498942093324558,720,12.935504987868045,7.300025002492548,19.35256304327776,0.3902777777777778,0.06171938794140977,0.23542309286385715,1.0
combo,hybrid,0.007498942093324558,720,12.935504987868045,7.300025002492548,19.35256304327776,0.3902777777777778,0.06171938794140977,0.23542309286385715,1.0
combo,voc,0.01,720,12.935504987868045,7.300025002492548,19.35256304327776,0.3902777777777778,0.06171938794140977,0.23542309286385715,1.0
combo,hybrid,0.01,720,12.935504987868045,7.300025002492548,19.35256304327776,0.3902777777777778,0.06171938794140977,0.23542309286385715,1.0
combo,hardlabel,0.01,720,0.007799277896747054,0.004873129709703547,0.011492151168714302,1.0,0.5262109477943082,2.7049213376691923,0.0
combo,hardlabel,0.020000000000000004,720,0.016827909553536777,0.011988410756028342,0.022921553091767938,1.0,0.47316038793265475,2.406305289712226,0.0
combo,hardlabel,0.030000000000000006,720,0.02437267538146019,0.01651904813769108,0.03322002949263196,0.9986111111111111,0.43848167269204386,2.232317216484383,0.0
combo,hardlabel,0.04000000000000001,720,0.029054186522312037,0.02084858150047322,0.03897973595487773,0.9986111111111111,0.4166462646013707,2.1140416348913074,0.0
combo,hardlabel,0.05000000000000001,720,0.03594102210100759,0.02568191475848876,0.04731708150693503,0.9972222222222222,0.4063571674694253,2.059919459906541,0.002277904328018223
combo,hardlabel,0.06000000000000001,720,0.04516445376565468,0.032953844627631235,0.0562383701413841,0.9972222222222222,0.3980763737190906,1.973394171046847,0.002277904328018223
combo,hardlabel,0.07,720,1.4311190950438857,0.03755271940451875,4.205142735843584,0.9944444444444445,0.3916412631186094,1.9241954333010047,0.004555808656036446
combo,hardlabel,0.08,720,1.4360767072982668,0.04143225602338773,4.211352186667744,0.9944444444444445,0.38648934193517054,1.8746853882676584,0.004555808656036446
combo,hardlabel,0.09000000000000001,720,1.4365173233743236,0.04176995836437742,4.211598196841627,0.9944444444444445,0.38284935025763034,1.8385906181037575,0.004555808656036446
combo,hardlabel,0.1,720,1.4385980701539236,0.04302604539916163,4.214372471442018,0.9944444444444445,0.3797103694263383,1.8021297533371075,0.004555808656036446
combo,hardlabel,0.15,720,1.493610004323507,0.07668530745267405,4.277215432841705,0.9902777777777778,0.365115007311124,1.6673290970705037,0.009111617312072893
combo,hardlabel,0.19999999999999998,720,1.7068233266874484,0.1382526187738795,4.55079532822631,0.9805555555555555,0.35562357695366004,1.598291748884397,0.022779043280182234
combo,hardlabel,0.25,720,2.4517840664546466,0.2541457817608359,5.808724190821746,0.9666666666666667,0.34203282542447644,1.5474435520441148,0.04328018223234624
combo,hardlabel,0.3,720,3.724987459813288,0.4724833092012702,7.703245967403053,0.9430555555555555,0.32783516979500205,1.5047029535218928,0.08200455580865604
combo,hardlabel,0.35,720,3.7587123152450785,0.5076652859487937,7.739880827237125,0.9319444444444445,0.3175144610840085,1.4441422478607717,0.10022779043280182
combo,hardlabel,0.39999999999999997,720,3.7895671236566226,0.5430297625023028,7.769600760250751,0.9208333333333333,0.3054471634093114,1.4104396424329935,0.11845102505694761
combo,hardlabel,0.44999999999999996,720,3.8489399515956095,0.6222225427341432,7.808721502383498,0.9013888888888889,0.29589028745490453,1.3516864726121942,0.14578587699316628
combo,hardlabel,0.5,720,4.017685137114833,0.8101092607293978,7.924169149263165,0.875,0.2778009281348317,1.298973256462159,0.18906605922551253
combo,hardlabel,0.5499999999999999,720,4.137035192139849,0.9165974634343725,8.049318883282062,0.8416666666666667,0.25912186358720035,1.2639809275719016,0.2437357630979499
combo,hardlabel,0.6,720,5.994333604512475,1.6749568170992435,10.7958495872538,0.8180555555555555,0.24389150911228655,1.2334111536566121,0.2824601366742597
combo,hardlabel,0.6499999999999999,720,6.149113920885766,1.8340911536207245,10.967562855764188,0.7861111111111111,0.2220880348768841,1.1712845143844284,0.3325740318906606
combo,hardlabel,0.7,720,6.379384480569529,2.0920160684982694,11.177509401747985,0.7458333333333333,0.19848136926940865,1.1143322745414075,0.39863325740318906
combo,hardlabel,0.75,720,6.738904180143681,2.555182201443508,11.458731579555163,0.7069444444444445,0.1754419041407339,1.0358144579691928,0.45785876993166286
combo,hardlabel,0.7999999999999999,720,6.965440087105898,2.7455585407086818,11.68729506777866,0.6583333333333333,0.1510388352473085,0.9455882773512106,0.5353075170842825
combo,hardlabel,0.85,720,7.961942699957482,3.5768139766416454,13.045975123865228,0.5833333333333334,0.12425611729601466,0.7719775852998383,0.6514806378132119
combo,hardlabel,0.8999999999999999,720,10.625025432378767,5.353805574818885,16.03007984629387,0.5041666666666667,0.09883905274448439,0.6339741403262451,0.7790432801822323
combo,hardlabel,0.95,720,12.54682589244349,6.862562450074142,18.97638208598097,0.42916666666666664,0.07848507267577275,0.49301693800271096,0.8929384965831435
combo,voc_seq,0.0,720,0.0008962351296242137,0.0003664552879163394,0.0015853553535808624,1.0,1.386771967814287,7.36908066409651,0.0
combo,voc_seq,1e-08,720,0.0009582994803658978,0.0004303142345868552,0.0016277940550083014,1.0,1.3504090337584072,6.75481294339373,0.0
combo,voc_seq,1.333521432163324e-08,720,0.000958677508692053,0.00043069797534584355,0.001628638221378814,1.0,1.3373709266229428,6.530815408965949,0.0
combo,voc_seq,1.7782794100389228e-08,720,0.0009722167147905059,0.0004419318780513963,0.0016455697842852777,1.0,1.3203968965170907,6.204020135929851,0.0
combo,voc_seq,2.371373705661655e-08,720,0.0009722117688460674,0.0004419223411686508,0.0016455697247619312,1.0,1.304495893028506,6.040432534982634,0.0
combo,voc_seq,3.162277660168379e-08,720,0.0010098632540545434,0.000483780689080234,0.0016962818724864943,1.0,1.2826304533222657,5.785352431559022,0.0
combo,voc_seq,4.2169650342858225e-08,720,0.001694509874367953,0.0006158703862931705,0.003082722875019983,1.0,1.2625824435503141,5.539578567929877,0.0
combo,voc_seq,5.6234132519034905e-08,720,0.0017101314670167468,0.0006447529255919029,0.0031018630578356905,1.0,1.2269412501097776,5.162541192054929,0.0
combo,voc_seq,7.498942093324559e-08,720,0.0017737885085611857,0.0006719542862279168,0.0031780869556298475,1.0,1.1859970844521688,4.878806739664621,0.0
combo,voc_seq,1e-07,720,0.0019165310373744674,0.0007987686195416708,0.003290150389203719,1.0,1.1486041264034637,4.680466748960478,0.0
combo,voc_seq,1.333521432163324e-07,720,0.0019915807122867254,0.0008566410531828152,0.0033990809965325003,1.0,1.119620177701696,4.580798721306342,0.0
combo,voc_seq,1.7782794100389227e-07,720,0.005629334702858015,0.0015712521508219998,0.01263035411738964,0.9986111111111111,1.0726561872018856,4.336409825961851,0.0
combo,voc_seq,2.3713737056616554e-07,720,0.006393239935938737,0.0020357355137311842,0.013438358496353588,0.9986111111111111,1.0165488105947083,4.137584933927105,0.0
combo,voc_seq,3.162277660168379e-07,720,0.006763934417005664,0.002205601639391625,0.013569822358519007,0.9986111111111111,0.9299328132557372,3.724043414300761,0.0
combo,voc_seq,4.2169650342858225e-07,720,0.012432006620675902,0.004938239817472851,0.022031545137700188,0.9958333333333333,0.8525945711224453,3.368395383813246,0.0
combo,voc_seq,5.62341325190349e-07,720,0.013983117568480889,0.006583482558567911,0.02320929319461122,0.9958333333333333,0.8033318916209641,3.177220350957709,0.0
combo,voc_seq,7.498942093324558e-07,720,0.02781106823803427,0.01381392582515242,0.045411949487554906,0.9888888888888889,0.7420833921587275,2.809627524416121,0.0
combo,voc_seq,1e-06,720,0.040764647597372236,0.0234878280497488,0.06260374747826221,0.9833333333333333,0.6747200105327613,2.426215433520368,0.0
combo,voc_seq,1.333521432163324e-06,720,0.05206655533603561,0.030660958759566453,0.07715091257130986,0.9777777777777777,0.6097632734613695,2.154169472225931,0.0
combo,voc_seq,1.7782794100389227e-06,720,0.056377487553706904,0.034487146795974206,0.0850848254935307,0.9763888888888889,0.5588206951826213,1.9373179103911349,0.0
combo,voc_seq,2.3713737056616552e-06,720,0.060031086041601255,0.03729288882046347,0.08603543874630452,0.975,0.5039439123299522,1.7842552615966776,0.0
combo,voc_seq,3.162277660168379e-06,720,0.06951923546381107,0.04544240231227526,0.09638598807312956,0.9722222222222222,0.46823768251768505,1.6464484446231331,0.002277904328018223
combo,voc_seq,4.216965034285822e-06,720,0.09796801620113536,0.05898533427846004,0.15540007991898622,0.9680555555555556,0.42638705148545186,1.4798805226342262,0.002277904328018223
combo,voc_seq,5.623413251903491e-06,720,0.12181286325779064,0.07564865931331607,0.18095154404947592,0.9611111111111111,0.39823770055458574,1.3693816654078648,0.011389521640091117
combo,voc_seq,7.498942093324558e-06,720,0.14923517051555685,0.10112495994757682,0.20770785549738177,0.9458333333333333,0.3700702771226516,1.22883491695789,0.03416856492027335
combo,voc_seq,9.999999999999999e-06,720,0.20098127034753643,0.13942686493927514,0.2763660027096891,0.9291666666666667,0.3470427693531682,1.1023736392328223,0.06150341685649203
combo,voc_seq,1.333521432163324e-05,720,0.2863212348516594,0.22068651795703387,0.37262462530814294,0.8930555555555556,0.32732592149318723,0.9837319075189953,0.11845102505694761
combo,voc_seq,1.778279410038923e-05,720,1.051349291628307,0.3184288899855539,2.500499719922655,0.8625,0.29952997675738885,0.8714575635565578,0.17312072892938496
combo,voc_seq,2.3713737056616554e-05,720,1.1773976582426688,0.4130746356128619,2.6532122727210954,0.8333333333333334,0.27403554416156867,0.7830994801830456,0.22323462414578588
combo,voc_seq,3.1622776601683795e-05,720,1.4198940857529267,0.6168994009985802,2.92118164994158,0.7902777777777777,0.24040071151155804,0.7099207140677815,0.2984054669703872
combo,voc_seq,4.216965034285822e-05,720,1.7227820793526998,0.8857501434476726,3.2714315730875128,0.7333333333333333,0.20322802339776996,0.6258551090456017,0.3940774487471526
combo,voc_seq,5.623413251903491e-05,720,2.721998096513416,1.3140584816597585,4.785942741950856,0.6736111111111112,0.16709395295609258,0.5361093865595244,0.49430523917995445
combo,voc_seq,7.498942093324559e-05,720,5.790529359642628,2.43825064540951,10.175093655037703,0.6277777777777778,0.14209848340068917,0.4336202771567413,0.5876993166287016
combo,voc_seq,0.0001,720,6.154887805823197,2.7487985915233275,10.5616390456735,0.5930555555555556,0.12192607762271114,0.36332496338312315,0.6560364464692483
combo,voc_seq,0.0001333521432163324,720,6.357809470378677,2.915607703994638,10.765881116625769,0.5736111111111111,0.10716599151725575,0.3314994689804128,0.6902050113895216
combo,voc_seq,0.00017782794100389227,720,6.567103958352355,3.1564690748133315,10.950613467802352,0.5277777777777778,0.09306057104124203,0.3008885062512794,0.7744874715261959
combo,voc_seq,0.0002371373705661655,720,6.823159169617236,3.375729211202042,11.21902404445256,0.49583333333333335,0.08247600824146076,0.2842141945082201,0.826879271070615
combo,voc_seq,0.00031622776601683794,720,7.021037331472575,3.5824882473725355,11.303740226054954,0.45694444444444443,0.07371345612172739,0.2728841560415882,0.8906605922551253
combo,voc_seq,0.00042169650342858224,720,7.085220005601191,3.6434410248275846,11.361000300280798,0.4305555555555556,0.06936070956533652,0.26767631088190075,0.9339407744874715
combo,voc_seq,0.0005623413251903491,720,8.124627186423975,3.9264900394415005,13.27324695270225,0.41388888888888886,0.06694134792095115,0.2606218962763402,0.9612756264236902
combo,voc_seq,0.0007498942093324559,720,8.99252970514511,4.487166291998909,14.552603414374355,0.4041666666666667,0.06535466639330581,0.254352921341615,0.9772209567198178
combo,voc_seq,0.001,720,9.102023088892812,4.637784791243868,14.76674176846778,0.4,0.06415326844186944,0.252995259826346,0.9840546697038725
combo,voc_seq,0.001333521432163324,720,10.536185381296493,5.981549937071591,16.765147025651224,0.39444444444444443,0.06258381082560634,0.24369324169441217,0.9931662870159453
combo,voc_seq,0.0017782794100389228,720,11.206185381296493,6.459998080514632,17.533788399971776,0.39305555555555555,0.06228800238062249,0.24049973449024645,0.9954441913439636
combo,voc_seq,0.0023713737056616554,720,11.206185381296493,6.459998080514632,17.533788399971776,0.39305555555555555,0.06228800238062249,0.24049973449024645,0.9954441913439636
combo,voc_seq,0.0031622776601683794,720,11.882435381296496,6.81429483565126,18.03467841597498,0.39166666666666666,0.06203493686629374,0.23633893759580232,0.9977220956719818
combo,voc_seq,0.004216965034285822,720,11.882435381296496,6.81429483565126,18.03467841597498,0.39166666666666666,0.06203493686629374,0.23633893759580232,0.9977220956719818
combo,voc_seq,0.005623413251903491,720,12.935504987868045,7.300025002492548,19.35256304327776,0.3902777777777778,0.06171938794140977,0.23542309286385715,1.0
combo,voc_seq,0.007498942093324558,720,12.935504987868045,7.300025002492548,19.35256304327776,0.3902777777777778,0.06171938794140977,0.23542309286385715,1.0
combo,voc_seq,0.01,720,12.935504987868045,7.300025002492548,19.35256304327776,0.3902777777777778,0.06171938794140977,0.23542309286385715,1.0
combo,hybrid_seq,0.0,720,1.2890198768061885,0.9329389719279775,1.6322941627322376,0.7680555555555556,0.5266262064567546,2.394380902713369,0.0387243735763098
combo,hybrid_seq,1e-08,720,1.2890198940752737,0.9329389849075507,1.632294174475661,0.7680555555555556,0.522355748354425,2.361219194274458,0.04100227790432802
combo,hybrid_seq,1.333521432163324e-08,720,1.2890198940752737,0.9329389849075507,1.632294174475661,0.7680555555555556,0.519489134225487,2.3219753094911133,0.04100227790432802
combo,hybrid_seq,1.7782794100389228e-08,720,1.2890198940752737,0.9329389849075507,1.632294174475661,0.7680555555555556,0.5172531232714885,2.296870490528646,0.04100227790432802
combo,hybrid_seq,2.371373705661655e-08,720,1.2890198940752737,0.9329389849075507,1.632294174475661,0.7680555555555556,0.5136539099415443,2.2710688272731003,0.04100227790432802
combo,hybrid_seq,3.162277660168379e-08,720,1.289019894108386,0.9329389849249343,1.632294174475661,0.7680555555555556,0.5102434459952947,2.2191971799758803,0.04100227790432802
combo,hybrid_seq,4.2169650342858225e-08,720,1.2890198944500106,0.9329389854288311,1.6322941748343671,0.7680555555555556,0.5066043468230208,2.1792756456133753,0.04100227790432802
combo,hybrid_seq,5.6234132519034905e-08,720,1.2890198915732192,0.9329389820558049,1.6322941730904137,0.7680555555555556,0.4962445057587957,2.115700353659304,0.04100227790432802
combo,hybrid_seq,7.498942093324559e-08,720,1.2890199122529904,0.9329389994412293,1.632294168277404,0.7680555555555556,0.4876524889734861,2.074844391759254,0.04783599088838269
combo,hybrid_seq,1e-07,720,1.2890198982152257,0.9329389763607903,1.632294154348518,0.7680555555555556,0.47841957991686174,2.046091708134251,0.05239179954441914
combo,hybrid_seq,1.333521432163324e-07,720,1.2890198979361442,0.9329389758561869,1.6322941541466256,0.7680555555555556,0.4659279778834125,2.0048680457120804,0.05239179954441914
combo,hybrid_seq,1.7782794100389227e-07,720,1.2890198907291448,0.9329389826529617,1.632294153868578,0.7680555555555556,0.45271795877705573,1.938002607103701,0.05922551252847381
combo,hybrid_seq,2.3713737056616554e-07,720,1.2890198618054223,0.932938951341159,1.63229412619449,0.7680555555555556,0.4332455035474557,1.8775206965565505,0.07517084282460136
combo,hybrid_seq,3.162277660168379e-07,720,1.2890198615415536,0.9329389480378265,1.6322941254133896,0.7680555555555556,0.41642836432008384,1.8027506294065563,0.09339407744874716
combo,hybrid_seq,4.2169650342858225e-07,720,1.2890198697797304,0.9329389510377826,1.6322941177519994,0.7680555555555556,0.39720022751855105,1.7366606083093252,0.11161731207289294
combo,hybrid_seq,5.62341325190349e-07,720,1.2890198739140433,0.9329389533079838,1.6322941214542335,0.7680555555555556,0.3850359519535601,1.691704175923183,0.1252847380410023
combo,hybrid_seq,7.498942093324558e-07,720,1.2890198774278,0.9329389729991792,1.6322941377184248,0.7680555555555556,0.3677456754374885,1.6092760804010444,0.14350797266514806
combo,hybrid_seq,1e-06,720,1.2893864002579585,0.933323795477999,1.6322941102446509,0.7680555555555556,0.3462258948440652,1.560927741394102,0.17084282460136674
combo,hybrid_seq,1.333521432163324e-06,720,1.290316413658168,0.9341465161773408,1.632833259001495,0.7680555555555556,0.32195013864812033,1.4816920577358157,0.18906605922551253
combo,hybrid_seq,1.7782794100389227e-06,720,1.2903724358305042,0.9341731023695131,1.6328892401643005,0.7680555555555556,0.30426841000179206,1.3966312124358613,0.214123006833713
combo,hybrid_seq,2.3713737056616552e-06,720,1.29154835521881,0.9350738860559835,1.633687409525228,0.7680555555555556,0.28055352893099283,1.3241349552511363,0.2528473804100228
combo,hybrid_seq,3.162277660168379e-06,720,1.2982416499446612,0.941502294112421,1.6381678748877189,0.7666666666666667,0.26711228518173236,1.2328114501636467,0.26879271070615035
combo,hybrid_seq,4.216965034285822e-06,720,1.3041883608543128,0.9464181276320311,1.6432994151208853,0.7666666666666667,0.2521089803869478,1.152272517215028,0.28929384965831434
combo,hybrid_seq,5.623413251903491e-06,720,1.320016841731771,0.9618241180189091,1.6636380756631413,0.7611111111111111,0.23773094298334677,1.0711478695428418,0.3143507972665148
combo,hybrid_seq,7.498942093324558e-06,720,1.3440629275616656,0.9860660567892668,1.685035439704001,0.7486111111111111,0.2260485459494894,0.9784587363303318,0.3439635535307517
combo,hybrid_seq,9.999999999999999e-06,720,1.37529819904281,1.0166231333685676,1.7234638808306864,0.7347222222222223,0.2147987954419844,0.8946821073205582,0.37585421412300685
combo,hybrid_seq,1.333521432163324e-05,720,1.431000393684956,1.0790931146622904,1.788072293882958,0.7069444444444445,0.20349297469304264,0.8075519894664467,0.42369020501138954
combo,hybrid_seq,1.778279410038923e-05,720,2.16429010637337,1.1978939767767003,3.77792249206693,0.6888888888888889,0.19213323233119667,0.7237896492428566,0.45785876993166286
combo,hybrid_seq,2.3713737056616554e-05,720,2.2153469268709625,1.2502638562880646,3.846784819744097,0.6736111111111112,0.1791520328961057,0.6526692608387343,0.4874715261958998
combo,hybrid_seq,3.1622776601683795e-05,720,2.3366592797669576,1.3519620858341725,3.9466432217944676,0.6486111111111111,0.1624423789522628,0.6023796868178983,0.530751708428246
combo,hybrid_seq,4.216965034285822e-05,720,2.5346110738525054,1.541448174579855,4.1554998934619585,0.6138888888888889,0.14153438254412956,0.539887500379013,0.5899772209567198
combo,hybrid_seq,5.623413251903491e-05,720,3.41924848879986,1.9451828396091182,5.544237163030699,0.5791666666666667,0.12432546604390754,0.47851655894153533,0.6492027334851936
combo,hybrid_seq,7.498942093324559e-05,720,6.301421671857245,2.9241773224643794,10.545420635310615,0.5486111111111112,0.10891768132287562,0.3907568403095967,0.7175398633257403
combo,hybrid_seq,0.0001,720,6.5663120731301206,3.205990265684775,10.882039949869831,0.5291666666666667,0.09804566263464749,0.3337948770831948,0.7608200455580866
combo,hybrid_seq,0.0001333521432163324,720,6.7031969948582955,3.302409734544563,11.016338521958646,0.5222222222222223,0.09108531432016961,0.3109939862554408,0.7744874715261959
combo,hybrid_seq,0.00017782794100389227,720,6.845058793355141,3.448811931828054,11.186679564565061,0.5013888888888889,0.08379972946342497,0.2884972163540927,0.8177676537585421
combo,hybrid_seq,0.0002371373705661655,720,6.941941190245028,3.4896567311302813,11.25223559048854,0.4861111111111111,0.08050733794076427,0.2820416155193622,0.8428246013667426
combo,hybrid_seq,0.00031622776601683794,720,7.023084194957834,3.583562850702296,11.304814829384712,0.45555555555555555,0.07354188422132767,0.2727080471624302,0.8929384965831435
combo,hybrid_seq,0.00042169650342858224,720,7.085220005601191,3.6434410248275846,11.361000300280798,0.4305555555555556,0.06936070956533652,0.26767631088190075,0.9339407744874715
combo,hybrid_seq,0.0005623413251903491,720,8.124627186423975,3.9264900394415005,13.27324695270225,0.41388888888888886,0.06694134792095115,0.2606218962763402,0.9612756264236902
combo,hybrid_seq,0.0007498942093324559,720,8.99252970514511,4.487166291998909,14.552603414374355,0.4041666666666667,0.06535466639330581,0.254352921341615,0.9772209567198178
combo,hybrid_seq,0.001,720,9.102023088892812,4.637784791243868,14.76674176846778,0.4,0.06415326844186944,0.252995259826346,0.9840546697038725
combo,hybrid_seq,0.001333521432163324,720,10.536185381296493,5.981549937071591,16.765147025651224,0.39444444444444443,0.06258381082560634,0.24369324169441217,0.9931662870159453
combo,hybrid_seq,0.0017782794100389228,720,11.206185381296493,6.459998080514632,17.533788399971776,0.39305555555555555,0.06228800238062249,0.24049973449024645,0.9954441913439636
combo,hybrid_seq,0.0023713737056616554,720,11.206185381296493,6.459998080514632,17.533788399971776,0.39305555555555555,0.06228800238062249,0.24049973449024645,0.9954441913439636
combo,hybrid_seq,0.0031622776601683794,720,11.882435381296496,6.81429483565126,18.03467841597498,0.39166666666666666,0.06203493686629374,0.23633893759580232,0.9977220956719818
combo,hybrid_seq,0.004216965034285822,720,11.882435381296496,6.81429483565126,18.03467841597498,0.39166666666666666,0.06203493686629374,0.23633893759580232,0.9977220956719818
combo,hybrid_seq,0.005623413251903491,720,12.935504987868045,7.300025002492548,19.35256304327776,0.3902777777777778,0.06171938794140977,0.23542309286385715,1.0
combo,hybrid_seq,0.007498942093324558,720,12.935504987868045,7.300025002492548,19.35256304327776,0.3902777777777778,0.06171938794140977,0.23542309286385715,1.0
combo,hybrid_seq,0.01,720,12.935504987868045,7.300025002492548,19.35256304327776,0.3902777777777778,0.06171938794140977,0.23542309286385715,1.0
combo,oracle,0.0,720,0.16387556849053952,0.14486923554534936,0.18610865877503607,1.0,0.26340831103660534,1.293957023312103,0.0
combo,oracle_voc,0.0,720,0.05205407886383909,0.013758296916159311,0.1036010456142304,0.9875,0.4909093183675134,2.4827411073370866,0.0
combo,oracle_voc,1e-08,720,0.05899386781137825,0.021013460998187985,0.11105941044939245,0.9847222222222223,0.3505070921746526,1.905567641409228,0.0
combo,oracle_voc,1.333521432163324e-08,720,0.06184764511982713,0.022103555184129955,0.11182069558560082,0.9833333333333333,0.3445002737386423,1.8316723477620043,0.0
combo,oracle_voc,1.7782794100389228e-08,720,0.06194668104938322,0.02215133314310263,0.11201104057416093,0.9833333333333333,0.34307280078718344,1.8092833506703352,0.0
combo,oracle_voc,2.371373705661655e-08,720,0.06382795500972703,0.023443336111999252,0.11480916464831772,0.9819444444444444,0.3391726416933763,1.7476721498091945,0.0
combo,oracle_voc,3.162277660168379e-08,720,0.06677739351415837,0.024697005541755416,0.1202671452812663,0.9805555555555555,0.3359585664806915,1.6801355685578123,0.0
combo,oracle_voc,4.2169650342858225e-08,720,0.06677739351415837,0.024697005541755416,0.1202671452812663,0.9805555555555555,0.3359585664806915,1.6801355685578123,0.0
combo,oracle_voc,5.6234132519034905e-08,720,0.07305867278028445,0.03136037065383587,0.1281429091948272,0.9763888888888889,0.3327316582401046,1.619030658978631,0.0
combo,oracle_voc,7.498942093324559e-08,720,0.08003383241173473,0.03883156512695157,0.13655655330379865,0.9722222222222222,0.3301763716320849,1.5769385039536348,0.0
combo,oracle_voc,1e-07,720,0.08327011244838113,0.042286034159974,0.14023311114148101,0.9708333333333333,0.32693110412214677,1.5179998498175236,0.0
combo,oracle_voc,1.333521432163324e-07,720,0.08625318627997187,0.04380917178973237,0.14435126975922377,0.9694444444444444,0.3198666160527327,1.4255025552730836,0.002277904328018223
combo,oracle_voc,1.7782794100389227e-07,720,0.0863697748578726,0.04392214765297093,0.1444516132300503,0.9694444444444444,0.31766661569393706,1.395348278107829,0.002277904328018223
combo,oracle_voc,2.3713737056616554e-07,720,0.08652776621103568,0.04401907210392861,0.14459744656338358,0.9694444444444444,0.31606082032170857,1.3766878060578267,0.002277904328018223
combo,oracle_voc,3.162277660168379e-07,720,0.09046208822961964,0.04841489294712593,0.14753422985646042,0.9680555555555556,0.3128095156240619,1.330617608959205,0.002277904328018223
combo,oracle_voc,4.2169650342858225e-07,720,0.09466072332156802,0.05073375585607383,0.15359318225325755,0.9666666666666667,0.31095073217345687,1.2978876608925525,0.004555808656036446
combo,oracle_voc,5.62341325190349e-07,720,0.09514683443267909,0.05137120814208359,0.1538119322532575,0.9666666666666667,0.3085822402746968,1.2576413776383764,0.004555808656036446
combo,oracle_voc,7.498942093324558e-07,720,0.09553187352255667,0.0516881161277363,0.1541776512763954,0.9666666666666667,0.3076822001122127,1.2506862939675354,0.004555808656036446
combo,oracle_voc,1e-06,720,0.11856413592778567,0.06810720185283507,0.19650264443862978,0.9638888888888889,0.3040047788286065,1.1905420157022795,0.004555808656036446
combo,oracle_voc,1.333521432163324e-06,720,0.11953635815000788,0.06952269696679751,0.19746544508235703,0.9638888888888889,0.30215220506020074,1.160308715506441,0.004555808656036446
combo,oracle_voc,1.7782794100389227e-06,720,0.1206218255065594,0.07016252059975951,0.19840703074860386,0.9638888888888889,0.3013475739487992,1.1487124718633823,0.004555808656036446
combo,oracle_voc,2.3713737056616552e-06,720,0.12257459910637503,0.0718014516761494,0.20022340561753152,0.9638888888888889,0.29911741394791697,1.1318102042078257,0.004555808656036446
combo,oracle_voc,3.162277660168379e-06,720,0.12762922511335048,0.07669707581831865,0.20412405564304775,0.9638888888888889,0.2955529593391862,1.0961797827966924,0.004555808656036446
combo,oracle_voc,4.216965034285822e-06,720,0.1383518414417153,0.09064752659804054,0.21247667513668483,0.9638888888888889,0.28966323040117936,1.0424452011106344,0.004555808656036446
combo,oracle_voc,5.623413251903491e-06,720,0.14753447566102246,0.09969073840272694,0.2225159463451244,0.9611111111111111,0.28658372788072245,1.010329828375921,0.009111617312072893
combo,oracle_voc,7.498942093324558e-06,720,0.17453443620978298,0.12422023669978677,0.2528765637657735,0.95,0.2784103349208577,0.9340242068189986,0.029612756264236904
combo,oracle_voc,9.999999999999999e-06,720,0.2041984759708739,0.150865224271409,0.282004487407502,0.9402777777777778,0.26879671237000935,0.8718098384689761,0.05011389521640091
combo,oracle_voc,1.333521432163324e-05,720,0.25331158784954255,0.1963630488238723,0.3398474011220123,0.9152777777777777,0.25469023957528575,0.7952325907370829,0.09567198177676538
combo,oracle_voc,1.778279410038923e-05,720,0.3125983397984706,0.2508711642292017,0.4004764220911279,0.8902777777777777,0.2424193321595585,0.7260169085051328,0.14123006833712984
combo,oracle_voc,2.3713737056616554e-05,720,0.39468952224945264,0.32400074399470685,0.49161530946278803,0.8597222222222223,0.22464335535386826,0.6540094856912725,0.19134396355353075
combo,oracle_voc,3.1622776601683795e-05,720,0.45843209532110335,0.381930690199997,0.5552011635770726,0.8361111111111111,0.2134865696570684,0.6119745335343598,0.23234624145785876
combo,oracle_voc,4.216965034285822e-05,720,0.5326674982855557,0.45156874551635057,0.641703527918146,0.8013888888888889,0.19707707612854428,0.5780258178705481,0.29157175398633256
combo,oracle_voc,5.623413251903491e-05,720,0.6651140252649377,0.568056664745292,0.774266335467356,0.7694444444444445,0.18418065423763796,0.5309001903066726,0.34851936218678814
combo,oracle_voc,7.498942093324559e-05,720,0.837793039698919,0.6950661352126462,0.9890714821144813,0.7416666666666667,0.17265070846861888,0.48502670301364154,0.39863325740318906
combo,oracle_voc,0.0001,720,1.0412193921496775,0.8853892065867374,1.2037212498970389,0.7180555555555556,0.16031023182954837,0.44474333304146463,0.44646924829157175
combo,oracle_voc,0.0001333521432163324,720,1.5048537575503493,1.304908849666523,1.7177001817870297,0.6652777777777777,0.1345292600450654,0.3739389709094818,0.5421412300683371
combo,oracle_voc,0.00017782794100389227,720,1.9092445028264946,1.6943991298470154,2.167555680707122,0.6,0.1105343087015072,0.32933347692483544,0.6514806378132119
combo,oracle_voc,0.0002371373705661655,720,2.1446704815328093,1.9243197856944592,2.4289016783609765,0.5458333333333333,0.0961347066201869,0.30962281636514793,0.7425968109339408
combo,oracle_voc,0.00031622776601683794,720,2.444809626199811,2.1838072437790093,2.7695307339673025,0.49722222222222223,0.08228364252693168,0.2910424899457717,0.8223234624145785
combo,oracle_voc,0.00042169650342858224,720,2.6505504728125286,2.3574593368357295,2.965044855252403,0.4652777777777778,0.07661557139897245,0.2820440053943963,0.876993166287016
combo,oracle_voc,0.0005623413251903491,720,2.8366188407479003,2.5559778727836453,3.1815435855263123,0.43333333333333335,0.07050760199250894,0.2748810636222111,0.929384965831435
combo,oracle_voc,0.0007498942093324559,720,2.868825692438939,2.5904800093044043,3.2191600366681223,0.42083333333333334,0.069486513757616,0.2739772349416449,0.9498861047835991
combo,oracle_voc,0.001,720,3.0405356328232025,2.6876415707265338,3.3863196154883655,0.4125,0.06761730898136357,0.270507140916642,0.9635535307517085
combo,oracle_voc,0.001333521432163324,720,3.1051224914867537,2.7280502033838907,3.462475234681676,0.4111111111111111,0.06688899259629379,0.2695571015541342,0.9658314350797267
combo,oracle_voc,0.0017782794100389228,720,3.2075190056479737,2.815793279193585,3.6017822015893564,0.4097222222222222,0.06609063401043519,0.2685453629624741,0.9681093394077449
combo,oracle_voc,0.0023713737056616554,720,4.080169521778709,3.0271385343523445,5.631017901791369,0.40555555555555556,0.06442231105238022,0.26246088451108435,0.9749430523917996
combo,oracle_voc,0.0031622776601683794,720,5.4370445217787085,3.269047702261686,7.837534739131895,0.4027777777777778,0.06382490560930193,0.255015803054155,0.979498861047836
combo,oracle_voc,0.004216965034285822,720,9.329284040300324,5.43068372454015,14.199705358166048,0.39444444444444443,0.06233695283112325,0.2374513280624746,0.9931662870159453
combo,oracle_voc,0.005623413251903491,720,9.329284040300324,5.43068372454015,14.199705358166048,0.39444444444444443,0.06233695283112325,0.2374513280624746,0.9931662870159453
combo,oracle_voc,0.007498942093324558,720,9.329284040300324,5.43068372454015,14.199705358166048,0.39444444444444443,0.06233695283112325,0.2374513280624746,0.9931662870159453
combo,oracle_voc,0.01,720,9.329284040300324,5.43068372454015,14.199705358166048,0.39444444444444443,0.06233695283112325,0.2374513280624746,0.9931662870159453
activation_rate,uniform_coarse,0.0,720,18.119411138362576,15.396949840316173,20.907754505069253,0.2388888888888889,0.02060826779513419,0.48685537155556124,1.0
activation_rate,uniform_medium,1.0,720,2.0757202454642565,1.8844501622148453,2.291453999557963,0.4527777777777778,0.0635935064710427,0.26388479654710356,1.0
activation_rate,uniform_fine,2.0,720,0.000345621094708312,0.00015048880142891214,0.0006264246649947118,1.0,1.0,5.421362254456886,0.0
activation_rate,random,0.0,720,2.0757202454642565,1.8844501622148453,2.291453999557963,0.4527777777777778,0.0635935064710427,0.26388479654710356,1.0
activation_rate,random,1.0,720,1.5682366643388068,1.3793556500970945,1.775337667407309,0.5763888888888888,0.22420464634360898,1.1919193209929493,0.0
activation_rate,random,2.0,720,1.0770325828344058,0.9326028870899535,1.2456679464688578,0.6986111111111111,0.4059821661941044,2.3184743303041615,0.0
activation_rate,random,3.0,720,0.5320571241494965,0.4109532082984004,0.6692359295359307,0.8458333333333333,0.5982221209567048,3.369090175957101,0.0
activation_rate,random,4.0,720,0.000345621094708312,0.00015048880142891214,0.0006264246649947118,1.0,1.0,5.421362254456886,0.0
activation_rate,share,0.0,720,2.0757202454642565,1.8844501622148453,2.291453999557963,0.4527777777777778,0.0635935064710427,0.26388479654710356,1.0
activation_rate,share,1.0,720,1.1734206460467227,1.0129541268356996,1.353301772381644,0.6666666666666666,0.19185476119148193,1.1722285701402042,0.0
activation_rate,share,2.0,720,0.2976093590318881,0.23599483675475533,0.35728827772556526,0.8805555555555555,0.41402876565629787,1.6359539161733563,0.0
activation_rate,share,3.0,720,0.2714224426149548,0.21358973470669973,0.3255524324056249,0.8888888888888888,0.45345411744632613,1.828211483347271,0.0
activation_rate,share,4.0,720,0.000345621094708312,0.00015048880142891214,0.0006264246649947118,1.0,1.0635935064710427,5.685247051003989,0.0
activation_rate,discrepancy,0.01,720,0.01915605324733476,0.006816885626111564,0.039640126066182176,0.9958333333333333,1.0212836796129414,6.009430147427671,0.0
activation_rate,discrepancy,0.020000000000000004,720,0.023603060683935112,0.01090035208065316,0.043866683932041614,0.9958333333333333,0.9868785159308182,5.943430096531786,0.0
activation_rate,discrepancy,0.030000000000000006,720,0.025500521416916135,0.012580791953712292,0.04602393126883727,0.9958333333333333,0.9091351048730375,5.78190647906915,0.0
activation_rate,discrepancy,0.04000000000000001,720,0.02550058375223345,0.012580857134671688,0.04602399815163495,0.9958333333333333,0.8404658467342542,5.696238134438722,0.0
activation_rate,discrepancy,0.05000000000000001,720,0.09405520407856433,0.0336824228172144,0.1861558903149449,0.9875,0.8137130273619757,5.565176010809581,0.0
activation_rate,discrepancy,0.06000000000000001,720,0.09405516384507179,0.033682374903837055,0.18615578356382662,0.9875,0.8012008853863313,5.530151978761013,0.0
activation_rate,discrepancy,0.07,720,0.09405551641876725,0.03368260190094778,0.18615611913356972,0.9875,0.792983713398365,5.477424186005424,0.0
activation_rate,discrepancy,0.08,720,0.09408266828197603,0.03372964478890486,0.18616294504322586,0.9875,0.7786639727281947,5.4413095935123845,0.007614213197969543
activation_rate,discrepancy,0.09000000000000001,720,0.09408225816059779,0.033729187128589584,0.18616268493368404,0.9875,0.7736713177158019,5.391033164047086,0.007614213197969543
activation_rate,discrepancy,0.1,720,0.10190476305284185,0.0376052326087552,0.19156322504440496,0.9847222222222223,0.7649400456810267,5.2930762299763146,0.007614213197969543
activation_rate,discrepancy,0.15,720,0.2577845477220864,0.18787993649246262,0.34859461476386683,0.9180555555555555,0.724183037520664,4.986502000916526,0.007614213197969543
activation_rate,discrepancy,0.19999999999999998,720,0.26430959490527167,0.19460643662715996,0.35746027826576604,0.9138888888888889,0.7179917804967411,4.969544209224902,0.007614213197969543
activation_rate,discrepancy,0.25,720,0.26430959490527167,0.19460643662715996,0.35746027826576604,0.9138888888888889,0.7171109074789827,4.967598714451368,0.007614213197969543
activation_rate,discrepancy,0.3,720,0.30639539367513174,0.2333239672729493,0.4015082863952457,0.8986111111111111,0.704241320978702,4.853729443340247,0.012690355329949238
activation_rate,discrepancy,0.35,720,0.35953667145419776,0.2855542186911098,0.45132708538141364,0.8777777777777778,0.6943143453225057,4.813491865187472,0.012690355329949238
activation_rate,discrepancy,0.39999999999999997,720,0.3800311783934356,0.30852346297564254,0.47680367241907146,0.8736111111111111,0.6869017547959502,4.744276192438803,0.012690355329949238
activation_rate,discrepancy,0.44999999999999996,720,0.38480791659259206,0.3120143035113933,0.48433013810549264,0.8722222222222222,0.6822687085819221,4.739745470138839,0.017766497461928935
activation_rate,discrepancy,0.5,720,0.43765579438605423,0.36043087712388655,0.5426230971899124,0.8597222222222223,0.6718271518481794,4.6505201427123515,0.027918781725888325
activation_rate,discrepancy,0.5499999999999999,720,0.4740844549127824,0.386379806993814,0.5948509442196569,0.8541666666666666,0.6651662046678227,4.608408141052587,0.03807106598984772
activation_rate,discrepancy,0.6,720,0.47408452566282333,0.38637980693229806,0.5948510111970671,0.8541666666666666,0.6622922725015745,4.604794937544254,0.04314720812182741
activation_rate,discrepancy,0.6499999999999999,720,0.47958629826213744,0.38927231190933737,0.6031940794390411,0.8527777777777777,0.650239942845879,4.584472890673351,0.05583756345177665
activation_rate,discrepancy,0.7,720,0.5261139226179002,0.43536566476504657,0.6523154577006746,0.8416666666666667,0.6358615083323532,4.468808443498367,0.07106598984771574
activation_rate,discrepancy,0.75,720,0.5626336349199126,0.46896679192793894,0.6861215935562875,0.8347222222222223,0.6250622621291991,4.369785684987255,0.08121827411167512
activation_rate,discrepancy,0.7999999999999999,720,0.5912925746294729,0.48250255670473663,0.7257737847923178,0.8291666666666667,0.6189581252664575,4.3254688804788906,0.08883248730964467
activation_rate,discrepancy,0.85,720,0.6064448887823544,0.4922804459709324,0.7437947873963948,0.8263888888888888,0.6143801100106366,4.319517140137224,0.09898477157360407
activation_rate,discrepancy,0.8999999999999999,720,0.6700186150816884,0.5538143624066654,0.8079394012698875,0.8166666666666667,0.6001662576682268,4.227185478026149,0.11421319796954314
activation_rate,discrepancy,0.95,720,0.7245321783026499,0.6090282550000159,0.8646194131153784,0.8041666666666667,0.5942372703729374,4.185226381999867,0.12690355329949238
activation_rate,sensitivity,0.01,720,0.5301575366564185,0.42726313036498115,0.6237942726956646,0.8347222222222223,0.6335078968598616,4.280298593262635,0.2918781725888325
activation_rate,sensitivity,0.020000000000000004,720,0.5794810096550901,0.479267761743283,0.6858100975287476,0.8291666666666667,0.6281033161126142,4.201720699526525,0.2918781725888325
activation_rate,sensitivity,0.030000000000000006,720,0.6347352074729468,0.519472713074587,0.7407883296207525,0.8236111111111111,0.6245116394468869,4.152782336133482,0.2918781725888325
activation_rate,sensitivity,0.04000000000000001,720,0.6980447096853623,0.5585366072325587,0.828028952356245,0.8166666666666667,0.6177340322107308,4.060374895158434,0.2918781725888325
activation_rate,sensitivity,0.05000000000000001,720,0.709484881018473,0.5706380933466698,0.8388014586980197,0.8152777777777778,0.6122184582913532,3.969515256086187,0.2918781725888325
activation_rate,sensitivity,0.06000000000000001,720,0.7562599273672906,0.6079336642106904,0.8924260705058505,0.8111111111111111,0.6082721181573354,3.9085675118791894,0.2918781725888325
activation_rate,sensitivity,0.07,720,0.7899517279643953,0.6362531874846653,0.926807220033371,0.8055555555555556,0.6006192913270533,3.7777197513486094,0.2918781725888325
activation_rate,sensitivity,0.08,720,0.8034148855466436,0.6427397333861341,0.943709655974301,0.8041666666666667,0.5961654529526406,3.6920056840555846,0.2918781725888325
activation_rate,sensitivity,0.09000000000000001,720,0.8163957451727109,0.6495667854067557,0.9580870286715274,0.8027777777777778,0.5921242665322501,3.6294671719013523,0.2918781725888325
activation_rate,sensitivity,0.1,720,0.8569240026807863,0.6844497041230645,1.013530468490419,0.7986111111111112,0.5860263792946838,3.5177678031610715,0.2918781725888325
activation_rate,sensitivity,0.15,720,0.9105411330337824,0.7417749385509397,1.0690626845722733,0.7930555555555555,0.5737041251606776,3.3828730165652816,0.2918781725888325
activation_rate,sensitivity,0.19999999999999998,720,0.9300188790103786,0.755116887661691,1.0959429434368593,0.7902777777777777,0.5681879433140814,3.336214962808329,0.2918781725888325
activation_rate,sensitivity,0.25,720,0.9406814976075756,0.7727854384418889,1.106807285366865,0.7888888888888889,0.5639059277741101,3.302766583440229,0.2918781725888325
activation_rate,sensitivity,0.3,720,0.9721440442814434,0.7962516106253493,1.144102762583026,0.7861111111111111,0.5603899078920633,3.2685906547124635,0.2918781725888325
activation_rate,sensitivity,0.35,720,0.9734222481553719,0.7971299111059962,1.1461244403784878,0.7861111111111111,0.5581755228512716,3.2359676492388747,0.2918781725888325
activation_rate,sensitivity,0.39999999999999997,720,0.9759744978227499,0.8009171347845991,1.1479782184947152,0.7861111111111111,0.5563417235405405,3.215558285747223,0.2918781725888325
activation_rate,sensitivity,0.44999999999999996,720,0.9905400273840025,0.8090371855071663,1.1667078790442655,0.7847222222222222,0.5547650426542703,3.2000941188361036,0.2918781725888325
activation_rate,sensitivity,0.5,720,0.9907553135224968,0.8091440862737677,1.167277932563688,0.7847222222222222,0.5540035640510561,3.191714603890311,0.2918781725888325
activation_rate,sensitivity,0.5499999999999999,720,1.0179799981309934,0.8177190693921154,1.1999664699933705,0.7833333333333333,0.552621332671636,3.1684426309805835,0.2918781725888325
activation_rate,sensitivity,0.6,720,1.0179799981309934,0.8177190693921154,1.1999664699933705,0.7833333333333333,0.5520634249330628,3.1598804361416923,0.2918781725888325
activation_rate,sensitivity,0.6499999999999999,720,1.0190980883918792,0.8190958055032264,1.2014682569349318,0.7833333333333333,0.551316840842985,3.148052219198649,0.2918781725888325
activation_rate,sensitivity,0.7,720,1.0190980883918792,0.8190958055032264,1.2014682569349318,0.7833333333333333,0.5509855377479735,3.142643374654229,0.2918781725888325
activation_rate,sensitivity,0.75,720,1.0190980883918792,0.8190958055032264,1.2014682569349318,0.7833333333333333,0.5506472915236559,3.1377096295486706,0.2918781725888325
activation_rate,sensitivity,0.7999999999999999,720,1.0190980883918792,0.8190958055032264,1.2014682569349318,0.7833333333333333,0.5503689282797788,3.1341687062709047,0.2918781725888325
activation_rate,sensitivity,0.85,720,1.0193316611191516,0.8197965236850442,1.2016901510258409,0.7833333333333333,0.5501863727320253,3.133386027369508,0.2918781725888325
activation_rate,sensitivity,0.8999999999999999,720,1.0193316611191516,0.8197965236850442,1.2016901510258409,0.7833333333333333,0.5501012705481405,3.1323800745709076,0.2918781725888325
activation_rate,sensitivity,0.95,720,1.0193316611191516,0.8197965236850442,1.2016901510258409,0.7833333333333333,0.5501012705481405,3.1323800745709076,0.2918781725888325
activation_rate,novelty,0.5,720,1.7672926896248944,1.5858948557909422,1.9530157972676294,0.5125,0.14888475216982314,1.1702133739734766,0.8121827411167513
activation_rate,novelty,0.75,720,2.075581355916171,1.884384189679484,2.291453999557746,0.4527777777777778,0.06675182801090289,0.2933864413470979,0.9974619289340102
activation_rate,novelty,0.9,720,2.075581356575367,1.884384189992623,2.291453999557963,0.4527777777777778,0.06498239535993158,0.26904580173876536,1.0
activation_rate,novelty,0.95,720,2.075581356575367,1.884384189992623,2.291453999557963,0.4527777777777778,0.06498239535993158,0.26904580173876536,1.0
activation_rate,novelty,0.99,720,2.0757202454642565,1.8844501622148453,2.291453999557963,0.4527777777777778,0.0635935064710427,0.26388479654710356,1.0
activation_rate,uncertainty,0.01,720,0.00022790451305387458,0.00013232736465053322,0.00032718459637482333,1.0,0.9509408108118612,5.255007847523413,0.0
activation_rate,uncertainty,0.020000000000000004,720,0.0002959679236598539,0.0001458413441849782,0.0004568160180531664,1.0,0.8810265148542757,4.9562054929192225,0.0
activation_rate,uncertainty,0.030000000000000006,720,0.00031730782370094644,0.00015740615191083603,0.00047805125667641586,1.0,0.8403293542388959,4.6223908667136335,0.0
activation_rate,uncertainty,0.04000000000000001,720,0.00038723243079241145,0.00018813040939339882,0.0005922130743797608,1.0,0.8108010822428842,4.4075869107011485,0.0
activation_rate,uncertainty,0.05000000000000001,720,0.0004936041943304531,0.0002565326436462812,0.0007804437807682639,1.0,0.780924107654843,4.220307120531702,0.0
activation_rate,uncertainty,0.06000000000000001,720,0.003110769640227134,0.0005026409792465822,0.007032024550218704,0.9986111111111111,0.7510767620145363,3.9662701313664304,0.0
activation_rate,uncertainty,0.07,720,0.005925403193447966,0.0006356311003902111,0.013811375082445506,0.9972222222222222,0.7295200074207041,3.8344273047052817,0.0
activation_rate,uncertainty,0.08,720,0.005925402159265459,0.000635603251871505,0.013811372745749244,0.9972222222222222,0.7137162514258507,3.712557804612273,0.0
activation_rate,uncertainty,0.09000000000000001,720,0.013026762110501215,0.0039592984774880265,0.02655985299525295,0.9944444444444445,0.6976909325710685,3.596879240538692,0.0
activation_rate,uncertainty,0.1,720,0.01303255919458906,0.0039664615706989075,0.02656458245154445,0.9944444444444445,0.6793513492429011,3.445274250656803,0.0
activation_rate,uncertainty,0.15,720,0.019866549070355427,0.007164127984087803,0.03635353879387948,0.9916666666666667,0.6261753281938771,3.036680137212463,0.0
activation_rate,uncertainty,0.19999999999999998,720,0.03018927057283265,0.015557569331081223,0.04800656615581477,0.9861111111111112,0.5724963629506509,2.6491668532026678,0.0
activation_rate,uncertainty,0.25,720,0.03568306411062506,0.02018929111244439,0.055578776461859755,0.9819444444444444,0.5431858451492114,2.4504217349040927,0.0
activation_rate,uncertainty,0.3,720,0.053236271096506985,0.02854383119870281,0.07761295362051238,0.9777777777777777,0.5223108608050103,2.3360171659749134,0.0
activation_rate,uncertainty,0.35,720,0.06672779656109866,0.03659762920553178,0.10147358410192964,0.9736111111111111,0.5024967248639189,2.2259252002026186,0.0
activation_rate,uncertainty,0.39999999999999997,720,0.07353919675408267,0.04337860095024796,0.10684475789249558,0.9708333333333333,0.4900978802834374,2.125019205672005,0.0
activation_rate,uncertainty,0.44999999999999996,720,0.08521446031542934,0.04951676565231627,0.11893137847145312,0.9666666666666667,0.4816215726078059,2.034356127263638,0.0
activation_rate,uncertainty,0.5,720,0.09513145878175516,0.05698181979403472,0.13328422553237204,0.9638888888888889,0.47031018266757874,1.975113500648331,0.0
activation_rate,uncertainty,0.5499999999999999,720,0.10837194960089584,0.06660311252710105,0.15266019502316985,0.9611111111111111,0.4598863174106519,1.9178607221761013,0.0
activation_rate,uncertainty,0.6,720,0.10925027368258627,0.06746803129080521,0.1528651136820898,0.9611111111111111,0.45177053428949576,1.8449749604649797,0.0
activation_rate,uncertainty,0.6499999999999999,720,0.12288743455090131,0.08148451887849059,0.16668680952905165,0.9555555555555556,0.43972037784795,1.7399288509232873,0.0
activation_rate,uncertainty,0.7,720,0.12487755917703179,0.08256005446868736,0.1688100978173545,0.9541666666666667,0.4337078794228257,1.6997396230496533,0.0
activation_rate,uncertainty,0.75,720,0.12943652862076496,0.08569030644081431,0.1760813848660398,0.9513888888888888,0.42655117090121764,1.6834064944621585,0.0
activation_rate,uncertainty,0.7999999999999999,720,0.13069686160008648,0.08704293360945115,0.17786949543893285,0.9513888888888888,0.42323600696273206,1.6757097606218951,0.0
activation_rate,uncertainty,0.85,720,0.13114627092771297,0.08739529245968525,0.17859837216301613,0.9513888888888888,0.4187657613434325,1.6405998726718887,0.0
activation_rate,uncertainty,0.8999999999999999,720,0.1414440125808783,0.09757441039369316,0.1887205166822854,0.9458333333333333,0.41072696971190187,1.6033674740385322,0.0
activation_rate,uncertainty,0.95,720,0.1425551237646601,0.09884965986659697,0.19003339687806375,0.9458333333333333,0.4080197026685637,1.597838093409377,0.0
activation_rate,uncertainty_per_cost,0.0,720,0.0003455104465252386,0.00015043065564662302,0.0006262035800044721,1.0,1.0621428031884996,5.670611836073365,0.0
activation_rate,uncertainty_per_cost,1e-08,720,0.0006781092952573352,0.0002875319951187044,0.0012208455533961277,1.0,1.0118537006792414,4.690982612719159,0.0
activation_rate,uncertainty_per_cost,1.333521432163324e-08,720,0.0016031037174892115,0.0006178402816233502,0.0027306895191965383,1.0,0.9855160190211523,4.204573999101114,0.0
activation_rate,uncertainty_per_cost,1.7782794100389228e-08,720,0.0018623223956236864,0.0008825370327008955,0.002997307016107392,1.0,0.9625494592547063,3.837569835866331,0.0
activation_rate,uncertainty_per_cost,2.371373705661655e-08,720,0.002369994844274811,0.0011083569135947747,0.0038630060914611204,1.0,0.9029497841181278,3.464796936909392,0.0
activation_rate,uncertainty_per_cost,3.162277660168379e-08,720,0.004121308205164679,0.001900034790145338,0.007261030515183081,1.0,0.875611180070619,3.2215565066024787,0.0
activation_rate,uncertainty_per_cost,4.2169650342858225e-08,720,0.00426598907929728,0.002043225308308296,0.007456390258634688,1.0,0.859712128738819,3.1164919844330448,0.0
activation_rate,uncertainty_per_cost,5.6234132519034905e-08,720,0.008975891173669556,0.0036531784322325267,0.016026857552886124,0.9986111111111111,0.8282617772457846,2.9395973784830454,0.0
activation_rate,uncertainty_per_cost,7.498942093324559e-08,720,0.021745266357183067,0.009910161491056228,0.03790202719378509,0.9930555555555556,0.7861683999909215,2.708323122069295,0.0025380710659898475
activation_rate,uncertainty_per_cost,1e-07,720,0.026389042254019262,0.012289844613210884,0.04304804274649702,0.9902777777777778,0.7316407242569296,2.5181148945860716,0.0025380710659898475
activation_rate,uncertainty_per_cost,1.333521432163324e-07,720,0.032136109146674606,0.017394557153204687,0.04912068801926914,0.9861111111111112,0.6556629794440636,2.328273383174989,0.005076142131979695
activation_rate,uncertainty_per_cost,1.7782794100389227e-07,720,0.051196929370414396,0.030849526396303957,0.07625536445107446,0.9763888888888889,0.6096221734838474,2.1265073132556607,0.01015228426395939
activation_rate,uncertainty_per_cost,2.3713737056616554e-07,720,0.07425560629114458,0.050952044099679156,0.10058838600416484,0.9722222222222222,0.5484211202212717,1.873114761466877,0.012690355329949238
activation_rate,uncertainty_per_cost,3.162277660168379e-07,720,0.12076710587597898,0.0855462044108032,0.16269983134107743,0.9625,0.5046886845287346,1.6317475059903699,0.017766497461928935
activation_rate,uncertainty_per_cost,4.2169650342858225e-07,720,0.15109385698421765,0.10821422045535846,0.19655151672377424,0.9541666666666667,0.45211162740867494,1.4445855081583532,0.025380710659898477
activation_rate,uncertainty_per_cost,5.62341325190349e-07,720,0.19756790844855357,0.15162758826977557,0.2544083743940958,0.9375,0.3927752848637224,1.215085894124766,0.03553299492385787
activation_rate,uncertainty_per_cost,7.498942093324558e-07,720,0.2644479207856127,0.20822894856916516,0.33159903194308227,0.9125,0.35611975522382044,1.103894359437163,0.06852791878172589
activation_rate,uncertainty_per_cost,1e-06,720,0.3358108668959917,0.26945470948014555,0.4143062209113068,0.8861111111111111,0.3225196039662612,0.9375682570025775,0.09644670050761421
activation_rate,uncertainty_per_cost,1.333521432163324e-06,720,0.45893622664921907,0.3794216323132117,0.5441384893148234,0.8430555555555556,0.2896351314353775,0.829922808899836,0.15736040609137056
activation_rate,uncertainty_per_cost,1.7782794100389227e-06,720,0.5673538209661697,0.4693906781265513,0.6676648796474732,0.8152777777777778,0.2586207434933587,0.7288255081470703,0.23604060913705585
activation_rate,uncertainty_per_cost,2.3713737056616552e-06,720,0.7662917224009094,0.662303917040541,0.8807502892279485,0.775,0.2288030391787347,0.6335405314623332,0.3299492385786802
activation_rate,uncertainty_per_cost,3.162277660168379e-06,720,0.96727734191127,0.8429367095689249,1.101968593036393,0.7222222222222222,0.18745104557007872,0.5323837304137365,0.4543147208121827
activation_rate,uncertainty_per_cost,4.216965034285822e-06,720,1.2246153913201887,1.056896573010706,1.3912261547060938,0.6680555555555555,0.1525926982911485,0.4272395794512603,0.5888324873096447
activation_rate,uncertainty_per_cost,5.623413251903491e-06,720,1.4141931192955384,1.24532448251999,1.5742441763498212,0.6166666666666667,0.13038517848457484,0.38300776432908806,0.6928934010152284
activation_rate,uncertainty_per_cost,7.498942093324558e-06,720,1.6068399282628922,1.416531817997924,1.8011890923815204,0.5722222222222222,0.10971752213114681,0.3499858838207122,0.7741116751269036
activation_rate,uncertainty_per_cost,9.999999999999999e-06,720,1.8000707914608929,1.598579352321888,2.0220841739387683,0.525,0.09353796357436875,0.316411197674875,0.8629441624365483
activation_rate,uncertainty_per_cost,1.333521432163324e-05,720,1.8787121839453846,1.6848276109296965,2.0991466045535514,0.4986111111111111,0.08607965885721844,0.30445460912071415,0.9111675126903553
activation_rate,uncertainty_per_cost,1.778279410038923e-05,720,1.9384951665604389,1.7364546318955862,2.1534161337055977,0.4777777777777778,0.0786522431614153,0.29365253471236835,0.9543147208121827
activation_rate,uncertainty_per_cost,2.3713737056616554e-05,720,1.9634494465174022,1.7646892959414557,2.181843154639841,0.4722222222222222,0.07594367671047693,0.2861116331179195,0.9644670050761421
activation_rate,uncertainty_per_cost,3.1622776601683795e-05,720,1.9993377891366906,1.7986248795015165,2.21115626917049,0.46111111111111114,0.06956278039151739,0.27177270713599583,0.9847715736040609
activation_rate,uncertainty_per_cost,4.216965034285822e-05,720,1.99993481084518,1.7995054865215383,2.21115626917049,0.46111111111111114,0.06871658176536767,0.2708194463304406,0.9847715736040609
activation_rate,uncertainty_per_cost,5.623413251903491e-05,720,2.0235674596708066,1.8260384124066387,2.2345001089026497,0.4597222222222222,0.0679679701076651,0.26989633089294024,0.9873096446700508
activation_rate,uncertainty_per_cost,7.498942093324559e-05,720,2.0449723702936513,1.8508478836146915,2.2558227903989057,0.45555555555555555,0.0656169982416004,0.26711921061099325,0.9949238578680203
activation_rate,uncertainty_per_cost,0.0001,720,2.0449723702936513,1.8508478836146915,2.2558227903989057,0.45555555555555555,0.0656169982416004,0.26711921061099325,0.9949238578680203
activation_rate,uncertainty_per_cost,0.0001333521432163324,720,2.075581356575367,1.884384189992623,2.291453999557963,0.4527777777777778,0.06392460098930094,0.2652126889998827,1.0
activation_rate,uncertainty_per_cost,0.00017782794100389227,720,2.075581356575367,1.884384189992623,2.291453999557963,0.4527777777777778,0.06392460098930094,0.2652126889998827,1.0
activation_rate,uncertainty_per_cost,0.0002371373705661655,720,2.0757202454642565,1.8844501622148453,2.291453999557963,0.4527777777777778,0.0635935064710427,0.26388479654710356,1.0
activation_rate,uncertainty_per_cost,0.00031622776601683794,720,2.0757202454642565,1.8844501622148453,2.291453999557963,0.4527777777777778,0.0635935064710427,0.26388479654710356,1.0
activation_rate,uncertainty_per_cost,0.00042169650342858224,720,2.0757202454642565,1.8844501622148453,2.291453999557963,0.4527777777777778,0.0635935064710427,0.26388479654710356,1.0
activation_rate,uncertainty_per_cost,0.0005623413251903491,720,2.0757202454642565,1.8844501622148453,2.291453999557963,0.4527777777777778,0.0635935064710427,0.26388479654710356,1.0
activation_rate,uncertainty_per_cost,0.0007498942093324559,720,2.0757202454642565,1.8844501622148453,2.291453999557963,0.4527777777777778,0.0635935064710427,0.26388479654710356,1.0
activation_rate,uncertainty_per_cost,0.001,720,2.0757202454642565,1.8844501622148453,2.291453999557963,0.4527777777777778,0.0635935064710427,0.26388479654710356,1.0
activation_rate,uncertainty_per_cost,0.001333521432163324,720,2.0757202454642565,1.8844501622148453,2.291453999557963,0.4527777777777778,0.0635935064710427,0.26388479654710356,1.0
activation_rate,uncertainty_per_cost,0.0017782794100389228,720,2.0757202454642565,1.8844501622148453,2.291453999557963,0.4527777777777778,0.0635935064710427,0.26388479654710356,1.0
activation_rate,uncertainty_per_cost,0.0023713737056616554,720,2.0757202454642565,1.8844501622148453,2.291453999557963,0.4527777777777778,0.0635935064710427,0.26388479654710356,1.0
activation_rate,uncertainty_per_cost,0.0031622776601683794,720,2.0757202454642565,1.8844501622148453,2.291453999557963,0.4527777777777778,0.0635935064710427,0.26388479654710356,1.0
activation_rate,uncertainty_per_cost,0.004216965034285822,720,2.0757202454642565,1.8844501622148453,2.291453999557963,0.4527777777777778,0.0635935064710427,0.26388479654710356,1.0
activation_rate,uncertainty_per_cost,0.005623413251903491,720,2.0757202454642565,1.8844501622148453,2.291453999557963,0.4527777777777778,0.0635935064710427,0.26388479654710356,1.0
activation_rate,uncertainty_per_cost,0.007498942093324558,720,2.0757202454642565,1.8844501622148453,2.291453999557963,0.4527777777777778,0.0635935064710427,0.26388479654710356,1.0
activation_rate,uncertainty_per_cost,0.01,720,2.0757202454642565,1.8844501622148453,2.291453999557963,0.4527777777777778,0.0635935064710427,0.26388479654710356,1.0
activation_rate,fullstate_voc,0.0,720,0.09425074233462623,0.05457986256457693,0.13229835806297163,0.9652777777777778,0.8542428490927472,4.703244640570403,0.0
activation_rate,fullstate_voc,1e-08,720,0.094250260445777,0.05457963383315029,0.13229785988892662,0.9652777777777778,0.8471412184927101,4.659789226382832,0.0
activation_rate,fullstate_voc,1.333521432163324e-08,720,0.09425035054520316,0.054579681088962564,0.1322978608975449,0.9652777777777778,0.8394625553494622,4.611462903612018,0.0
activation_rate,fullstate_voc,1.7782794100389228e-08,720,0.09424954982101544,0.0545799093422462,0.13229617641529673,0.9652777777777778,0.8244467652678433,4.540437437938363,0.0
activation_rate,fullstate_voc,2.371373705661655e-08,720,0.09424967483350342,0.054580067493723315,0.13229635408435533,0.9652777777777778,0.7960989175607178,4.46496609060521,0.0
activation_rate,fullstate_voc,3.162277660168379e-08,720,0.0942496401334825,0.054580159807531316,0.13229647438746123,0.9652777777777778,0.741051213693604,4.28694611365359,0.0
activation_rate,fullstate_voc,4.2169650342858225e-08,720,0.09425020174167113,0.0545814318154985,0.13229756252192276,0.9652777777777778,0.7317884393781783,4.215836755223063,0.0
activation_rate,fullstate_voc,5.6234132519034905e-08,720,0.09506434545399041,0.055349949376705065,0.13307872012313093,0.9652777777777778,0.7258471286924687,4.1317968524661515,0.0
activation_rate,fullstate_voc,7.498942093324559e-08,720,0.09831829251205752,0.059346983080650215,0.1364171480921151,0.9638888888888889,0.7186675525508436,4.037101947174485,0.0
activation_rate,fullstate_voc,1e-07,720,0.10008484605497377,0.05935127553660624,0.13995165841698806,0.9625,0.7127128277935855,3.9488263931745173,0.0
activation_rate,fullstate_voc,1.333521432163324e-07,720,0.11111323315912962,0.07156944987940356,0.15632303548822385,0.9597222222222223,0.6993338441657332,3.728816820753703,0.0
activation_rate,fullstate_voc,1.7782794100389227e-07,720,0.11720030507071222,0.07700714147863964,0.1641046001406355,0.9583333333333334,0.682686256547681,3.4071475241356692,0.0
activation_rate,fullstate_voc,2.3713737056616554e-07,720,0.11867113463569626,0.07804525909101219,0.16629138781086827,0.9569444444444445,0.6801671559613347,3.3781824654981394,0.0
activation_rate,fullstate_voc,3.162277660168379e-07,720,0.1306827430331924,0.08868657842266085,0.17610204761232826,0.9527777777777777,0.6741152470188797,3.293519197834242,0.0
activation_rate,fullstate_voc,4.2169650342858225e-07,720,0.13744053541484766,0.0950721847793882,0.18247220443615886,0.95,0.6627088362883072,3.178075724207924,0.0
activation_rate,fullstate_voc,5.62341325190349e-07,720,0.16772456428554128,0.11879736682484757,0.22267730266120309,0.9430555555555555,0.6508798017608629,3.115581762817672,0.0
activation_rate,fullstate_voc,7.498942093324558e-07,720,0.24281629061082136,0.17012992587313538,0.33737248061977926,0.9305555555555556,0.6211966206658214,2.7065795727662487,0.0
activation_rate,fullstate_voc,1e-06,720,0.295170255471299,0.20641649760512382,0.39638028337217884,0.9194444444444444,0.5692938387594603,2.4693284185884496,0.0
activation_rate,fullstate_voc,1.333521432163324e-06,720,0.39922711119899285,0.2908682006252703,0.5333724042722505,0.8958333333333334,0.49372480026814713,1.9503764402801607,0.0
activation_rate,fullstate_voc,1.7782794100389227e-06,720,0.4358096305219664,0.3232130227428862,0.5648014741558138,0.8833333333333333,0.4472000614013262,1.75887934047597,0.0
activation_rate,fullstate_voc,2.3713737056616552e-06,720,0.49586759276227615,0.35927673297684254,0.6671348144882445,0.8763888888888889,0.4292927033989788,1.6686820950759487,0.0
activation_rate,fullstate_voc,3.162277660168379e-06,720,0.49642165578978814,0.3605678243215845,0.6672515677835895,0.8763888888888889,0.42277954284440983,1.6273044071427043,0.0
activation_rate,fullstate_voc,4.216965034285822e-06,720,0.49642165578978814,0.3605678243215845,0.6672515677835895,0.8763888888888889,0.4211733395220353,1.6260265380885357,0.0
activation_rate,fullstate_voc,5.623413251903491e-06,720,0.49642165578978814,0.3605678243215845,0.6672515677835895,0.8763888888888889,0.4208843874755932,1.6258369399385628,0.0
activation_rate,fullstate_voc,7.498942093324558e-06,720,0.4966268944341225,0.36090456171810503,0.6673075846548681,0.8763888888888889,0.41879444684747114,1.620521463710793,0.0
activation_rate,fullstate_voc,9.999999999999999e-06,720,0.4978006308773803,0.36212131984982776,0.6681701322850621,0.8763888888888889,0.41072005649411697,1.599959898960818,0.0
activation_rate,fullstate_voc,1.333521432163324e-05,720,0.5114949273946194,0.3799583660519867,0.6817926356233783,0.8708333333333333,0.3987740262003411,1.5669042091733496,0.0
activation_rate,fullstate_voc,1.778279410038923e-05,720,0.6995325933919047,0.5549680647787323,0.8650921805787045,0.8263888888888888,0.34704036546917316,1.4249998402539759,0.0
activation_rate,fullstate_voc,2.3713737056616554e-05,720,0.9038321294578673,0.7499789960170152,1.0903398615351905,0.7680555555555556,0.289871736044258,1.3049449978761711,0.012690355329949238
activation_rate,fullstate_voc,3.1622776601683795e-05,720,1.1186031737434563,0.9359931580093719,1.3003848445925503,0.7138888888888889,0.214841276635276,1.098078098221807,0.04060913705583756
activation_rate,fullstate_voc,4.216965034285822e-05,720,1.1757349530188903,0.9905411972105559,1.3528368621088953,0.7013888888888888,0.18808794013525135,1.024530241830285,0.0583756345177665
activation_rate,fullstate_voc,5.623413251903491e-05,720,1.443451178534412,1.238665835922278,1.6663050624346123,0.6527777777777778,0.16395009419749546,0.6729481472512412,0.19543147208121828
activation_rate,fullstate_voc,7.498942093324559e-05,720,1.5088845107825333,1.3001777085219042,1.7155142726045878,0.6416666666666667,0.15199311255223963,0.5652860144970974,0.28426395939086296
activation_rate,fullstate_voc,0.0001,720,1.6950089040104748,1.4852141747166117,1.9325987524517085,0.6180555555555556,0.12643012274069995,0.3480786643443126,0.4873096446700508
activation_rate,fullstate_voc,0.0001333521432163324,720,1.7894842337609866,1.5780649573494863,2.0244787817782828,0.5777777777777777,0.10406749047112543,0.3083595366763297,0.6903553299492385
activation_rate,fullstate_voc,0.00017782794100389227,720,1.8117830628716511,1.6010447582317942,2.0505124370640995,0.5666666666666667,0.09546875267601615,0.2975573960679968,0.7614213197969543
activation_rate,fullstate_voc,0.0002371373705661655,720,1.8951239085766638,1.6855363971952746,2.1388313604531466,0.5305555555555556,0.08368422526808458,0.2844355919929917,0.8375634517766497
activation_rate,fullstate_voc,0.00031622776601683794,720,2.030740907729507,1.8312848634793248,2.2623943694914157,0.4722222222222222,0.06860883094813346,0.26947408357216573,0.9517766497461929
activation_rate,fullstate_voc,0.00042169650342858224,720,2.075720254699623,1.8844501678764445,2.291454008499309,0.4527777777777778,0.06417548537038686,0.2644546487637652,0.9923857868020305
activation_rate,fullstate_voc,0.0005623413251903491,720,2.0757202454642565,1.8844501622148453,2.291453999557963,0.4527777777777778,0.0635935064710427,0.26388479654710356,1.0
activation_rate,fullstate_voc,0.0007498942093324559,720,2.0757202454642565,1.8844501622148453,2.291453999557963,0.4527777777777778,0.0635935064710427,0.26388479654710356,1.0
activation_rate,fullstate_voc,0.001,720,2.0757202454642565,1.8844501622148453,2.291453999557963,0.4527777777777778,0.0635935064710427,0.26388479654710356,1.0
activation_rate,fullstate_voc,0.001333521432163324,720,2.0757202454642565,1.8844501622148453,2.291453999557963,0.4527777777777778,0.0635935064710427,0.26388479654710356,1.0
activation_rate,fullstate_voc,0.0017782794100389228,720,2.0757202454642565,1.8844501622148453,2.291453999557963,0.4527777777777778,0.0635935064710427,0.26388479654710356,1.0
activation_rate,fullstate_voc,0.0023713737056616554,720,2.0757202454642565,1.8844501622148453,2.291453999557963,0.4527777777777778,0.0635935064710427,0.26388479654710356,1.0
activation_rate,fullstate_voc,0.0031622776601683794,720,2.0757202454642565,1.8844501622148453,2.291453999557963,0.4527777777777778,0.0635935064710427,0.26388479654710356,1.0
activation_rate,fullstate_voc,0.004216965034285822,720,2.0757202454642565,1.8844501622148453,2.291453999557963,0.4527777777777778,0.0635935064710427,0.26388479654710356,1.0
activation_rate,fullstate_voc,0.005623413251903491,720,2.0757202454642565,1.8844501622148453,2.291453999557963,0.4527777777777778,0.0635935064710427,0.26388479654710356,1.0
activation_rate,fullstate_voc,0.007498942093324558,720,2.0757202454642565,1.8844501622148453,2.291453999557963,0.4527777777777778,0.0635935064710427,0.26388479654710356,1.0
activation_rate,fullstate_voc,0.01,720,2.0757202454642565,1.8844501622148453,2.291453999557963,0.4527777777777778,0.0635935064710427,0.26388479654710356,1.0
activation_rate,voc,0.0,720,0.0007887882889178609,0.00017393804745369473,0.0017208544761347997,1.0,0.749506386958514,4.710855347754376,0.0
activation_rate,hybrid,0.0,720,0.5753214159418616,0.4705651108179367,0.7234405718078293,0.8263888888888888,0.3781274984763475,1.61734730386673,0.03553299492385787
activation_rate,voc,1e-08,720,0.0008305539812827776,0.00021045644734518325,0.0017586697320684105,1.0,0.7399876657437572,4.563717575332117,0.0
activation_rate,hybrid,1e-08,720,0.5753214159264712,0.4705651108179367,0.7234405718005188,0.8263888888888888,0.37761337587240773,1.6113277752486486,0.03553299492385787
activation_rate,voc,1.333521432163324e-08,720,0.0008448385466860027,0.0002318027572745499,0.0017768485889838837,1.0,0.733617166786384,4.486584269865448,0.0
activation_rate,hybrid,1.333521432163324e-08,720,0.5753214159264712,0.4705651108179367,0.7234405718005188,0.8263888888888888,0.3775887391750188,1.6109623908083752,0.03553299492385787
activation_rate,voc,1.7782794100389228e-08,720,0.0008832632978921813,0.0002656846480078001,0.001820343980731772,1.0,0.7218294068849521,4.296455644630684,0.0
activation_rate,hybrid,1.7782794100389228e-08,720,0.5753214156285715,0.470565110520037,0.7234405716590165,0.8263888888888888,0.37711847151167444,1.6059901456806074,0.03553299492385787
activation_rate,voc,2.371373705661655e-08,720,0.0010171775826752062,0.0003743045660582357,0.0019360836801961953,1.0,0.7073569260226481,4.125851756114015,0.0
activation_rate,hybrid,2.371373705661655e-08,720,0.575321420753942,0.470565118189856,0.7234405833564241,0.8263888888888888,0.37489301356502724,1.5991391814083828,0.03553299492385787
activation_rate,voc,3.162277660168379e-08,720,0.001069695367683586,0.0004260830672439597,0.0020019396714096686,1.0,0.6778818739466923,3.6275491122694703,0.0
activation_rate,hybrid,3.162277660168379e-08,720,0.5753213736517186,0.4705650216302983,0.7234405362542009,0.8263888888888888,0.37222001747635247,1.577931148148592,0.03553299492385787
activation_rate,voc,4.2169650342858225e-08,720,0.0015558305817124829,0.0006920946669050767,0.0026314734809441344,1.0,0.6495344498094792,3.1726752242166083,0.0
activation_rate,hybrid,4.2169650342858225e-08,720,0.5753213784582855,0.47056502619653673,0.723440541301096,0.8263888888888888,0.3693233849349875,1.5465059623873962,0.03807106598984772
activation_rate,voc,5.6234132519034905e-08,720,0.0019030628074042815,0.0009836877623942404,0.003099820242267872,1.0,0.62642120370609,2.8619246047930575,0.0
activation_rate,hybrid,5.6234132519034905e-08,720,0.5753213422115138,0.4705650071882316,0.7234405222118386,0.8263888888888888,0.3660295904780379,1.52881422737351,0.03807106598984772
activation_rate,voc,7.498942093324559e-08,720,0.003439616851348596,0.001839830843506338,0.00542135084881828,1.0,0.6039539483217953,2.625255018680491,0.0
activation_rate,hybrid,7.498942093324559e-08,720,0.575321333792539,0.47056500830896236,0.7234405136873123,0.8263888888888888,0.36416411325339726,1.5208779008971154,0.03807106598984772
activation_rate,voc,1e-07,720,0.0049618678698737685,0.0020995544557461925,0.008691997177446509,0.9986111111111111,0.5766819024427797,2.4601400231387944,0.0
activation_rate,hybrid,1e-07,720,0.575321328717069,0.4705650255655658,0.72344050781024,0.8263888888888888,0.36071325132549864,1.5169507792971066,0.03807106598984772
activation_rate,voc,1.333521432163324e-07,720,0.0064928270473849714,0.003081327285511681,0.011144126719199657,0.9986111111111111,0.5591469370976287,2.377046979748492,0.0
activation_rate,hybrid,1.333521432163324e-07,720,0.5753213408612121,0.4705650437241604,0.7234405307869333,0.8263888888888888,0.3572730560213948,1.507336768435966,0.03807106598984772
activation_rate,voc,1.7782794100389227e-07,720,0.01542950469584492,0.0068706405430312865,0.026961584692445587,0.9958333333333333,0.5379216471382828,2.245216584738753,0.0
activation_rate,hybrid,1.7782794100389227e-07,720,0.5753213400578095,0.47056503851361564,0.7234405368159418,0.8263888888888888,0.3512036239978223,1.4993895730220679,0.04060913705583756
activation_rate,voc,2.3713737056616554e-07,720,0.02123406631086075,0.008505036118663323,0.03749806611828688,0.9930555555555556,0.5092590048086595,2.1447897419012105,0.0
activation_rate,hybrid,2.3713737056616554e-07,720,0.5753213195060043,0.47056503629371876,0.7234404334586765,0.8263888888888888,0.3430451547411139,1.4766918244803795,0.0532994923857868
activation_rate,voc,3.162277660168379e-07,720,0.026088258585191464,0.013436072361396123,0.04361324581736856,0.9902777777777778,0.486382864093376,2.038941014730416,0.0
activation_rate,hybrid,3.162277660168379e-07,720,0.5753212400587943,0.47056497784420903,0.7234403328491519,0.8263888888888888,0.335367126701375,1.4637421446415828,0.116751269035533
activation_rate,voc,4.2169650342858225e-07,720,0.03258781214922784,0.018225654497105555,0.05195059165555316,0.9861111111111112,0.45138601902999126,1.9028198211012042,0.0
activation_rate,hybrid,4.2169650342858225e-07,720,0.5753212486358318,0.4705649751407018,0.7234403438757335,0.8263888888888888,0.3295711179673323,1.4563163831679553,0.11928934010152284
activation_rate,voc,5.62341325190349e-07,720,0.03820113719522032,0.021537353686205855,0.05966226756362723,0.9847222222222223,0.4369040131046644,1.8383397550094944,0.0
activation_rate,hybrid,5.62341325190349e-07,720,0.5753212450596329,0.47056496780949414,0.7234403310908226,0.8263888888888888,0.3261398703318572,1.4495063404457242,0.11928934010152284
activation_rate,voc,7.498942093324558e-07,720,0.05180987235543003,0.03112198474278713,0.07659399276033127,0.9791666666666666,0.4259507516951124,1.7503359501413898,0.0
activation_rate,hybrid,7.498942093324558e-07,720,0.5753212257568241,0.4705649084648121,0.7234403127242492,0.8263888888888888,0.3233246937529073,1.4450872242359867,0.1319796954314721
activation_rate,voc,1e-06,720,0.07270291996703755,0.038807993158871984,0.11298538946431828,0.975,0.41006196892869584,1.6769880983246366,0.0
activation_rate,hybrid,1e-06,720,0.5753212333834916,0.4705648797413805,0.7234403298250471,0.8263888888888888,0.3102480311478178,1.4246055522067258,0.1751269035532995
activation_rate,voc,1.333521432163324e-06,720,0.08660428655658142,0.04921962470053737,0.13220381238221895,0.9708333333333333,0.3978645424619691,1.601884201721916,0.0
activation_rate,hybrid,1.333521432163324e-06,720,0.5753212367137936,0.4705648762158042,0.72344033375014,0.8263888888888888,0.2996943889707454,1.4006434459651043,0.19289340101522842
activation_rate,voc,1.7782794100389227e-06,720,0.10339220061264737,0.062397361491529246,0.1536897671228161,0.9666666666666667,0.38179452549238024,1.5113834569912796,0.0
activation_rate,hybrid,1.7782794100389227e-06,720,0.5758798822559708,0.47087064417996066,0.7238169554255647,0.8263888888888888,0.28690385390571727,1.366460664230322,0.20812182741116753
activation_rate,voc,2.3713737056616552e-06,720,0.10556545438407003,0.06423100806500603,0.15508526959933683,0.9666666666666667,0.36979974143748845,1.4652105030024258,0.0
activation_rate,hybrid,2.3713737056616552e-06,720,0.5780531407141799,0.4727685248453755,0.7261333164368647,0.8263888888888888,0.27460775045217034,1.3206976014553118,0.22842639593908629
activation_rate,voc,3.162277660168379e-06,720,0.10877952186782447,0.06779998134587953,0.1592599974384963,0.9666666666666667,0.36370938844971146,1.4200985471899408,0.0
activation_rate,hybrid,3.162277660168379e-06,720,0.5808541480470244,0.4755266440570979,0.7281012736246256,0.8263888888888888,0.26952266015745513,1.2839080500566928,0.23604060913705585
activation_rate,voc,4.216965034285822e-06,720,0.1163878202786314,0.07498555432764295,0.16826936238550078,0.9652777777777778,0.3548840966425634,1.3584343031733321,0.0025380710659898475
activation_rate,hybrid,4.216965034285822e-06,720,0.5884624425217315,0.48190732173671913,0.7334613716917097,0.825,0.26118364529479077,1.2231876610483696,0.24619289340101522
activation_rate,voc,5.623413251903491e-06,720,0.1483833642484307,0.10248142981990976,0.2020208188881349,0.9597222222222223,0.34257995557489135,1.2030683110441511,0.012690355329949238
activation_rate,hybrid,5.623413251903491e-06,720,0.6204579485358523,0.5156109852169612,0.7699930290530562,0.8194444444444444,0.24944284702740255,1.0687682857761907,0.26903553299492383
activation_rate,voc,7.498942093324558e-06,720,0.1710531363976322,0.12217982660090201,0.22757919649269556,0.9513888888888888,0.3352253049242023,1.109749646259459,0.027918781725888325
activation_rate,hybrid,7.498942093324558e-06,720,0.6431277206850539,0.5383763877996192,0.7932893745955911,0.8111111111111111,0.2423229281649515,0.9758124656456352,0.28426395939086296
activation_rate,voc,9.999999999999999e-06,720,0.1891266587457133,0.1418350765214693,0.24518327757197206,0.9444444444444444,0.3308297323465774,1.0574849344344937,0.04060913705583756
activation_rate,hybrid,9.999999999999999e-06,720,0.6612012430331351,0.5557087764050136,0.8104464852080944,0.8041666666666667,0.23803242830941967,0.9237132517956625,0.2969543147208122
activation_rate,voc,1.333521432163324e-05,720,0.2625093982092688,0.20616014198923216,0.329188447228311,0.9152777777777777,0.31322300368275086,0.9432164799594426,0.09390862944162437
activation_rate,hybrid,1.333521432163324e-05,720,0.7338023597559454,0.6214080963032939,0.8802843625265588,0.775,0.22184353884296665,0.8113704767706218,0.350253807106599
activation_rate,voc,1.778279410038923e-05,720,0.3629708797608465,0.30083824525145847,0.43603193298751014,0.8736111111111111,0.2830504518146823,0.807754808702551,0.1700507614213198
activation_rate,hybrid,1.778279410038923e-05,720,0.815865803584917,0.6947290648727589,0.970392951806414,0.7416666666666667,0.20082834615118467,0.6912059942373162,0.41116751269035534
activation_rate,voc,2.3713737056616554e-05,720,0.4940429719746474,0.4277823393274144,0.5653128085729008,0.8277777777777777,0.24739652102535448,0.6988191703525849,0.25380710659898476
activation_rate,hybrid,2.3713737056616554e-05,720,0.9138192598296435,0.7946162531579236,1.0506360901038512,0.7069444444444445,0.18168674650501598,0.6076832190956944,0.4746192893401015
activation_rate,voc,3.1622776601683795e-05,720,0.6536523613688316,0.5570994985196855,0.7531219198852391,0.7819444444444444,0.21074158117980274,0.617697347526175,0.34517766497461927
activation_rate,hybrid,3.1622776601683795e-05,720,1.026596775409826,0.8920637054020345,1.1568343869723883,0.6819444444444445,0.1606979032609389,0.5475466108081795,0.5279187817258884
activation_rate,voc,4.216965034285822e-05,720,0.8002395122514012,0.6927439242407588,0.8931727097149651,0.7402777777777778,0.17818035220584205,0.5599599623678134,0.4213197969543147
activation_rate,hybrid,4.216965034285822e-05,720,1.0999043529452732,0.9650830265234619,1.2358278605550903,0.6541666666666667,0.14243665902031535,0.5101849182234521,0.5786802030456852
activation_rate,voc,5.623413251903491e-05,720,1.179561688730181,1.0120786581051038,1.3526016454292267,0.6819444444444445,0.14232212319391335,0.43852765852062575,0.550761421319797
activation_rate,hybrid,5.623413251903491e-05,720,1.362479752875584,1.1878965796514764,1.5544532773753394,0.6180555555555556,0.12031221466683338,0.40698532577208524,0.6675126903553299
activation_rate,voc,7.498942093324559e-05,720,1.4553363446686278,1.2460748842902232,1.6799442657292734,0.6444444444444445,0.11921862627319162,0.3722718177248074,0.6294416243654822
activation_rate,hybrid,7.498942093324559e-05,720,1.5831744804417127,1.3802319879330431,1.8033757787523677,0.5861111111111111,0.10066103529975806,0.34640673614293416,0.7360406091370558
activation_rate,voc,0.0001,720,1.6178704623089515,1.3990090889241864,1.8631687533177044,0.6305555555555555,0.10720315958079771,0.316845588941467,0.6725888324873096
activation_rate,hybrid,0.0001,720,1.7307005464743996,1.5145168406578786,1.9663026371742216,0.5763888888888888,0.09169517081880005,0.29678379995403803,0.7715736040609137
activation_rate,voc,0.0001333521432163324,720,1.686352615831814,1.4733730412500503,1.921219472696708,0.6180555555555556,0.09588619680883079,0.29963795466371973,0.6979695431472082
activation_rate,hybrid,0.0001333521432163324,720,1.7601481150875429,1.5497884339817403,2.000100209242676,0.575,0.08706548224108132,0.2893653390901515,0.7766497461928934
activation_rate,voc,0.00017782794100389227,720,1.781475090776611,1.5766013746403642,2.0033038870172817,0.5847222222222223,0.0857164393857625,0.28788173563875213,0.7588832487309645
activation_rate,hybrid,0.00017782794100389227,720,1.8263232421738704,1.6208704754171936,2.0557318331267123,0.5555555555555556,0.08110043109586426,0.2827224893984951,0.8121827411167513
activation_rate,voc,0.0002371373705661655,720,1.8293818108017013,1.6305310926013135,2.0546299747982926,0.5541666666666667,0.08034080625523142,0.282184601929061,0.8147208121827412
activation_rate,hybrid,0.0002371373705661655,720,1.848802413136845,1.6475791748930513,2.071469820638343,0.5416666666666666,0.0786312297462794,0.28033805651934424,0.8375634517766497
activation_rate,voc,0.00031622776601683794,720,1.9141356760444674,1.718322768180205,2.136097046886812,0.5083333333333333,0.07300414257737042,0.2743860525748965,0.8984771573604061
activation_rate,hybrid,0.00031622776601683794,720,1.9141356760444674,1.718322768180205,2.136097046886812,0.5083333333333333,0.07300414257737042,0.2743860525748965,0.8984771573604061
activation_rate,voc,0.00042169650342858224,720,2.0411337796840368,1.8412709904065763,2.2609075484878662,0.4652777777777778,0.0653686292546159,0.26572139687905294,0.9771573604060914
activation_rate,hybrid,0.00042169650342858224,720,2.0411337796840368,1.8412709904065763,2.2609075484878662,0.4652777777777778,0.0653686292546159,0.26572139687905294,0.9771573604060914
activation_rate,voc,0.0005623413251903491,720,2.0720676854847655,1.8788800082461221,2.28953640556873,0.45416666666666666,0.06380660056883508,0.2640828799193312,0.9974619289340102
activation_rate,hybrid,0.0005623413251903491,720,2.0720676854847655,1.8788800082461221,2.28953640556873,0.45416666666666666,0.06380660056883508,0.2640828799193312,0.9974619289340102
activation_rate,voc,0.0007498942093324559,720,2.0757202454642565,1.8844501622148453,2.291453999557963,0.4527777777777778,0.0635935064710427,0.26388479654710356,1.0
activation_rate,hybrid,0.0007498942093324559,720,2.0757202454642565,1.8844501622148453,2.291453999557963,0.4527777777777778,0.0635935064710427,0.26388479654710356,1.0
activation_rate,voc,0.001,720,2.0757202454642565,1.8844501622148453,2.291453999557963,0.4527777777777778,0.0635935064710427,0.26388479654710356,1.0
activation_rate,hybrid,0.001,720,2.0757202454642565,1.8844501622148453,2.291453999557963,0.4527777777777778,0.0635935064710427,0.26388479654710356,1.0
activation_rate,voc,0.001333521432163324,720,2.0757202454642565,1.8844501622148453,2.291453999557963,0.4527777777777778,0.0635935064710427,0.26388479654710356,1.0
activation_rate,hybrid,0.001333521432163324,720,2.0757202454642565,1.8844501622148453,2.291453999557963,0.4527777777777778,0.0635935064710427,0.26388479654710356,1.0
activation_rate,voc,0.0017782794100389228,720,2.0757202454642565,1.8844501622148453,2.291453999557963,0.4527777777777778,0.0635935064710427,0.26388479654710356,1.0
activation_rate,hybrid,0.0017782794100389228,720,2.0757202454642565,1.8844501622148453,2.291453999557963,0.4527777777777778,0.0635935064710427,0.26388479654710356,1.0
activation_rate,voc,0.0023713737056616554,720,2.0757202454642565,1.8844501622148453,2.291453999557963,0.4527777777777778,0.0635935064710427,0.26388479654710356,1.0
activation_rate,hybrid,0.0023713737056616554,720,2.0757202454642565,1.8844501622148453,2.291453999557963,0.4527777777777778,0.0635935064710427,0.26388479654710356,1.0
activation_rate,voc,0.0031622776601683794,720,2.0757202454642565,1.8844501622148453,2.291453999557963,0.4527777777777778,0.0635935064710427,0.26388479654710356,1.0
activation_rate,hybrid,0.0031622776601683794,720,2.0757202454642565,1.8844501622148453,2.291453999557963,0.4527777777777778,0.0635935064710427,0.26388479654710356,1.0
activation_rate,voc,0.004216965034285822,720,2.0757202454642565,1.8844501622148453,2.291453999557963,0.4527777777777778,0.0635935064710427,0.26388479654710356,1.0
activation_rate,hybrid,0.004216965034285822,720,2.0757202454642565,1.8844501622148453,2.291453999557963,0.4527777777777778,0.0635935064710427,0.26388479654710356,1.0
activation_rate,voc,0.005623413251903491,720,2.0757202454642565,1.8844501622148453,2.291453999557963,0.4527777777777778,0.0635935064710427,0.26388479654710356,1.0
activation_rate,hybrid,0.005623413251903491,720,2.0757202454642565,1.8844501622148453,2.291453999557963,0.4527777777777778,0.0635935064710427,0.26388479654710356,1.0
activation_rate,voc,0.007498942093324558,720,2.0757202454642565,1.8844501622148453,2.291453999557963,0.4527777777777778,0.0635935064710427,0.26388479654710356,1.0
activation_rate,hybrid,0.007498942093324558,720,2.0757202454642565,1.8844501622148453,2.291453999557963,0.4527777777777778,0.0635935064710427,0.26388479654710356,1.0
activation_rate,voc,0.01,720,2.0757202454642565,1.8844501622148453,2.291453999557963,0.4527777777777778,0.0635935064710427,0.26388479654710356,1.0
activation_rate,hybrid,0.01,720,2.0757202454642565,1.8844501622148453,2.291453999557963,0.4527777777777778,0.0635935064710427,0.26388479654710356,1.0
activation_rate,hardlabel,0.01,720,0.010125024285738969,0.007216955404741789,0.013350891070492364,1.0,0.4752252241999904,2.443380589371989,0.0
activation_rate,hardlabel,0.020000000000000004,720,0.0130742282037375,0.010015340807157842,0.01720159294097987,1.0,0.4329359168050947,2.20819306624835,0.0
activation_rate,hardlabel,0.030000000000000006,720,0.023306681093951138,0.017113538040532016,0.030658682839702942,1.0,0.4104380707901994,2.0838796143567078,0.0
activation_rate,hardlabel,0.04000000000000001,720,0.03437763439006816,0.026165882017760492,0.04323487404813946,0.9986111111111111,0.3986856036159725,2.0079381335275484,0.0025380710659898475
activation_rate,hardlabel,0.05000000000000001,720,0.03911854542865012,0.030266142358135493,0.04832727492662426,0.9986111111111111,0.3915808882346999,1.939641304906733,0.0025380710659898475
activation_rate,hardlabel,0.06000000000000001,720,0.040109794494032486,0.03112463308058716,0.049718471465611605,0.9986111111111111,0.38686812409801974,1.9270867293858929,0.0025380710659898475
activation_rate,hardlabel,0.07,720,0.042609798204920474,0.0331565130559927,0.0530986237714579,0.9986111111111111,0.3817080712415107,1.9078929317053128,0.0025380710659898475
activation_rate,hardlabel,0.08,720,0.04399869247122977,0.03405736748883627,0.05460604833739811,0.9986111111111111,0.38033818076595466,1.905981139053923,0.0025380710659898475
activation_rate,hardlabel,0.09000000000000001,720,0.05548229716690649,0.04332993425795522,0.06729949578804063,0.9972222222222222,0.37665520335261776,1.8570706068886567,0.0025380710659898475
activation_rate,hardlabel,0.1,720,0.05881562626821807,0.045092043253365716,0.0717913016725066,0.9972222222222222,0.3719670712490327,1.8345699447595,0.0025380710659898475
activation_rate,hardlabel,0.15,720,0.07539425048483277,0.05906831790319597,0.09174410810458447,0.9958333333333333,0.3647839725679201,1.785300032963682,0.005076142131979695
activation_rate,hardlabel,0.19999999999999998,720,0.08373901039808522,0.06681254348519125,0.10107919383339077,0.9958333333333333,0.3605011828721769,1.7413551745400482,0.005076142131979695
activation_rate,hardlabel,0.25,720,0.10870521845614864,0.09001513813206832,0.1280076312540691,0.9888888888888889,0.3519807619298277,1.6685624736275713,0.017766497461928935
activation_rate,hardlabel,0.3,720,0.12219274710995126,0.10305047190742968,0.14240180975894387,0.9875,0.33791940795991615,1.605638041637293,0.02030456852791878
activation_rate,hardlabel,0.35,720,0.14773791330684996,0.11979630565695966,0.18631631281158967,0.9805555555555555,0.3330914217066973,1.5779941459928422,0.03299492385786802
activation_rate,hardlabel,0.39999999999999997,720,0.17225203149887117,0.140826619936158,0.21085801017027694,0.9694444444444444,0.3258755251862256,1.543632816858139,0.0532994923857868
activation_rate,hardlabel,0.44999999999999996,720,0.198613889588316,0.16300275259021232,0.2396767136191988,0.9527777777777777,0.3164154073017026,1.5155771520567012,0.08375634517766498
activation_rate,hardlabel,0.5,720,0.24482178134959234,0.20426411555680768,0.2926367364205661,0.9347222222222222,0.2942101752907013,1.4764629232136537,0.116751269035533
activation_rate,hardlabel,0.5499999999999999,720,0.3344476837954172,0.27086040209928103,0.43254135128129007,0.9111111111111111,0.27585221572014124,1.4370593179428093,0.1598984771573604
activation_rate,hardlabel,0.6,720,0.3915726250944116,0.3046952985637072,0.5313927081249002,0.9041666666666667,0.2708842455335032,1.4303724609428072,0.17258883248730963
activation_rate,hardlabel,0.6499999999999999,720,0.46005089823556417,0.35485102536230473,0.605334009879764,0.8875,0.26105244282957746,1.39961628005948,0.20050761421319796
activation_rate,hardlabel,0.7,720,0.6095863678767991,0.49388573456449886,0.7639308348897109,0.8388888888888889,0.23096164064309951,1.3501092211206014,0.2893401015228426
activation_rate,hardlabel,0.75,720,0.8205301065752303,0.6885399270301319,0.9862490220757022,0.7916666666666666,0.19394707317369844,1.2787468711775445,0.3756345177664975
activation_rate,hardlabel,0.7999999999999999,720,0.944569284826795,0.8163438791008513,1.1209562082046935,0.7472222222222222,0.1645886438193944,1.1873769190914572,0.4543147208121827
activation_rate,hardlabel,0.85,720,1.1595020742709592,1.017857835174822,1.3347896407462123,0.6777777777777778,0.1339568648022886,1.0063565221483664,0.5761421319796954
activation_rate,hardlabel,0.8999999999999999,720,1.465306122437189,1.298220037947526,1.636918147127289,0.5930555555555556,0.10716671146384213,0.8472627891095322,0.7258883248730964
activation_rate,hardlabel,0.95,720,1.7034964865246423,1.529455210690115,1.892675375816195,0.49166666666666664,0.08312182811119029,0.6128803881401533,0.8959390862944162
activation_rate,voc_seq,0.0,720,0.0002238619267382187,0.00012993610353197475,0.00031880963894230225,1.0,1.4783677432353635,8.980483157695774,0.0
activation_rate,voc_seq,1e-08,720,0.00023799642409626936,0.0001395584470037757,0.0003404809600504341,1.0,1.4536057150713468,8.577923799580448,0.0
activation_rate,voc_seq,1.333521432163324e-08,720,0.0002528594778685667,0.0001569540713243252,0.00035095023212503436,1.0,1.440472940358751,8.368284464556826,0.0
activation_rate,voc_seq,1.7782794100389228e-08,720,0.00037160487378385244,0.00021845832223680727,0.0005691779750778594,1.0,1.4152097419592868,7.956085920620686,0.0
activation_rate,voc_seq,2.371373705661655e-08,720,0.0004172391582312567,0.0002583478625178018,0.000614338344934772,1.0,1.3908764406560212,7.574187529356823,0.0
activation_rate,voc_seq,3.162277660168379e-08,720,0.000479851947275788,0.0003043499891333142,0.000706785889468029,1.0,1.352400591721795,7.021135261316532,0.0
activation_rate,voc_seq,4.2169650342858225e-08,720,0.0007092862932796451,0.00041135661354022496,0.001068196702497851,1.0,1.2731249018134017,5.705734536123378,0.0
activation_rate,voc_seq,5.6234132519034905e-08,720,0.0019686502409377972,0.0009459685751504094,0.0031684273330127247,1.0,1.2223419669373783,4.89157048707468,0.0
activation_rate,voc_seq,7.498942093324559e-08,720,0.0027322725424284286,0.0013369420376734672,0.004542995068162308,1.0,1.193734124638746,4.549487314487214,0.0
activation_rate,voc_seq,1e-07,720,0.002871798589646092,0.0013853199362319007,0.004743753184357703,1.0,1.1521390871486585,4.325884071812167,0.0
activation_rate,voc_seq,1.333521432163324e-07,720,0.0028900106723625837,0.001406086266209145,0.004753378880190993,1.0,1.109913536639437,4.132285073216321,0.0
activation_rate,voc_seq,1.7782794100389227e-07,720,0.002959404276657348,0.001432361684194144,0.004773879723067273,1.0,1.080396789199106,4.011927925757967,0.0
activation_rate,voc_seq,2.3713737056616554e-07,720,0.0029594047383015767,0.00143235617576334,0.0047738837833271874,1.0,1.0117990458450947,3.7116562046829937,0.0
activation_rate,voc_seq,3.162277660168379e-07,720,0.0030983416001844604,0.0014920848935557128,0.004915023589895591,1.0,0.9108172869783725,3.287757869042677,0.0
activation_rate,voc_seq,4.2169650342858225e-07,720,0.0035081298977360374,0.0018507069886899965,0.005334434291693384,1.0,0.8017565579868763,2.9455178416829364,0.0
activation_rate,voc_seq,5.62341325190349e-07,720,0.00636055747627102,0.003103274866494881,0.010234471658731422,1.0,0.7433046553307564,2.7232589496398862,0.0
activation_rate,voc_seq,7.498942093324558e-07,720,0.01897051032217611,0.009756747448603208,0.03212515857974797,0.9944444444444445,0.7056950283589927,2.469784116809347,0.0
activation_rate,voc_seq,1e-06,720,0.02447658904065456,0.013707689343305655,0.037359497302564694,0.9902777777777778,0.6302865535720442,2.2821222648620583,0.0
activation_rate,voc_seq,1.333521432163324e-06,720,0.029344645321173878,0.017362752411355833,0.045375922970977804,0.9875,0.5927832893171653,2.1770710911037594,0.0
activation_rate,voc_seq,1.7782794100389227e-06,720,0.0369486638685037,0.02204144975388543,0.05658042712452711,0.9847222222222223,0.5388641167664133,2.0015831682884606,0.0
activation_rate,voc_seq,2.3713737056616552e-06,720,0.07270203632123469,0.041965056822382565,0.10996994630575642,0.975,0.48977791945133836,1.7624593642954702,0.0
activation_rate,voc_seq,3.162277660168379e-06,720,0.10836649810547294,0.06738242080302408,0.15845703813512033,0.9666666666666667,0.45729051227852857,1.555234751141355,0.0
activation_rate,voc_seq,4.216965034285822e-06,720,0.11597479651627984,0.07458609167581984,0.16763960550882656,0.9652777777777778,0.4271575671525759,1.4652846520775609,0.0025380710659898475
activation_rate,voc_seq,5.623413251903491e-06,720,0.1483833642484307,0.10248142981990976,0.2020208188881349,0.9597222222222223,0.38071926247141774,1.2553576377941884,0.012690355329949238
activation_rate,voc_seq,7.498942093324558e-06,720,0.1710531363976322,0.12217982660090201,0.22757919649269556,0.9513888888888888,0.34893819146646504,1.128982878980302,0.027918781725888325
activation_rate,voc_seq,9.999999999999999e-06,720,0.1891266587457133,0.1418350765214693,0.24518327757197206,0.9444444444444444,0.3347074063663346,1.0624219753789474,0.04060913705583756
activation_rate,voc_seq,1.333521432163324e-05,720,0.2625093982092688,0.20616014198923216,0.329188447228311,0.9152777777777777,0.313919419096927,0.9442374627497278,0.09390862944162437
activation_rate,voc_seq,1.778279410038923e-05,720,0.3629708797608465,0.30083824525145847,0.43603193298751014,0.8736111111111111,0.2830504518146823,0.807754808702551,0.1700507614213198
activation_rate,voc_seq,2.3713737056616554e-05,720,0.4940429719746474,0.4277823393274144,0.5653128085729008,0.8277777777777777,0.24739652102535448,0.6988191703525849,0.25380710659898476
activation_rate,voc_seq,3.1622776601683795e-05,720,0.6536523613688316,0.5570994985196855,0.7531219198852391,0.7819444444444444,0.21074158117980274,0.617697347526175,0.34517766497461927
activation_rate,voc_seq,4.216965034285822e-05,720,0.8002395122514012,0.6927439242407588,0.8931727097149651,0.7402777777777778,0.17818035220584205,0.5599599623678134,0.4213197969543147
activation_rate,voc_seq,5.623413251903491e-05,720,1.179561688730181,1.0120786581051038,1.3526016454292267,0.6819444444444445,0.14232212319391335,0.43852765852062575,0.550761421319797
activation_rate,voc_seq,7.498942093324559e-05,720,1.4553363446686278,1.2460748842902232,1.6799442657292734,0.6444444444444445,0.11921862627319162,0.3722718177248074,0.6294416243654822
activation_rate,voc_seq,0.0001,720,1.6178704623089515,1.3990090889241864,1.8631687533177044,0.6305555555555555,0.10720315958079771,0.316845588941467,0.6725888324873096
activation_rate,voc_seq,0.0001333521432163324,720,1.686352615831814,1.4733730412500503,1.921219472696708,0.6180555555555556,0.09588619680883079,0.29963795466371973,0.6979695431472082
activation_rate,voc_seq,0.00017782794100389227,720,1.781475090776611,1.5766013746403642,2.0033038870172817,0.5847222222222223,0.0857164393857625,0.28788173563875213,0.7588832487309645
activation_rate,voc_seq,0.0002371373705661655,720,1.8293818108017013,1.6305310926013135,2.0546299747982926,0.5541666666666667,0.08034080625523142,0.282184601929061,0.8147208121827412
activation_rate,voc_seq,0.00031622776601683794,720,1.9141356760444674,1.718322768180205,2.136097046886812,0.5083333333333333,0.07300414257737042,0.2743860525748965,0.8984771573604061
activation_rate,voc_seq,0.00042169650342858224,720,2.0411337796840368,1.8412709904065763,2.2609075484878662,0.4652777777777778,0.0653686292546159,0.26572139687905294,0.9771573604060914
activation_rate,voc_seq,0.0005623413251903491,720,2.0720676854847655,1.8788800082461221,2.28953640556873,0.45416666666666666,0.06380660056883508,0.2640828799193312,0.9974619289340102
activation_rate,voc_seq,0.0007498942093324559,720,2.0757202454642565,1.8844501622148453,2.291453999557963,0.4527777777777778,0.0635935064710427,0.26388479654710356,1.0
activation_rate,voc_seq,0.001,720,2.0757202454642565,1.8844501622148453,2.291453999557963,0.4527777777777778,0.0635935064710427,0.26388479654710356,1.0
activation_rate,voc_seq,0.001333521432163324,720,2.0757202454642565,1.8844501622148453,2.291453999557963,0.4527777777777778,0.0635935064710427,0.26388479654710356,1.0
activation_rate,voc_seq,0.0017782794100389228,720,2.0757202454642565,1.8844501622148453,2.291453999557963,0.4527777777777778,0.0635935064710427,0.26388479654710356,1.0
activation_rate,voc_seq,0.0023713737056616554,720,2.0757202454642565,1.8844501622148453,2.291453999557963,0.4527777777777778,0.0635935064710427,0.26388479654710356,1.0
activation_rate,voc_seq,0.0031622776601683794,720,2.0757202454642565,1.8844501622148453,2.291453999557963,0.4527777777777778,0.0635935064710427,0.26388479654710356,1.0
activation_rate,voc_seq,0.004216965034285822,720,2.0757202454642565,1.8844501622148453,2.291453999557963,0.4527777777777778,0.0635935064710427,0.26388479654710356,1.0
activation_rate,voc_seq,0.005623413251903491,720,2.0757202454642565,1.8844501622148453,2.291453999557963,0.4527777777777778,0.0635935064710427,0.26388479654710356,1.0
activation_rate,voc_seq,0.007498942093324558,720,2.0757202454642565,1.8844501622148453,2.291453999557963,0.4527777777777778,0.0635935064710427,0.26388479654710356,1.0
activation_rate,voc_seq,0.01,720,2.0757202454642565,1.8844501622148453,2.291453999557963,0.4527777777777778,0.0635935064710427,0.26388479654710356,1.0
activation_rate,hybrid_seq,0.0,720,0.5697230895772738,0.4655115104851425,0.7206829363507395,0.8291666666666667,0.6028424661981665,2.728206139177746,0.03553299492385787
activation_rate,hybrid_seq,1e-08,720,0.5697230895772738,0.4655115104851425,0.7206829363507395,0.8291666666666667,0.5979951008134848,2.650093296890201,0.03553299492385787
activation_rate,hybrid_seq,1.333521432163324e-08,720,0.5697230895772738,0.4655115104851425,0.7206829363507395,0.8291666666666667,0.5950158377083162,2.612857642449914,0.03553299492385787
activation_rate,hybrid_seq,1.7782794100389228e-08,720,0.5697230895772738,0.4655115104851425,0.7206829363507395,0.8291666666666667,0.5939136507858082,2.5947560776540537,0.03553299492385787
activation_rate,hybrid_seq,2.371373705661655e-08,720,0.5697230895772738,0.4655115104851425,0.7206829363507395,0.8291666666666667,0.5932478106377741,2.5835088806040707,0.03553299492385787
activation_rate,hybrid_seq,3.162277660168379e-08,720,0.5697230476004209,0.4655114215954037,0.7206829202929523,0.8291666666666667,0.5850712934581161,2.489475412331861,0.03553299492385787
activation_rate,hybrid_seq,4.2169650342858225e-08,720,0.5697230523665116,0.46551142616164215,0.7206829202332502,0.8291666666666667,0.5688729104671212,2.2603651551512787,0.03807106598984772
activation_rate,hybrid_seq,5.6234132519034905e-08,720,0.5722587204090075,0.46678475945266307,0.7220141459555605,0.8277777777777777,0.5602088684210417,2.1529760019289723,0.03807106598984772
activation_rate,hybrid_seq,7.498942093324559e-08,720,0.5722587027557732,0.46678475945266307,0.7220141357115315,0.8277777777777777,0.5517920313718063,2.048374731462324,0.03807106598984772
activation_rate,hybrid_seq,1e-07,720,0.5736475771397729,0.4688912638178948,0.7220424199905063,0.8277777777777777,0.5420291913532744,2.0196518248984323,0.03807106598984772
activation_rate,hybrid_seq,1.333521432163324e-07,720,0.5736476002404896,0.46889129923309286,0.7220424600552589,0.8277777777777777,0.5329115980630634,1.9470704827831267,0.03807106598984772
activation_rate,hybrid_seq,1.7782794100389227e-07,720,0.5736476050253371,0.4688913016292742,0.7220424623310706,0.8277777777777777,0.5235487092531094,1.9169874554456126,0.04060913705583756
activation_rate,hybrid_seq,2.3713737056616554e-07,720,0.5753213210819966,0.470565037165694,0.7234404373050911,0.8263888888888888,0.4894812561140362,1.8086689839525611,0.0532994923857868
activation_rate,hybrid_seq,3.162277660168379e-07,720,0.5753212367018418,0.47056497448725654,0.7234403328491519,0.8263888888888888,0.4556889723767476,1.6693298175651763,0.116751269035533
activation_rate,hybrid_seq,4.2169650342858225e-07,720,0.5753212486358318,0.4705649751407018,0.7234403438757335,0.8263888888888888,0.4270702547644443,1.6219370268484252,0.11928934010152284
activation_rate,hybrid_seq,5.62341325190349e-07,720,0.5753212450596329,0.47056496780949414,0.7234403310908226,0.8263888888888888,0.4203611768359074,1.5973625883137073,0.11928934010152284
activation_rate,hybrid_seq,7.498942093324558e-07,720,0.5753212450331654,0.470564967257653,0.7234403310367735,0.8263888888888888,0.4148792109420886,1.5756801985206443,0.1319796954314721
activation_rate,hybrid_seq,1e-06,720,0.5753212333834916,0.4705648797413805,0.7234403298250471,0.8263888888888888,0.36726111756455687,1.4943007255677812,0.1751269035532995
activation_rate,hybrid_seq,1.333521432163324e-06,720,0.5753212344339725,0.47056487277259224,0.7234403329051458,0.8263888888888888,0.3454070596630711,1.4574987876066794,0.19289340101522842
activation_rate,hybrid_seq,1.7782794100389227e-06,720,0.575879880646458,0.4708706417254536,0.7238169545805704,0.8263888888888888,0.31476011655393865,1.3992313256691584,0.20812182741116753
activation_rate,hybrid_seq,2.3713737056616552e-06,720,0.5780531407141799,0.4727685248453755,0.7261333164368647,0.8263888888888888,0.29707733898129474,1.3486996365413688,0.22842639593908629
activation_rate,hybrid_seq,3.162277660168379e-06,720,0.5808541480470244,0.4755266440570979,0.7281012736246256,0.8263888888888888,0.2884162256209639,1.3079862447177624,0.23604060913705585
activation_rate,hybrid_seq,4.216965034285822e-06,720,0.5884624425217315,0.48190732173671913,0.7334613716917097,0.825,0.27384196974327546,1.240000295485849,0.24619289340101522
activation_rate,hybrid_seq,5.623413251903491e-06,720,0.6204579485358523,0.5156109852169612,0.7699930290530562,0.8194444444444444,0.2538096900407334,1.0735078029956437,0.26903553299492383
activation_rate,hybrid_seq,7.498942093324558e-06,720,0.6431277206850539,0.5383763877996192,0.7932893745955911,0.8111111111111111,0.24249139650054533,0.9759513448789726,0.28426395939086296
activation_rate,hybrid_seq,9.999999999999999e-06,720,0.6612012430331351,0.5557087764050136,0.8104464852080944,0.8041666666666667,0.23801548773867437,0.9236323257359396,0.2969543147208122
activation_rate,hybrid_seq,1.333521432163324e-05,720,0.7338023597559454,0.6214080963032939,0.8802843625265588,0.775,0.2218265982722213,0.8112895507108988,0.350253807106599
activation_rate,hybrid_seq,1.778279410038923e-05,720,0.815865803584917,0.6947290648727589,0.970392951806414,0.7416666666666667,0.20082834615118467,0.6912059942373162,0.41116751269035534
activation_rate,hybrid_seq,2.3713737056616554e-05,720,0.9138192598296435,0.7946162531579236,1.0506360901038512,0.7069444444444445,0.18168674650501598,0.6076832190956944,0.4746192893401015
activation_rate,hybrid_seq,3.1622776601683795e-05,720,1.026596775409826,0.8920637054020345,1.1568343869723883,0.6819444444444445,0.1606979032609389,0.5475466108081795,0.5279187817258884
activation_rate,hybrid_seq,4.216965034285822e-05,720,1.0999043529452732,0.9650830265234619,1.2358278605550903,0.6541666666666667,0.14243665902031535,0.5101849182234521,0.5786802030456852
activation_rate,hybrid_seq,5.623413251903491e-05,720,1.362479752875584,1.1878965796514764,1.5544532773753394,0.6180555555555556,0.12031221466683338,0.40698532577208524,0.6675126903553299
activation_rate,hybrid_seq,7.498942093324559e-05,720,1.5831744804417127,1.3802319879330431,1.8033757787523677,0.5861111111111111,0.10066103529975806,0.34640673614293416,0.7360406091370558
activation_rate,hybrid_seq,0.0001,720,1.7307005464743996,1.5145168406578786,1.9663026371742216,0.5763888888888888,0.09169517081880005,0.29678379995403803,0.7715736040609137
activation_rate,hybrid_seq,0.0001333521432163324,720,1.7601481150875429,1.5497884339817403,2.000100209242676,0.575,0.08706548224108132,0.2893653390901515,0.7766497461928934
activation_rate,hybrid_seq,0.00017782794100389227,720,1.8263232421738704,1.6208704754171936,2.0557318331267123,0.5555555555555556,0.08110043109586426,0.2827224893984951,0.8121827411167513
activation_rate,hybrid_seq,0.0002371373705661655,720,1.848802413136845,1.6475791748930513,2.071469820638343,0.5416666666666666,0.0786312297462794,0.28033805651934424,0.8375634517766497
activation_rate,hybrid_seq,0.00031622776601683794,720,1.9141356760444674,1.718322768180205,2.136097046886812,0.5083333333333333,0.07300414257737042,0.2743860525748965,0.8984771573604061
activation_rate,hybrid_seq,0.00042169650342858224,720,2.0411337796840368,1.8412709904065763,2.2609075484878662,0.4652777777777778,0.0653686292546159,0.26572139687905294,0.9771573604060914
activation_rate,hybrid_seq,0.0005623413251903491,720,2.0720676854847655,1.8788800082461221,2.28953640556873,0.45416666666666666,0.06380660056883508,0.2640828799193312,0.9974619289340102
activation_rate,hybrid_seq,0.0007498942093324559,720,2.0757202454642565,1.8844501622148453,2.291453999557963,0.4527777777777778,0.0635935064710427,0.26388479654710356,1.0
activation_rate,hybrid_seq,0.001,720,2.0757202454642565,1.8844501622148453,2.291453999557963,0.4527777777777778,0.0635935064710427,0.26388479654710356,1.0
activation_rate,hybrid_seq,0.001333521432163324,720,2.0757202454642565,1.8844501622148453,2.291453999557963,0.4527777777777778,0.0635935064710427,0.26388479654710356,1.0
activation_rate,hybrid_seq,0.0017782794100389228,720,2.0757202454642565,1.8844501622148453,2.291453999557963,0.4527777777777778,0.0635935064710427,0.26388479654710356,1.0
activation_rate,hybrid_seq,0.0023713737056616554,720,2.0757202454642565,1.8844501622148453,2.291453999557963,0.4527777777777778,0.0635935064710427,0.26388479654710356,1.0
activation_rate,hybrid_seq,0.0031622776601683794,720,2.0757202454642565,1.8844501622148453,2.291453999557963,0.4527777777777778,0.0635935064710427,0.26388479654710356,1.0
activation_rate,hybrid_seq,0.004216965034285822,720,2.0757202454642565,1.8844501622148453,2.291453999557963,0.4527777777777778,0.0635935064710427,0.26388479654710356,1.0
activation_rate,hybrid_seq,0.005623413251903491,720,2.0757202454642565,1.8844501622148453,2.291453999557963,0.4527777777777778,0.0635935064710427,0.26388479654710356,1.0
activation_rate,hybrid_seq,0.007498942093324558,720,2.0757202454642565,1.8844501622148453,2.291453999557963,0.4527777777777778,0.0635935064710427,0.26388479654710356,1.0
activation_rate,hybrid_seq,0.01,720,2.0757202454642565,1.8844501622148453,2.291453999557963,0.4527777777777778,0.0635935064710427,0.26388479654710356,1.0
activation_rate,oracle,0.0,720,0.17784310155458563,0.15662380084155372,0.20182590458943692,1.0,0.24855584400434566,1.2702109912761546,0.0
activation_rate,oracle_voc,0.0,720,0.037322838018742706,0.012802901374809036,0.06594249074310661,0.9875,0.49991684402861664,2.5362577448387635,0.0
activation_rate,oracle_voc,1e-08,720,0.03736553121215179,0.012854365262309741,0.06597181382734468,0.9875,0.351327139635134,2.0733274549275142,0.0
activation_rate,oracle_voc,1.333521432163324e-08,720,0.03736842496141035,0.012854365262309741,0.06597333304570542,0.9875,0.3504627755311249,2.055688680530289,0.0
activation_rate,oracle_voc,1.7782794100389228e-08,720,0.040385418802930166,0.014381381695472218,0.06839759126664267,0.9861111111111112,0.34666905531640907,1.99278061907752,0.0
activation_rate,oracle_voc,2.371373705661655e-08,720,0.041904455125442996,0.016380064224783632,0.06944474923236622,0.9861111111111112,0.3438098885479971,1.942931101016408,0.0
activation_rate,oracle_voc,3.162277660168379e-08,720,0.0469983628171978,0.02009094654740351,0.07696832915835823,0.9847222222222223,0.340603485184592,1.8820764001803076,0.0
activation_rate,oracle_voc,4.2169650342858225e-08,720,0.05392055011924981,0.024350389211831785,0.08584182167129736,0.9819444444444444,0.3355782985320529,1.7775366470219727,0.0
activation_rate,oracle_voc,5.6234132519034905e-08,720,0.06249122457927946,0.031154364158769907,0.09768297410579192,0.9791666666666666,0.33321464164886166,1.7331417476664177,0.0
activation_rate,oracle_voc,7.498942093324559e-08,720,0.06655672238243523,0.03265016644094581,0.10294189468383015,0.9763888888888889,0.330763800173161,1.6882371546358628,0.0
activation_rate,oracle_voc,1e-07,720,0.0669819998457787,0.032968923220312224,0.10316882494067313,0.9763888888888889,0.3259045646042683,1.5942352092150234,0.0
activation_rate,oracle_voc,1.333521432163324e-07,720,0.07955995887762601,0.045872231686532296,0.11696303934127202,0.9722222222222222,0.318471950672288,1.4618047092233408,0.0
activation_rate,oracle_voc,1.7782794100389227e-07,720,0.08287864851843871,0.0463527976574193,0.12017902707367967,0.9708333333333333,0.3160399057404688,1.4243058872691714,0.0
activation_rate,oracle_voc,2.3713737056616554e-07,720,0.08986665654566472,0.05314765285313738,0.13668541740106813,0.9694444444444444,0.3143814033195129,1.392948393335842,0.0
activation_rate,oracle_voc,3.162277660168379e-07,720,0.09007498987899806,0.05335598618647071,0.13689000630954193,0.9694444444444444,0.3134783954493087,1.3745440380525098,0.0
activation_rate,oracle_voc,4.2169650342858225e-07,720,0.09013162174615695,0.05335598618647071,0.13697070672024333,0.9694444444444444,0.3133515807468702,1.371257538876115,0.0
activation_rate,oracle_voc,5.62341325190349e-07,720,0.09113187052718451,0.05380378502002902,0.13747631193142443,0.9694444444444444,0.3114304055406613,1.3328982050469373,0.0
activation_rate,oracle_voc,7.498942093324558e-07,720,0.09168742608274005,0.05436679112464266,0.13832662535346224,0.9694444444444444,0.30860474748300243,1.2815168662233292,0.0
activation_rate,oracle_voc,1e-06,720,0.10026326549162469,0.059390215424757704,0.1531047591509481,0.9680555555555556,0.3055330108280117,1.231981172613612,0.0
activation_rate,oracle_voc,1.333521432163324e-06,720,0.10414844510855588,0.06319023194965157,0.1549125748142571,0.9666666666666667,0.3029652927239822,1.213666702226116,0.0
activation_rate,oracle_voc,1.7782794100389227e-06,720,0.10483138821869392,0.06391404140394852,0.15564544913272998,0.9666666666666667,0.3016085213655687,1.194177328883062,0.0
activation_rate,oracle_voc,2.3713737056616552e-06,720,0.10655867233344102,0.0652244715467909,0.15796868026385277,0.9666666666666667,0.30073946393521067,1.1790032722038835,0.0
activation_rate,oracle_voc,3.162277660168379e-06,720,0.10890599388622899,0.0682243415204588,0.16053092327737956,0.9666666666666667,0.2981777163720008,1.161516775681634,0.0
activation_rate,oracle_voc,4.216965034285822e-06,720,0.11985545503218399,0.07951013002908901,0.17219935327405642,0.9666666666666667,0.29280506666909756,1.1035539836316275,0.0
activation_rate,oracle_voc,5.623413251903491e-06,720,0.1436255612181399,0.09733469838421256,0.19815864192544305,0.9652777777777778,0.28482294008198633,1.0099364010733654,0.005076142131979695
activation_rate,oracle_voc,7.498942093324558e-06,720,0.16927873181661685,0.12320582915786553,0.2244610876195811,0.9597222222222223,0.27477490848454145,0.9329081185400355,0.015228426395939087
activation_rate,oracle_voc,9.999999999999999e-06,720,0.2021994764717635,0.15517965528061897,0.2566761714987865,0.9486111111111111,0.25846308495608167,0.8660891073830802,0.03553299492385787
activation_rate,oracle_voc,1.333521432163324e-05,720,0.2439464791500507,0.19258755245351203,0.3028164976379559,0.9277777777777778,0.245945519737466,0.7995089874955638,0.07360406091370558
activation_rate,oracle_voc,1.778279410038923e-05,720,0.31613239381767155,0.2668471833822682,0.3782303198677335,0.8958333333333334,0.2298108604344979,0.7129179723233796,0.1319796954314721
activation_rate,oracle_voc,2.3713737056616554e-05,720,0.4050753742506856,0.34539019605199023,0.4741341853332314,0.8666666666666667,0.21258209582009732,0.6336311045026276,0.19289340101522842
activation_rate,oracle_voc,3.1622776601683795e-05,720,0.4786670543625909,0.4038829223008479,0.5493118568238201,0.8319444444444445,0.19548566064378517,0.585163583345689,0.2563451776649746
activation_rate,oracle_voc,4.216965034285822e-05,720,0.5807455776991025,0.5002854788925206,0.6757450772999678,0.7930555555555555,0.17539050417592425,0.5355063726373374,0.3350253807106599
activation_rate,oracle_voc,5.623413251903491e-05,720,0.7779202473684338,0.6666734296727793,0.8938343006504997,0.7416666666666667,0.14919718114335734,0.46469965095263127,0.43908629441624364
activation_rate,oracle_voc,7.498942093324559e-05,720,1.0895395390742635,0.9313877508801209,1.2396438119191817,0.6902777777777778,0.12411187265412,0.3778861375401094,0.550761421319797
activation_rate,oracle_voc,0.0001,720,1.3095437929851028,1.1417112959147078,1.457394198734011,0.6597222222222222,0.10680541419890158,0.33115388957908687,0.6218274111675127
activation_rate,oracle_voc,0.0001333521432163324,720,1.5445922194950585,1.3430718121278458,1.7365277543755415,0.6319444444444444,0.09094555201219617,0.2956720537888335,0.6725888324873096
activation_rate,oracle_voc,0.00017782794100389227,720,1.6339984921454989,1.425145955486726,1.829317669157872,0.6013888888888889,0.08370909299387826,0.28600549450270085,0.7284263959390863
activation_rate,oracle_voc,0.0002371373705661655,720,1.7043343091781868,1.5011233899264653,1.8916750760255001,0.5611111111111111,0.07831946989239309,0.2799030073305302,0.8020304568527918
activation_rate,oracle_voc,0.00031622776601683794,720,1.789550177848351,1.5839756840168964,1.9817543139828058,0.5291666666666667,0.07372601347423081,0.2746967337749589,0.8604060913705583
activation_rate,oracle_voc,0.00042169650342858224,720,1.878733621283809,1.681460419352704,2.0662990468206544,0.4888888888888889,0.06959985727814177,0.27036861047492694,0.934010152284264
activation_rate,oracle_voc,0.0005623413251903491,720,2.0289431640021474,1.8330789905195775,2.2491054108601896,0.45694444444444443,0.06453967564466158,0.2649670810290546,0.9923857868020305
activation_rate,oracle_voc,0.0007498942093324559,720,2.037184006242805,1.847930362343031,2.253362414119377,0.45416666666666666,0.06432592986027842,0.2646828216387803,0.9974619289340102
activation_rate,oracle_voc,0.001,720,2.0757202454642565,1.8844501622148453,2.291453999557963,0.4527777777777778,0.0635935064710427,0.26388479654710356,1.0
activation_rate,oracle_voc,0.001333521432163324,720,2.0757202454642565,1.8844501622148453,2.291453999557963,0.4527777777777778,0.0635935064710427,0.26388479654710356,1.0
activation_rate,oracle_voc,0.0017782794100389228,720,2.0757202454642565,1.8844501622148453,2.291453999557963,0.4527777777777778,0.0635935064710427,0.26388479654710356,1.0
activation_rate,oracle_voc,0.0023713737056616554,720,2.0757202454642565,1.8844501622148453,2.291453999557963,0.4527777777777778,0.0635935064710427,0.26388479654710356,1.0
activation_rate,oracle_voc,0.0031622776601683794,720,2.0757202454642565,1.8844501622148453,2.291453999557963,0.4527777777777778,0.0635935064710427,0.26388479654710356,1.0
activation_rate,oracle_voc,0.004216965034285822,720,2.0757202454642565,1.8844501622148453,2.291453999557963,0.4527777777777778,0.0635935064710427,0.26388479654710356,1.0
activation_rate,oracle_voc,0.005623413251903491,720,2.0757202454642565,1.8844501622148453,2.291453999557963,0.4527777777777778,0.0635935064710427,0.26388479654710356,1.0
activation_rate,oracle_voc,0.007498942093324558,720,2.0757202454642565,1.8844501622148453,2.291453999557963,0.4527777777777778,0.0635935064710427,0.26388479654710356,1.0
activation_rate,oracle_voc,0.01,720,2.0757202454642565,1.8844501622148453,2.291453999557963,0.4527777777777778,0.0635935064710427,0.26388479654710356,1.0
reserve,uniform_coarse,0.0,1200,23.45005877084233,19.399368194706113,27.397852867065907,0.215,0.021851679245051783,0.4770520925957802,1.0
reserve,uniform_medium,1.0,1200,8.102120511396373,4.675783481514401,11.467955280084675,0.4533333333333333,0.062003056147039395,0.23515008348258562,1.0
reserve,uniform_fine,2.0,1200,0.00027353706003121217,0.00017961815321653962,0.0003903090011306856,1.0,1.0,5.242736561051382,0.0
reserve,random,0.0,1200,8.102120511396373,4.675783481514401,11.467955280084675,0.4533333333333333,0.062003056147039395,0.23515008348258562,1.0
reserve,random,1.0,1200,6.675920570836501,3.254662791726643,9.738396632446976,0.5825,0.21628791632596978,1.0298606303234616,0.0
reserve,random,2.0,1200,4.3804029488832,1.8763837111553572,7.170965610390621,0.7166666666666667,0.39607645855402734,2.0341701293790173,0.0
reserve,random,3.0,1200,2.6633289468064203,0.9118740296053992,5.134477118702385,0.8641666666666666,0.6060893605394048,3.1603146467204835,0.0
reserve,random,4.0,1200,0.00027353706003121217,0.00017961815321653962,0.0003903090011306856,1.0,1.0,5.242736561051382,0.0
reserve,share,0.0,1200,8.102120511396373,4.675783481514401,11.467955280084675,0.4533333333333333,0.062003056147039395,0.23515008348258562,1.0
reserve,share,1.0,1200,2.190314121123439,1.2713214593633866,3.3086147659288447,0.675,0.19420075855066835,1.099464131160809,0.0
reserve,share,2.0,1200,0.39022932903254165,0.3320244647665747,0.44804274367625657,0.8533333333333334,0.3822974312652697,1.5161410163605615,0.0
reserve,share,3.0,1200,0.31413118206407975,0.26219969528857756,0.36351369954142115,0.885,0.43628825594608145,1.7165453620796265,0.0
reserve,share,4.0,1200,0.00027353706003121217,0.00017961815321653962,0.0003903090011306856,1.0,1.0620030561470393,5.477886644533967,0.0
reserve,discrepancy,0.01,1200,3.2949696568150664,0.8568690700182935,5.703657228254501,0.9891666666666666,1.014019497162627,5.694383690637812,0.0
reserve,discrepancy,0.020000000000000004,1200,3.7400119336354147,0.9496308957097921,6.1633044293349295,0.9833333333333333,0.9590954810691183,5.522407500085228,0.0
reserve,discrepancy,0.030000000000000006,1200,4.275771254646896,1.526041830390796,6.735704590844882,0.9758333333333333,0.9086385412236333,5.359371320854479,0.0
reserve,discrepancy,0.04000000000000001,1200,4.276512765808833,1.5260399832512892,6.736067500249604,0.9758333333333333,0.833173754883483,5.203909893612927,0.0
reserve,discrepancy,0.05000000000000001,1200,4.276512913382371,1.5260400898474407,6.736067652337718,0.9758333333333333,0.8068664794694239,5.1532157270321965,0.0
reserve,discrepancy,0.06000000000000001,1200,4.324013082947994,1.563321704273637,6.787433736877839,0.97,0.791307491632127,5.029824657597959,0.03201219512195122
reserve,discrepancy,0.07,1200,4.324013232132594,1.5633218328626013,6.787433854911029,0.97,0.7845430524856127,5.013767454175456,0.03201219512195122
reserve,discrepancy,0.08,1200,4.3572482196289295,1.5721688753103775,6.836755611758636,0.9666666666666667,0.7710634926352413,4.847340447313005,0.0350609756097561
reserve,discrepancy,0.09000000000000001,1200,4.357263787783775,1.5721858825536232,6.836760357467976,0.9666666666666667,0.7601166317746132,4.788974904534722,0.041158536585365856
reserve,discrepancy,0.1,1200,4.361484099656865,1.5747821376322375,6.836763801676748,0.965,0.7515845430279868,4.7159280822863305,0.041158536585365856
reserve,discrepancy,0.15,1200,4.516901617454486,1.7161574008188525,7.00970543216512,0.91,0.7108189373125837,4.380107018857543,0.04725609756097561
reserve,discrepancy,0.19999999999999998,1200,4.529640764938366,1.7278974937533413,7.03016845626357,0.9058333333333334,0.7024478420017002,4.337615056611715,0.04725609756097561
reserve,discrepancy,0.25,1200,5.806016848085721,2.5887048454263764,8.545571087151972,0.8991666666666667,0.696079626370601,4.255872620390019,0.04878048780487805
reserve,discrepancy,0.3,1200,5.834229658743483,2.616462295464264,8.568349121501981,0.8866666666666667,0.6910964991508852,4.2490210183367285,0.04878048780487805
reserve,discrepancy,0.35,1200,5.882183780352904,2.676940939988033,8.620051401012901,0.875,0.6820719935967385,4.21591127400492,0.04878048780487805
reserve,discrepancy,0.39999999999999997,1200,5.928617032785828,2.7328572390976924,8.668034278419968,0.865,0.6729691885561031,4.205435473697356,0.04878048780487805
reserve,discrepancy,0.44999999999999996,1200,5.9394631141322956,2.745110039574003,8.683316256394777,0.8616666666666667,0.6696434823956342,4.201063985678247,0.04878048780487805
reserve,discrepancy,0.5,1200,5.959964791165174,2.773944814541613,8.704273901605191,0.8558333333333333,0.6667096958498684,4.172697207317463,0.04878048780487805
reserve,discrepancy,0.5499999999999999,1200,5.969326919334975,2.7764782196664908,8.715946655318705,0.8541666666666666,0.66372286183089,4.167127014137471,0.04878048780487805
reserve,discrepancy,0.6,1200,6.028829029380382,2.862525693882447,8.784772413163047,0.8433333333333334,0.6529989322602122,4.070677512673277,0.051829268292682924
reserve,discrepancy,0.6499999999999999,1200,6.086201721690639,2.9049404955819758,8.850915460991326,0.83,0.6404763943805312,4.008330212569132,0.057926829268292686
reserve,discrepancy,0.7,1200,6.096397795659624,2.913559213221021,8.861069584771283,0.8266666666666667,0.6325519973601265,3.9972343512516333,0.06402439024390244
reserve,discrepancy,0.75,1200,6.128658836181193,2.9453204888449447,8.88540635890457,0.8175,0.6209303320577427,3.949442261794126,0.07926829268292683
reserve,discrepancy,0.7999999999999999,1200,6.149832166969233,2.974010921241251,8.908905349668142,0.8125,0.610586833554477,3.9159741493007885,0.09146341463414634
reserve,discrepancy,0.85,1200,6.177121492344319,2.986161550578619,8.93482023369025,0.805,0.6035079503172768,3.8822114886275085,0.10518292682926829
reserve,discrepancy,0.8999999999999999,1200,6.218225475883517,3.030205179953599,8.983367796290487,0.7958333333333333,0.5927064347970101,3.787373076932557,0.11890243902439024
reserve,discrepancy,0.95,1200,6.243007614712522,3.050361483439795,9.016316911287245,0.79,0.5861264726493775,3.7338108216050143,0.12652439024390244
reserve,sensitivity,0.01,1200,5.130734880515068,2.2381259494240786,7.950533635350833,0.8241666666666667,0.6288037730694682,3.9359391926252525,0.30640243902439024
reserve,sensitivity,0.020000000000000004,1200,5.196117260868991,2.2967490855183463,7.987498878008378,0.8175,0.6231216000325014,3.851302274274464,0.30640243902439024
reserve,sensitivity,0.030000000000000006,1200,5.274163726409456,2.373303933651119,8.048607740447308,0.8091666666666667,0.6155648238389392,3.752977234345314,0.30640243902439024
reserve,sensitivity,0.04000000000000001,1200,5.354462782665427,2.456706950167794,8.113412144075735,0.8008333333333333,0.6061272092244921,3.6009541546344614,0.30640243902439024
reserve,sensitivity,0.05000000000000001,1200,5.381479207872794,2.4711850968357756,8.148912161312138,0.7975,0.6032590346133669,3.567441484146948,0.30640243902439024
reserve,sensitivity,0.06000000000000001,1200,5.404079014367164,2.495354667364218,8.164234169356163,0.7941666666666667,0.5961535795726274,3.4546181547986756,0.30640243902439024
reserve,sensitivity,0.07,1200,5.4094578738262955,2.505449984885483,8.167551933156355,0.7933333333333333,0.5891987927171362,3.3664160089678443,0.30640243902439024
reserve,sensitivity,0.08,1200,5.419262047547391,2.5156357498552717,8.177395821631904,0.7916666666666666,0.5847903921417772,3.30721776800617,0.30640243902439024
reserve,sensitivity,0.09000000000000001,1200,5.434792616541416,2.523392678860089,8.19350249786577,0.79,0.5792487895702463,3.2294338850512334,0.30640243902439024
reserve,sensitivity,0.1,1200,5.445347108300984,2.5287931366040883,8.199487213503058,0.7891666666666667,0.5767077430937214,3.2004852174562135,0.30640243902439024
reserve,sensitivity,0.15,1200,5.471091771794389,2.545591097314513,8.21751343675085,0.7866666666666666,0.5686446353270928,3.1185080122428857,0.30640243902439024
reserve,sensitivity,0.19999999999999998,1200,5.48769809270756,2.576208072697244,8.22699018746266,0.7858333333333334,0.5633521358188657,3.0763421105112743,0.30640243902439024
reserve,sensitivity,0.25,1200,5.491105628443934,2.5772481672911507,8.228278766700944,0.785,0.5589941048440437,3.0206765442312764,0.30640243902439024
reserve,sensitivity,0.3,1200,5.5356537482948545,2.6169509305203715,8.262094400127618,0.7825,0.5559799138356284,2.9862725199454934,0.30640243902439024
reserve,sensitivity,0.35,1200,5.5669866655129745,2.6609090882532818,8.336428280089757,0.7808333333333334,0.5533277978636227,2.957784125462155,0.30640243902439024
reserve,sensitivity,0.39999999999999997,1200,5.609581373602263,2.6995022270526556,8.374745226838028,0.7775,0.5503657615501896,2.905446076837143,0.30640243902439024
reserve,sensitivity,0.44999999999999996,1200,5.609675672405268,2.6995517339242334,8.374924394563738,0.7775,0.549820706104466,2.9003692314988134,0.30640243902439024
reserve,sensitivity,0.5,1200,5.613296045033808,2.701651640296128,8.37672589168968,0.7766666666666666,0.5486053813217698,2.8924547494363106,0.30640243902439024
reserve,sensitivity,0.5499999999999999,1200,5.627650160105323,2.7087438631833627,8.413134156091717,0.7758333333333334,0.5468995411974854,2.8699539623121626,0.30640243902439024
reserve,sensitivity,0.6,1200,5.629087446296154,2.7087742769815053,8.415195176116255,0.775,0.5461955998370697,2.8601697390521683,0.30640243902439024
reserve,sensitivity,0.6499999999999999,1200,5.644828204906901,2.7170382203739125,8.438412795960605,0.7741666666666667,0.5452996061018558,2.851382073878843,0.30640243902439024
reserve,sensitivity,0.7,1200,5.645017896565445,2.717301635538813,8.438563286925463,0.7741666666666667,0.5449956891782597,2.8488995617296737,0.30640243902439024
reserve,sensitivity,0.75,1200,5.652177443991344,2.728478707761906,8.443972834351362,0.7725,0.5444515919586804,2.8428106474779997,0.30640243902439024
reserve,sensitivity,0.7999999999999999,1200,5.655134781741657,2.7300283707295363,8.445618026235712,0.7716666666666666,0.5440921081253279,2.8372352154138327,0.30640243902439024
reserve,sensitivity,0.85,1200,5.668861448408323,2.7574837891454456,8.465864859569045,0.7708333333333334,0.5438515467218016,2.834294855413021,0.30640243902439024
reserve,sensitivity,0.8999999999999999,1200,5.668899429396145,2.757521770133268,8.465884799587652,0.7708333333333334,0.5436868878685682,2.832892267952175,0.30640243902439024
reserve,sensitivity,0.95,1200,5.682767021988738,2.7709032516147496,8.48019220699506,0.7691666666666667,0.5434321476438351,2.8294667626271743,0.30640243902439024
reserve,novelty,0.5,1200,0.9720335296974156,0.7406293073735817,1.257604954614004,0.7666666666666667,0.6492049045267279,3.800525857808904,0.3231707317073171
reserve,novelty,0.75,1200,2.5004067019991583,1.5248541177774146,3.831373303510471,0.5875,0.33332826055287645,1.8905891592682869,0.6265243902439024
reserve,novelty,0.9,1200,5.152054694156773,2.81087153611246,7.5480280705048255,0.5266666666666666,0.21902377688252264,1.0560089392400551,0.7728658536585366
reserve,novelty,0.95,1200,6.599844253506328,3.4962735016867534,9.249665734431147,0.4975,0.16941485133125117,0.8252174098058579,0.8917682926829268
reserve,novelty,0.99,1200,6.766995295648303,3.675090722747046,9.391809472117288,0.4658333333333333,0.08891664894007631,0.5220860576467627,0.9603658536585366
reserve,uncertainty,0.01,1200,0.002598721906350066,0.0005873951915915845,0.005385482147323464,0.9991666666666666,0.945135884819631,4.873304585590825,0.0
reserve,uncertainty,0.020000000000000004,1200,0.005667746978870667,0.0008458078287617428,0.013890178376281476,0.9983333333333333,0.8742892041117662,4.465437045787579,0.0
reserve,uncertainty,0.030000000000000006,1200,0.006682789682181896,0.0018062308564367753,0.015140438092681783,0.9983333333333333,0.8262091137143536,4.203920700787543,0.0
reserve,uncertainty,0.04000000000000001,1200,0.0083632145842681,0.0022284024639141102,0.017693998201173403,0.9975,0.785107211203567,3.9736309216308414,0.0
reserve,uncertainty,0.05000000000000001,1200,0.010445289072165369,0.00379323981474927,0.020563379770439785,0.9958333333333333,0.7499245092392414,3.8033155023492267,0.0
reserve,uncertainty,0.06000000000000001,1200,0.01119843098065743,0.004371627193591774,0.021992938980791993,0.9958333333333333,0.7245120744959237,3.6508971304076416,0.0
reserve,uncertainty,0.07,1200,0.014196092730506213,0.006515996487143697,0.02582292491651625,0.9941666666666666,0.7011380340267437,3.452828521181,0.0
reserve,uncertainty,0.08,1200,0.01476473387875543,0.007003681090347116,0.026621533750816776,0.9941666666666666,0.6833721773368039,3.2863090684818235,0.0
reserve,uncertainty,0.09000000000000001,1200,0.01838899417372717,0.010875232351642013,0.03028515001919141,0.9933333333333333,0.6657263832831338,3.144094590486002,0.0
reserve,uncertainty,0.1,1200,0.020448457723566068,0.01209868296670237,0.031919780210364304,0.9933333333333333,0.6511019893410596,3.043444308755176,0.0
reserve,uncertainty,0.15,1200,0.04517465708549238,0.025252403476628153,0.07667385373884092,0.9858333333333333,0.5937462329273723,2.5922323149068993,0.0
reserve,uncertainty,0.19999999999999998,1200,0.05640456598838655,0.03682342228220742,0.08853137046405428,0.9808333333333333,0.5517523317394964,2.321133665457698,0.0
reserve,uncertainty,0.25,1200,0.06812751746144174,0.04490628618670223,0.10161683603868493,0.9766666666666667,0.5192917253409468,2.064965325809329,0.0
reserve,uncertainty,0.3,1200,0.08173470789054119,0.05448289815894355,0.11854775357742704,0.9733333333333334,0.49748419596886334,1.968410756624368,0.0
reserve,uncertainty,0.35,1200,0.0835323391308155,0.0568391868421469,0.11984699933789758,0.9733333333333334,0.48417657928313096,1.8712410275527145,0.0
reserve,uncertainty,0.39999999999999997,1200,0.08828158416504042,0.061927381974112634,0.12480114560151369,0.9716666666666667,0.47002123143755664,1.8090216530285277,0.0
reserve,uncertainty,0.44999999999999996,1200,0.0887022694197022,0.06227744760697528,0.12534770863601666,0.9716666666666667,0.46212169976283973,1.7812279939610258,0.0
reserve,uncertainty,0.5,1200,0.0965040658766731,0.0677484074765585,0.13504406273940736,0.9683333333333334,0.45346952034440735,1.7396608529118385,0.0
reserve,uncertainty,0.5499999999999999,1200,0.09754939032124194,0.0683874449989242,0.13641321610554374,0.9675,0.4453483162143967,1.7136904395376709,0.0
reserve,uncertainty,0.6,1200,0.10238424796367464,0.07290006874220561,0.13975133027270997,0.9641666666666666,0.44055727185217913,1.6955648386260025,0.0
reserve,uncertainty,0.6499999999999999,1200,0.11548074999270351,0.08405050221867079,0.15388432643634778,0.9608333333333333,0.43284306963665564,1.6690459839126803,0.0
reserve,uncertainty,0.7,1200,0.12316461619749836,0.0899507570632882,0.16282874680589696,0.9583333333333334,0.42637142343324597,1.6196474138510044,0.0
reserve,uncertainty,0.75,1200,0.1256854429836169,0.09316625060557109,0.1654236114422296,0.9575,0.4218048613174141,1.5999450983868337,0.0
reserve,uncertainty,0.7999999999999999,1200,0.12575337656568625,0.09319852591447346,0.1654592899611111,0.9575,0.41893791604333025,1.5840407090318391,0.0
reserve,uncertainty,0.85,1200,0.12782637254143903,0.09592421886871723,0.16830039173435143,0.9575,0.4154650502006213,1.5684993335335033,0.0
reserve,uncertainty,0.8999999999999999,1200,0.13731874954699622,0.10149223774560533,0.18183566297427867,0.9566666666666667,0.4109684568172216,1.536560044992675,0.0
reserve,uncertainty,0.95,1200,0.14155108469589014,0.1045406145978141,0.18545138171475323,0.9533333333333334,0.4053224754325339,1.5264498533743305,0.0
reserve,uncertainty_per_cost,0.0,1200,0.0002735351407874327,0.0001796160184571603,0.00039030797249986905,1.0,1.0607750171961572,5.470081642879783,0.0
reserve,uncertainty_per_cost,1e-08,1200,0.001122645114077706,0.0005273378366241335,0.00200167570357048,1.0,1.0096680049891233,4.5511086379774195,0.0
reserve,uncertainty_per_cost,1.333521432163324e-08,1200,0.0012215149457192945,0.0006153988492677386,0.002146435220374335,1.0,0.9996553513889516,4.372369870124124,0.0
reserve,uncertainty_per_cost,1.7782794100389228e-08,1200,0.0014938130535921492,0.0007404589426823935,0.0024490127517559643,1.0,0.9867772077610668,4.163320819020816,0.0
reserve,uncertainty_per_cost,2.371373705661655e-08,1200,0.0020880451423276854,0.0010482062746340487,0.0034059723076197237,1.0,0.9538641030100202,3.9426636439890537,0.0
reserve,uncertainty_per_cost,3.162277660168379e-08,1200,0.0021402354696386495,0.0010846426577760093,0.003445866888589971,1.0,0.9377858247731827,3.778212496748959,0.0
reserve,uncertainty_per_cost,4.2169650342858225e-08,1200,0.003416096224255757,0.001479658037059498,0.005788348421300269,0.9991666666666666,0.9059267532784332,3.556183096891382,0.0
reserve,uncertainty_per_cost,5.6234132519034905e-08,1200,0.006729985097927368,0.0032937647266620164,0.011362271816634094,0.9983333333333333,0.8743437031610082,3.336115749303002,0.0
reserve,uncertainty_per_cost,7.498942093324559e-08,1200,0.017434885711393885,0.009652278223184754,0.029342594677298175,0.9941666666666666,0.8331561281338448,3.077350821616292,0.0
reserve,uncertainty_per_cost,1e-07,1200,0.0328461784438161,0.020672691662306748,0.049212507155495744,0.9875,0.767600160952476,2.758472978511345,0.0
reserve,uncertainty_per_cost,1.333521432163324e-07,1200,0.04035001723456974,0.02738820254080949,0.05809918380946563,0.9841666666666666,0.6876721674720307,2.478477409315607,0.0
reserve,uncertainty_per_cost,1.7782794100389227e-07,1200,0.056970931632889264,0.040007540304487894,0.0773082788350196,0.9766666666666667,0.6320927628480869,2.1854860679040153,0.0
reserve,uncertainty_per_cost,2.3713737056616554e-07,1200,0.08122389283099091,0.06088984468949661,0.10560208355738501,0.97,0.5916393677239826,1.907540749433374,0.003048780487804878
reserve,uncertainty_per_cost,3.162277660168379e-07,1200,0.0994691768824492,0.0736211670684863,0.1260210569132368,0.9641666666666666,0.5493088881075816,1.7210474869151222,0.010670731707317074
reserve,uncertainty_per_cost,4.2169650342858225e-07,1200,0.13818503036480081,0.11211298951142072,0.1703974679848243,0.9475,0.4877888084927569,1.4930515328843224,0.03201219512195122
reserve,uncertainty_per_cost,5.62341325190349e-07,1200,0.16881699907522776,0.14149245185974055,0.20464973606094816,0.9358333333333333,0.4359954477922426,1.3347106745359694,0.04878048780487805
reserve,uncertainty_per_cost,7.498942093324558e-07,1200,0.22306812272780432,0.18237912924756575,0.267074847629014,0.9158333333333334,0.3871601517248518,1.1688646448268567,0.07621951219512195
reserve,uncertainty_per_cost,1e-06,1200,0.2790027037269924,0.2370857999951422,0.3288786348797529,0.8975,0.35463137196946376,1.0689287137859962,0.09603658536585366
reserve,uncertainty_per_cost,1.333521432163324e-06,1200,0.36042479821829215,0.3103393639531564,0.42245870059294544,0.8716666666666667,0.32120558256574816,0.9540461490451344,0.12195121951219512
reserve,uncertainty_per_cost,1.7782794100389227e-06,1200,0.4908667079685398,0.42019076204833833,0.5730695555826593,0.8325,0.28491357312022686,0.8202763639009573,0.19664634146341464
reserve,uncertainty_per_cost,2.3713737056616552e-06,1200,0.6428081245854764,0.5547188625855762,0.735505345482438,0.7983333333333333,0.24480837509767922,0.7110614972209744,0.2682926829268293
reserve,uncertainty_per_cost,3.162277660168379e-06,1200,1.292211143137134,0.8002205467404788,2.204622651811145,0.7441666666666666,0.20382715337748242,0.5933909091701025,0.3780487804878049
reserve,uncertainty_per_cost,4.216965034285822e-06,1200,1.5136633289312427,1.0159844183271967,2.4387098492325565,0.6933333333333334,0.1659767335267937,0.4859761756941831,0.4969512195121951
reserve,uncertainty_per_cost,5.623413251903491e-06,1200,1.6706149393096974,1.1598580116846529,2.585562004055224,0.6491666666666667,0.1344979611005331,0.4263406071492136,0.6112804878048781
reserve,uncertainty_per_cost,7.498942093324558e-06,1200,1.806822392299473,1.3046279063733377,2.714806260206684,0.6033333333333334,0.11361430930545391,0.38118735250592484,0.698170731707317
reserve,uncertainty_per_cost,9.999999999999999e-06,1200,1.9664328948645728,1.451108724477761,2.870041326002184,0.5691666666666667,0.1000534290024153,0.3464364724425832,0.7637195121951219
reserve,uncertainty_per_cost,1.333521432163324e-05,1200,2.1572606668175354,1.6371085111705075,3.1356406880485177,0.5283333333333333,0.08425076142849204,0.3122553497367456,0.8429878048780488
reserve,uncertainty_per_cost,1.778279410038923e-05,1200,2.251027218957884,1.7324705777112595,3.2420134241536296,0.4975,0.07550278968832022,0.29950132022926484,0.9054878048780488
reserve,uncertainty_per_cost,2.3713737056616554e-05,1200,2.7284355303460432,1.8322693332982614,3.9708953026145966,0.4875,0.07252770478866893,0.2878152186409231,0.9298780487804879
reserve,uncertainty_per_cost,3.1622776601683795e-05,1200,2.8367470082925466,1.950491785759833,4.083316297762504,0.4766666666666667,0.06911040057241381,0.27365800321174905,0.9527439024390244
reserve,uncertainty_per_cost,4.216965034285822e-05,1200,3.251677129373658,1.97753360356842,4.667249911312615,0.47333333333333333,0.06805548156972552,0.26993211379258353,0.9603658536585366
reserve,uncertainty_per_cost,5.623413251903491e-05,1200,3.2666676383000195,1.9828390204324327,4.685642256733286,0.4708333333333333,0.06650537434150365,0.2672150298884177,0.9679878048780488
reserve,uncertainty_per_cost,7.498942093324559e-05,1200,3.2969325481776606,2.027112200221646,4.702627938587723,0.4691666666666667,0.06624111971099644,0.2654276468850852,0.9710365853658537
reserve,uncertainty_per_cost,0.0001,1200,3.391163214447738,2.1026872997362527,4.846225027186662,0.4675,0.0657064647257986,0.2613888477142488,0.9740853658536586
reserve,uncertainty_per_cost,0.0001333521432163324,1200,3.786665607540515,2.234934825115262,5.439388213863163,0.4666666666666667,0.0652139427465868,0.258183047796756,0.975609756097561
reserve,uncertainty_per_cost,0.00017782794100389227,1200,3.847558090687762,2.3027752535246244,5.512929428077004,0.4633333333333333,0.06418569680771427,0.25518635031426434,0.9817073170731707
reserve,uncertainty_per_cost,0.0002371373705661655,1200,4.213154420962992,2.5335083390976263,5.907198864771093,0.4625,0.06403665762179196,0.253525475199264,0.9832317073170732
reserve,uncertainty_per_cost,0.00031622776601683794,1200,4.9826512763089035,2.8238938309406185,7.412808714553059,0.46166666666666667,0.0638079583195375,0.2506322254150958,0.9847560975609756
reserve,uncertainty_per_cost,0.00042169650342858224,1200,5.020222387420014,2.8494954976072853,7.469389603441947,0.45916666666666667,0.06335541465507402,0.24952756595677178,0.989329268292683
reserve,uncertainty_per_cost,0.0005623413251903491,1200,5.1380324492978735,2.9505371650728693,7.647872245773125,0.4583333333333333,0.06318659350084492,0.24844741086843594,0.9908536585365854
reserve,uncertainty_per_cost,0.0007498942093324559,1200,5.2105788447297074,3.0095740707279166,7.682331783603248,0.4575,0.0630177723466158,0.2473672557801001,0.9923780487804879
reserve,uncertainty_per_cost,0.001,1200,6.444953844729708,3.8346846157360885,9.139887058382897,0.455,0.06239606459570036,0.23981204473925877,0.9969512195121951
reserve,uncertainty_per_cost,0.001333521432163324,1200,8.102120511396373,4.675783481514401,11.467955280084675,0.4533333333333333,0.062003056147039395,0.23515008348258562,1.0
reserve,uncertainty_per_cost,0.0017782794100389228,1200,8.102120511396373,4.675783481514401,11.467955280084675,0.4533333333333333,0.062003056147039395,0.23515008348258562,1.0
reserve,uncertainty_per_cost,0.0023713737056616554,1200,8.102120511396373,4.675783481514401,11.467955280084675,0.4533333333333333,0.062003056147039395,0.23515008348258562,1.0
reserve,uncertainty_per_cost,0.0031622776601683794,1200,8.102120511396373,4.675783481514401,11.467955280084675,0.4533333333333333,0.062003056147039395,0.23515008348258562,1.0
reserve,uncertainty_per_cost,0.004216965034285822,1200,8.102120511396373,4.675783481514401,11.467955280084675,0.4533333333333333,0.062003056147039395,0.23515008348258562,1.0
reserve,uncertainty_per_cost,0.005623413251903491,1200,8.102120511396373,4.675783481514401,11.467955280084675,0.4533333333333333,0.062003056147039395,0.23515008348258562,1.0
reserve,uncertainty_per_cost,0.007498942093324558,1200,8.102120511396373,4.675783481514401,11.467955280084675,0.4533333333333333,0.062003056147039395,0.23515008348258562,1.0
reserve,uncertainty_per_cost,0.01,1200,8.102120511396373,4.675783481514401,11.467955280084675,0.4533333333333333,0.062003056147039395,0.23515008348258562,1.0
reserve,fullstate_voc,0.0,1200,0.17570326962410077,0.1404893359493431,0.21977804760648004,0.9375,0.7642978324264504,3.9886137415686003,0.0
reserve,fullstate_voc,1e-08,1200,0.17672730692236946,0.14189829330597853,0.220699539636398,0.9366666666666666,0.754618572600058,3.9106658549044915,0.0
reserve,fullstate_voc,1.333521432163324e-08,1200,0.17672718136269397,0.1418979807622959,0.22069942604215173,0.9366666666666666,0.7489988549298519,3.8916742200627534,0.0
reserve,fullstate_voc,1.7782794100389228e-08,1200,0.17672739688096897,0.1418985505639003,0.22069942460609102,0.9366666666666666,0.7439675694903872,3.858177209866814,0.0
reserve,fullstate_voc,2.371373705661655e-08,1200,0.1777288259622032,0.1430603399341673,0.2214109868087994,0.9358333333333333,0.7194856087727839,3.6881031388084256,0.0
reserve,fullstate_voc,3.162277660168379e-08,1200,0.17772883865418337,0.14306035471296527,0.22141099392960328,0.9358333333333333,0.6996943465520469,3.6317750459166986,0.0
reserve,fullstate_voc,4.2169650342858225e-08,1200,0.177728724551604,0.14306034906784662,0.2214108942259308,0.9358333333333333,0.6919405104899082,3.5870135511716277,0.0
reserve,fullstate_voc,5.6234132519034905e-08,1200,0.178223125483432,0.1437088287946407,0.22178728818685217,0.9358333333333333,0.6830138897312729,3.506947344639254,0.0
reserve,fullstate_voc,7.498942093324559e-08,1200,0.1782231254789632,0.14370882856176612,0.22178728812209772,0.9358333333333333,0.6799582552851018,3.496006801130922,0.0
reserve,fullstate_voc,1e-07,1200,0.18047608057869222,0.14615032275181175,0.22359181088194463,0.935,0.6731174426964124,3.4330851010226615,0.0
reserve,fullstate_voc,1.333521432163324e-07,1200,0.18714365054723225,0.1500003206387298,0.22842438275777696,0.9325,0.660546227856014,3.240234843880953,0.0
reserve,fullstate_voc,1.7782794100389227e-07,1200,0.1880653412648474,0.15139557174062457,0.22982700833578154,0.9316666666666666,0.6530185987146929,3.176674570467664,0.0
reserve,fullstate_voc,2.3713737056616554e-07,1200,0.18947952031231258,0.154820673804631,0.23279386568212942,0.9308333333333333,0.6418370484095323,3.087372278953426,0.0
reserve,fullstate_voc,3.162277660168379e-07,1200,0.1913130217309079,0.1566075254971127,0.23647943018915737,0.93,0.6362875326203796,3.0761894335042537,0.0
reserve,fullstate_voc,4.2169650342858225e-07,1200,0.20223429149443792,0.16739399326591164,0.24459694088485942,0.9258333333333333,0.6182569662153189,2.8484342509643588,0.0
reserve,fullstate_voc,5.62341325190349e-07,1200,0.24914490458572053,0.18899954409884775,0.33136830483895074,0.9208333333333333,0.6020487529379597,2.621649972269309,0.0
reserve,fullstate_voc,7.498942093324558e-07,1200,0.2720615448736208,0.20811697456782072,0.3697248149513191,0.915,0.5642454435603772,2.375688537800209,0.0
reserve,fullstate_voc,1e-06,1200,0.2842970846535198,0.2198774006149091,0.37697425864260675,0.9091666666666667,0.5264129802524684,2.2076066225302142,0.0
reserve,fullstate_voc,1.333521432163324e-06,1200,0.36234353733021896,0.2862626183828439,0.4527061295405258,0.8866666666666667,0.4579923878322209,1.9226272145300816,0.0
reserve,fullstate_voc,1.7782794100389227e-06,1200,0.40509734851842566,0.3220793195959369,0.5005209061711221,0.8758333333333334,0.41825261029625904,1.7991112203325246,0.0
reserve,fullstate_voc,2.3713737056616552e-06,1200,0.4173100944927953,0.33411623913830824,0.5188395636078023,0.8741666666666666,0.40511326988431184,1.649749453360067,0.0
reserve,fullstate_voc,3.162277660168379e-06,1200,0.41731039551161486,0.3341166461613835,0.5188399276490572,0.8741666666666666,0.4011400777543503,1.6421880484934566,0.0
reserve,fullstate_voc,4.216965034285822e-06,1200,0.41731039551161486,0.3341166461613835,0.5188399276490572,0.8741666666666666,0.3994957180749159,1.6405751277875606,0.0
reserve,fullstate_voc,5.623413251903491e-06,1200,0.4229703845020316,0.33969635637306456,0.5259189029697223,0.8725,0.39512795306654375,1.587810983635906,0.0
reserve,fullstate_voc,7.498942093324558e-06,1200,0.45100167037278976,0.35693816184948357,0.5667816863149826,0.8683333333333333,0.38447416226434583,1.5284766721951322,0.006097560975609756
reserve,fullstate_voc,9.999999999999999e-06,1200,0.46323789684115413,0.3628632465452485,0.5750074732743172,0.8666666666666667,0.3759019315275627,1.4509605340126595,0.006097560975609756
reserve,fullstate_voc,1.333521432163324e-05,1200,0.4987565946244738,0.39231847217818455,0.6093654114141067,0.8591666666666666,0.3639609012562379,1.4041876165409848,0.013719512195121951
reserve,fullstate_voc,1.778279410038923e-05,1200,3.15744248806799,1.125572628308099,5.2084993836478795,0.8,0.31241275797563134,1.2390865023577378,0.0350609756097561
reserve,fullstate_voc,2.3713737056616554e-05,1200,4.569886366041736,1.6851173496015581,7.409073528508963,0.7658333333333334,0.2744603784072163,1.101871738778591,0.057926829268292686
reserve,fullstate_voc,3.1622776601683795e-05,1200,5.33065051490881,2.327934289999987,8.238191011833573,0.7216666666666667,0.22349580802817148,0.9540681506835184,0.09451219512195122
reserve,fullstate_voc,4.216965034285822e-05,1200,5.44571467211023,2.4550810817192135,8.36546230814288,0.6916666666666667,0.1903765894725194,0.8599379799650887,0.12042682926829268
reserve,fullstate_voc,5.623413251903491e-05,1200,6.410214880194146,3.07780305222407,9.453746566765028,0.665,0.17085056168245014,0.6944162460742882,0.20884146341463414
reserve,fullstate_voc,7.498942093324559e-05,1200,6.498412720118436,3.169844437660955,9.515655023894825,0.6491666666666667,0.15565978335479919,0.5657196069059197,0.3003048780487805
reserve,fullstate_voc,0.0001,1200,7.164130051475175,3.8032169991938107,10.293645850344332,0.6191666666666666,0.13102486104701008,0.36034123476162977,0.4954268292682927
reserve,fullstate_voc,0.0001333521432163324,1200,7.6724645608736,4.26466482021695,11.010706701443805,0.5925,0.11287770177288266,0.30742657134989104,0.6204268292682927
reserve,fullstate_voc,0.00017782794100389227,1200,7.736101232713748,4.327665447821167,11.071902348108711,0.5616666666666666,0.09883367935702074,0.2902935379799237,0.7210365853658537
reserve,fullstate_voc,0.0002371373705661655,1200,7.85991739161459,4.450381991784103,11.188941172682005,0.5191666666666667,0.08166787608007486,0.2636914053974275,0.8246951219512195
reserve,fullstate_voc,0.00031622776601683794,1200,7.966259234301909,4.558872063560127,11.3048182511598,0.48083333333333333,0.06849572783186017,0.24908647294256905,0.9329268292682927
reserve,fullstate_voc,0.00042169650342858224,1200,8.008620298547676,4.592524657830655,11.335243389174298,0.46166666666666667,0.06434239184134094,0.24465065738006767,0.9740853658536586
reserve,fullstate_voc,0.0005623413251903491,1200,8.062256597489199,4.637347827883722,11.40185559059339,0.45666666666666667,0.0631951616276843,0.23802509058672514,0.9878048780487805
reserve,fullstate_voc,0.0007498942093324559,1200,8.062256597489199,4.637347827883722,11.40185559059339,0.45666666666666667,0.0631951616276843,0.23802509058672514,0.9878048780487805
reserve,fullstate_voc,0.001,1200,8.062256597490393,4.637347827884915,11.40185559059527,0.45666666666666667,0.06314294800296047,0.23789584108005632,0.9878048780487805
reserve,fullstate_voc,0.001333521432163324,1200,8.062256596089265,4.637347831754448,11.40185559129406,0.45666666666666667,0.06298238338011089,0.23773015161255293,0.9923780487804879
reserve,fullstate_voc,0.0017782794100389228,1200,8.062256596089265,4.637347831754448,11.40185559129406,0.45666666666666667,0.06298238338011089,0.23773015161255293,0.9923780487804879
reserve,fullstate_voc,0.0023713737056616554,1200,8.062256596089265,4.637347831754448,11.40185559129406,0.45666666666666667,0.06298238338011089,0.23773015161255293,0.9923780487804879
reserve,fullstate_voc,0.0031622776601683794,1200,8.062256596089265,4.637347831754448,11.40185559129406,0.45666666666666667,0.06298238338011089,0.23773015161255293,0.9923780487804879
reserve,fullstate_voc,0.004216965034285822,1200,8.062256596089265,4.637347831754448,11.40185559129406,0.45666666666666667,0.06298238338011089,0.23773015161255293,0.9923780487804879
reserve,fullstate_voc,0.005623413251903491,1200,8.102120511396373,4.675783481514401,11.467955280084675,0.4533333333333333,0.062003056147039395,0.23515008348258562,1.0
reserve,fullstate_voc,0.007498942093324558,1200,8.102120511396373,4.675783481514401,11.467955280084675,0.4533333333333333,0.062003056147039395,0.23515008348258562,1.0
reserve,fullstate_voc,0.01,1200,8.102120511396373,4.675783481514401,11.467955280084675,0.4533333333333333,0.062003056147039395,0.23515008348258562,1.0
reserve,voc,0.0,1200,0.0025595304317154494,0.0008370947116411225,0.004703166004874879,1.0,0.7172503324678673,4.11059880426327,0.0
reserve,hybrid,0.0,1200,0.45955481323300207,0.37649740477966714,0.5663109352235957,0.845,0.36372487005174137,1.5134401864890847,0.0350609756097561
reserve,voc,1e-08,1200,0.003765404303728085,0.00106058868568358,0.007077159594630356,0.9991666666666666,0.7008873202612518,3.927607735964114,0.0
reserve,hybrid,1e-08,1200,0.4595548086704909,0.3764973951983937,0.5663109258704478,0.845,0.3617123792602528,1.5061012092949204,0.0350609756097561
reserve,voc,1.333521432163324e-08,1200,0.0042146270550061865,0.0014041994168952554,0.007650352996799633,0.9991666666666666,0.6926194024929258,3.7931582413091744,0.0
reserve,hybrid,1.333521432163324e-08,1200,0.4595548086704909,0.3764973951983937,0.5663109258704478,0.845,0.3613974108041587,1.5040387713765935,0.0350609756097561
reserve,voc,1.7782794100389228e-08,1200,0.004324730490175138,0.0014497019194037086,0.007799826220526197,0.9991666666666666,0.6821718374204657,3.627511270505832,0.0
reserve,hybrid,1.7782794100389228e-08,1200,0.4595548086704909,0.3764973951983937,0.5663109258704478,0.845,0.3613455823547242,1.5032991498249126,0.0350609756097561
reserve,voc,2.371373705661655e-08,1200,0.004407773810216455,0.0015132516394473997,0.00786452323739136,0.9991666666666666,0.6692492788932374,3.436797134501661,0.0
reserve,hybrid,2.371373705661655e-08,1200,0.45955481171726364,0.376497397944642,0.5663109281371316,0.845,0.35986114934439645,1.4985464899190872,0.0350609756097561
reserve,voc,3.162277660168379e-08,1200,0.004574439419975934,0.001740249359737459,0.007925977161792509,0.9991666666666666,0.6566280467568799,3.242175282377496,0.0
reserve,hybrid,3.162277660168379e-08,1200,0.45955479052370873,0.37649739137401655,0.5663109308025365,0.845,0.35679437679884063,1.4849438579973988,0.038109756097560975
reserve,voc,4.2169650342858225e-08,1200,0.004887946627662975,0.002018852931107205,0.008307451627587312,0.9991666666666666,0.63709278849137,2.9884129892899787,0.0
reserve,hybrid,4.2169650342858225e-08,1200,0.4595547945342568,0.3764973944710888,0.5663109378199384,0.845,0.3531733457865339,1.4616537547073918,0.038109756097560975
reserve,voc,5.6234132519034905e-08,1200,0.00769482201692704,0.0026136901711592566,0.014482922771612795,0.9983333333333333,0.6180754500357198,2.7797439795875047,0.0
reserve,hybrid,5.6234132519034905e-08,1200,0.4595547779605462,0.3764973827312908,0.5663109180828152,0.845,0.3505895627407434,1.450579826712407,0.041158536585365856
reserve,voc,7.498942093324559e-08,1200,0.00847467492540925,0.0034381160519528684,0.015044019807611834,0.9983333333333333,0.5997095252373691,2.598970115927526,0.0
reserve,hybrid,7.498942093324559e-08,1200,0.45955478594634047,0.37649738868158,0.5663109312552292,0.845,0.34861370641276923,1.445330522108252,0.042682926829268296
reserve,voc,1e-07,1200,0.010596154926218593,0.004916880641871567,0.017559406873907845,0.9975,0.5693139313774782,2.4695248839558857,0.0
reserve,hybrid,1e-07,1200,0.4595547950803275,0.37649739731471155,0.5663109361752622,0.845,0.3460391037179711,1.4357489945665596,0.042682926829268296
reserve,voc,1.333521432163324e-07,1200,0.011220463011824963,0.005520380440868731,0.018600071071452767,0.9975,0.5509832429275868,2.373993081940086,0.0
reserve,hybrid,1.333521432163324e-07,1200,0.4595548033054073,0.37649740154952954,0.5663109504945314,0.845,0.34268049166123565,1.4217510674857536,0.04420731707317073
reserve,voc,1.7782794100389227e-07,1200,0.015591971369119348,0.008818948899830495,0.023695082239776757,0.995,0.5243337849578515,2.2661034818650476,0.0
reserve,hybrid,1.7782794100389227e-07,1200,0.459554810302702,0.3764974039909943,0.5663109451092703,0.845,0.3352837856115624,1.4081764884982597,0.04878048780487805
reserve,voc,2.3713737056616554e-07,1200,0.016589365426080017,0.009865189219128913,0.02499406026308114,0.995,0.5029751599535962,2.169233211318309,0.0
reserve,hybrid,2.3713737056616554e-07,1200,0.4595548642672683,0.37649745351825464,0.5663110196091765,0.845,0.32863326954976474,1.38991671293829,0.06859756097560976
reserve,voc,3.162277660168379e-07,1200,0.023042914750621854,0.013556756360301316,0.035931010360539375,0.9925,0.4810796306171202,2.0320710802024466,0.0
reserve,hybrid,3.162277660168379e-07,1200,0.45955487355873514,0.3764974674264155,0.5663110275363473,0.845,0.3223298898357345,1.378146411263339,0.10213414634146341
reserve,voc,4.2169650342858225e-07,1200,0.03952424160373395,0.02568130440325037,0.057421159514417765,0.985,0.4512374824573907,1.8259858825066233,0.0
reserve,hybrid,4.2169650342858225e-07,1200,0.4595548991275621,0.3764974931188307,0.5663110567629435,0.845,0.3183712849505606,1.369307902933324,0.10670731707317073
reserve,voc,5.62341325190349e-07,1200,0.056099333398452036,0.03873505057622351,0.07533768242492843,0.9775,0.4304404619883291,1.6750665434516485,0.0
reserve,hybrid,5.62341325190349e-07,1200,0.4595548973768143,0.3764974933510261,0.5663110545214087,0.845,0.3150346366244435,1.36167461736919,0.11128048780487805
reserve,voc,7.498942093324558e-07,1200,0.06829882194981854,0.0474990785970875,0.09445266909265783,0.9758333333333333,0.4172692362391717,1.5995818317708654,0.0
reserve,hybrid,7.498942093324558e-07,1200,0.45955487855456,0.37649748650314663,0.5663110306704378,0.845,0.3114430450427777,1.3557121971309183,0.11890243902439024
reserve,voc,1e-06,1200,0.07268513122842825,0.050327802474141266,0.09888686107058287,0.975,0.40824104525785293,1.5691450590600713,0.0
reserve,hybrid,1e-06,1200,0.4596381612219244,0.3765807974920612,0.5663546954305935,0.845,0.3050091378057104,1.341969120095958,0.13871951219512196
reserve,voc,1.333521432163324e-06,1200,0.08768000752475201,0.06041557841415848,0.1277101698781049,0.9725,0.398242904748125,1.509316781263442,0.0
reserve,hybrid,1.333521432163324e-06,1200,0.45976668267563026,0.3767028957890624,0.56654426325693,0.845,0.2979246504403499,1.324143742515953,0.15091463414634146
reserve,voc,1.7782794100389227e-06,1200,0.08851998252922805,0.061263881075989804,0.12869259684215642,0.9725,0.38596522478709916,1.4683365022085006,0.0
reserve,hybrid,1.7782794100389227e-06,1200,0.46021411147338637,0.3770697809235029,0.5669944491960386,0.845,0.2880448780632648,1.292489204357662,0.16310975609756098
reserve,voc,2.3713737056616552e-06,1200,0.09322385579890775,0.06301975901492139,0.13359117517527191,0.9716666666666667,0.37419248981889164,1.4322050794317935,0.0
reserve,hybrid,2.3713737056616552e-06,1200,0.4604531439499387,0.37733610899872944,0.56732030340116,0.845,0.27857597604541023,1.2656285268884675,0.18292682926829268
reserve,voc,3.162277660168379e-06,1200,0.10714428016220522,0.07242162886124451,0.15054366776386519,0.97,0.3645093281843719,1.3810837925943573,0.0
reserve,hybrid,3.162277660168379e-06,1200,0.46257350252500723,0.37967967773399863,0.5693935206582084,0.845,0.27196880477540686,1.2408625065435261,0.19969512195121952
reserve,voc,4.216965034285822e-06,1200,0.1148354477059526,0.08045940025666609,0.15700914822290563,0.9683333333333334,0.35691897915525617,1.3178615248234988,0.001524390243902439
reserve,hybrid,4.216965034285822e-06,1200,0.47026461545167525,0.3859136093128944,0.5776782191683602,0.8433333333333334,0.2649085192266891,1.1786301361401699,0.21341463414634146
reserve,voc,5.623413251903491e-06,1200,0.1355296885575436,0.10126384523052921,0.1804059132710217,0.9625,0.3486728291842643,1.214407419676845,0.012195121951219513
reserve,hybrid,5.623413251903491e-06,1200,0.49095884618643293,0.4094732659272701,0.6006821951950141,0.8375,0.25713750910618444,1.0758257423043749,0.23323170731707318
reserve,voc,7.498942093324558e-06,1200,0.16228657648582037,0.12394860757678564,0.21167667514717511,0.95,0.34070405792137853,1.1199301203160212,0.038109756097560975
reserve,hybrid,7.498942093324558e-06,1200,0.5177157242551343,0.4313792306365802,0.6289034549718828,0.825,0.24941427306968772,0.9819735310743575,0.2621951219512195
reserve,voc,9.999999999999999e-06,1200,0.1805313910503588,0.14188821379423933,0.23157212357208526,0.9408333333333333,0.3352833816137191,1.066014127475155,0.054878048780487805
reserve,hybrid,9.999999999999999e-06,1200,0.5359605393921179,0.44894469939766435,0.6456298987137744,0.8158333333333333,0.24419148410687744,0.9285271397684968,0.28353658536585363
reserve,voc,1.333521432163324e-05,1200,0.2524626527041336,0.19755081702970398,0.32947745167945414,0.9191666666666667,0.32151893354399824,0.9770100275159772,0.09451219512195122
reserve,hybrid,1.333521432163324e-05,1200,0.6013763968314034,0.5160807516712667,0.7295295170136329,0.7966666666666666,0.2334755022256012,0.8454400675184903,0.31859756097560976
reserve,voc,1.778279410038923e-05,1200,0.3652914058099222,0.30634140241525704,0.44212846757694546,0.87,0.2784773597700896,0.8191788781950952,0.18597560975609756
reserve,hybrid,1.778279410038923e-05,1200,0.6827138494048777,0.5907328350223339,0.8027903515740958,0.7616666666666667,0.2114704213811619,0.7236488286542893,0.38414634146341464
reserve,voc,2.3713737056616554e-05,1200,0.9333598540155393,0.4684195778537956,1.825398875746507,0.8208333333333333,0.24120164816063916,0.6912427102592786,0.27896341463414637
reserve,hybrid,2.3713737056616554e-05,1200,1.225211927491419,0.7370147095608433,2.1351685430729543,0.7233333333333334,0.18813145403148593,0.6159376599676276,0.4573170731707317
reserve,voc,3.1622776601683795e-05,1200,1.0532377898386374,0.5895957369592716,1.94397023144917,0.7775,0.20440090413604267,0.6107615876875995,0.3597560975609756
reserve,hybrid,3.1622776601683795e-05,1200,1.3030493554007903,0.8214434492395315,2.22163961763539,0.6991666666666667,0.1646704064919823,0.5573080628992769,0.5030487804878049
reserve,voc,4.216965034285822e-05,1200,1.1783559756210238,0.6970333677088734,2.070696783639308,0.735,0.17125464359243203,0.5452836977917711,0.4405487804878049
reserve,hybrid,4.216965034285822e-05,1200,1.3951001537397563,0.907188141245444,2.317221783462041,0.6708333333333333,0.14282503588549222,0.507094429776771,0.5579268292682927
reserve,voc,5.623413251903491e-05,1200,2.2203427799791617,0.9315947764812171,3.5360484425597707,0.6908333333333333,0.14463975356343192,0.46538632639341204,0.5289634146341463
reserve,hybrid,5.623413251903491e-05,1200,2.39731402385491,1.1269842299718869,3.728361279778871,0.64,0.12561710047836483,0.4409951527950761,0.6219512195121951
reserve,voc,7.498942093324559e-05,1200,2.458850484989339,1.1916487469500217,3.8181419422423577,0.6566666666666666,0.12489030380303855,0.4016930200042346,0.6036585365853658
reserve,hybrid,7.498942093324559e-05,1200,2.6145988257568122,1.3520857461902833,3.971521088881274,0.6116666666666667,0.10916565135734992,0.3820340452292294,0.6859756097560976
reserve,voc,0.0001,1200,2.78015915138935,1.4767994628092604,4.169799164449353,0.625,0.10622026783841751,0.324073893235042,0.6783536585365854
reserve,hybrid,0.0001,1200,2.894206084015364,1.6167808992683335,4.2981795319832266,0.59,0.09577137830948626,0.31127915563087905,0.7423780487804879
reserve,voc,0.0001333521432163324,1200,2.876100004064623,1.5938087537804213,4.263898828970863,0.6158333333333333,0.09469124466488237,0.3061404662533702,0.6996951219512195
reserve,hybrid,0.0001333521432163324,1200,2.9720397741526745,1.6941828593533494,4.379679260519209,0.5841666666666666,0.08700067638371649,0.29633610734588123,0.7576219512195121
reserve,voc,0.00017782794100389227,1200,3.0086436698774266,1.7324818555614312,4.4085849699592545,0.59,0.08574948413927601,0.2866308906325624,0.75
reserve,hybrid,0.00017782794100389227,1200,3.0711159718960768,1.8015795155021466,4.471025719587314,0.5708333333333333,0.08141531400824305,0.2814682486892343,0.7850609756097561
reserve,voc,0.0002371373705661655,1200,3.053300593479483,1.7788771398034124,4.4606365703490605,0.565,0.08009736822705901,0.28022335284756994,0.7957317073170732
reserve,hybrid,0.0002371373705661655,1200,3.097048127175357,1.8302765729109503,4.5001785828261776,0.5575,0.07860354803336086,0.27845014448590516,0.8094512195121951
reserve,voc,0.00031622776601683794,1200,3.1444196291194224,1.8719605746774535,4.56181023819215,0.525,0.07348904136808392,0.2723038782017526,0.8689024390243902
reserve,hybrid,0.00031622776601683794,1200,3.1791485518685247,1.9101019506459456,4.595321759279188,0.5233333333333333,0.0728428421840194,0.2714300624825834,0.8719512195121951
reserve,voc,0.00042169650342858224,1200,3.250515813154051,1.979688065015377,4.677896374542347,0.4841666666666667,0.06757218714697387,0.26566108024176477,0.9435975609756098
reserve,hybrid,0.00042169650342858224,1200,3.284027334241089,2.0152919915434624,4.711407895629385,0.48333333333333334,0.06703113719963755,0.2648826393534303,0.9451219512195121
reserve,voc,0.0005623413251903491,1200,3.3206838134122223,2.0418640165785313,4.752650846891793,0.4675,0.06518535541249515,0.26139852100510325,0.9740853658536586
reserve,hybrid,0.0005623413251903491,1200,3.3541953344992606,2.080775613063309,4.786162367978831,0.4666666666666667,0.06464430546515883,0.2606200801167688,0.975609756097561
reserve,voc,0.0007498942093324559,1200,3.446805854087038,2.1788652780954023,4.896890315092933,0.4633333333333333,0.06413538190997525,0.25788663299677256,0.9817073170731707
reserve,hybrid,0.0007498942093324559,1200,3.446805854087038,2.1788652780954023,4.896890315092933,0.4633333333333333,0.06413538190997525,0.25788663299677256,0.9817073170731707
reserve,voc,0.001,1200,4.244258978955484,2.4417498867567446,6.519616137179798,0.46166666666666667,0.06375764342179849,0.25333250809760405,0.9847560975609756
reserve,hybrid,0.001,1200,4.244258978955484,2.4417498867567446,6.519616137179798,0.46166666666666667,0.06375764342179849,0.25333250809760405,0.9847560975609756
reserve,voc,0.001333521432163324,1200,4.244258978955484,2.4417498867567446,6.519616137179798,0.46166666666666667,0.06375764342179849,0.25333250809760405,0.9847560975609756
reserve,hybrid,0.001333521432163324,1200,4.244258978955484,2.4417498867567446,6.519616137179798,0.46166666666666667,0.06375764342179849,0.25333250809760405,0.9847560975609756
reserve,voc,0.0017782794100389228,1200,6.897096403343366,4.01469582563389,9.666393367535743,0.4558333333333333,0.06251795563146066,0.23914007191842152,0.9954268292682927
reserve,hybrid,0.0017782794100389228,1200,6.897096403343366,4.01469582563389,9.666393367535743,0.4558333333333333,0.06251795563146066,0.23914007191842152,0.9954268292682927
reserve,voc,0.0023713737056616554,1200,8.102120511396373,4.675783481514401,11.467955280084675,0.4533333333333333,0.062003056147039395,0.23515008348258562,1.0
reserve,hybrid,0.0023713737056616554,1200,8.102120511396373,4.675783481514401,11.467955280084675,0.4533333333333333,0.062003056147039395,0.23515008348258562,1.0
reserve,voc,0.0031622776601683794,1200,8.102120511396373,4.675783481514401,11.467955280084675,0.4533333333333333,0.062003056147039395,0.23515008348258562,1.0
reserve,hybrid,0.0031622776601683794,1200,8.102120511396373,4.675783481514401,11.467955280084675,0.4533333333333333,0.062003056147039395,0.23515008348258562,1.0
reserve,voc,0.004216965034285822,1200,8.102120511396373,4.675783481514401,11.467955280084675,0.4533333333333333,0.062003056147039395,0.23515008348258562,1.0
reserve,hybrid,0.004216965034285822,1200,8.102120511396373,4.675783481514401,11.467955280084675,0.4533333333333333,0.062003056147039395,0.23515008348258562,1.0
reserve,voc,0.005623413251903491,1200,8.102120511396373,4.675783481514401,11.467955280084675,0.4533333333333333,0.062003056147039395,0.23515008348258562,1.0
reserve,hybrid,0.005623413251903491,1200,8.102120511396373,4.675783481514401,11.467955280084675,0.4533333333333333,0.062003056147039395,0.23515008348258562,1.0
reserve,voc,0.007498942093324558,1200,8.102120511396373,4.675783481514401,11.467955280084675,0.4533333333333333,0.062003056147039395,0.23515008348258562,1.0
reserve,hybrid,0.007498942093324558,1200,8.102120511396373,4.675783481514401,11.467955280084675,0.4533333333333333,0.062003056147039395,0.23515008348258562,1.0
reserve,voc,0.01,1200,8.102120511396373,4.675783481514401,11.467955280084675,0.4533333333333333,0.062003056147039395,0.23515008348258562,1.0
reserve,hybrid,0.01,1200,8.102120511396373,4.675783481514401,11.467955280084675,0.4533333333333333,0.062003056147039395,0.23515008348258562,1.0
reserve,hardlabel,0.01,1200,0.04593480582095138,0.012362857784669197,0.09096043915515167,0.9975,0.5072468293708906,2.593024470220165,0.0
reserve,hardlabel,0.020000000000000004,1200,0.05030082218504912,0.017900142829770985,0.09601269565887824,0.9975,0.4426243753741538,2.2413616820760276,0.0
reserve,hardlabel,0.030000000000000006,1200,0.06453644327362767,0.0314771326028154,0.11219279947461407,0.995,0.40681908511677334,2.030568507483561,0.004573170731707317
reserve,hardlabel,0.04000000000000001,1200,0.0768770079975403,0.04237666635865775,0.12423289353007874,0.9941666666666666,0.3864199704888161,1.9188352577152727,0.006097560975609756
reserve,hardlabel,0.05000000000000001,1200,0.0819826331925856,0.04724222222166564,0.12890125135413105,0.9941666666666666,0.37970376265499045,1.873044617797738,0.006097560975609756
reserve,hardlabel,0.06000000000000001,1200,0.08428254051770881,0.05042867407967542,0.1306373341783747,0.9941666666666666,0.3757206034025627,1.8623744314610666,0.006097560975609756
reserve,hardlabel,0.07,1200,0.08711978278591932,0.054469605804824295,0.13253152912856841,0.9941666666666666,0.37132991806753085,1.8386014514169073,0.006097560975609756
reserve,hardlabel,0.08,1200,0.09134936209446681,0.05812418702431171,0.13715942494406358,0.9941666666666666,0.36757602446799487,1.788086205286933,0.006097560975609756
reserve,hardlabel,0.09000000000000001,1200,0.09342244781058859,0.05884715116724693,0.14007043694301513,0.9941666666666666,0.36506009094510244,1.7640271173635969,0.006097560975609756
reserve,hardlabel,0.1,1200,0.09613571046162064,0.06139375952954804,0.14193020844907395,0.9941666666666666,0.3635536999938801,1.7446981345069312,0.006097560975609756
reserve,hardlabel,0.15,1200,0.5213522556634559,0.08277026545164375,1.3730963218898244,0.99,0.35656493449619664,1.6894921808044212,0.012195121951219513
reserve,hardlabel,0.19999999999999998,1200,0.5334266208867016,0.09310078461957128,1.3848605942858245,0.9875,0.3501613135629194,1.6272795538244464,0.01676829268292683
reserve,hardlabel,0.25,1200,0.9683244329130074,0.12270436278229671,2.205518211794126,0.9825,0.34146576465097267,1.5607930322194443,0.027439024390243903
reserve,hardlabel,0.3,1200,0.9896759048563365,0.14380198081851006,2.223018352863423,0.9775,0.3289514382227657,1.5109231919069135,0.036585365853658534
reserve,hardlabel,0.35,1200,1.0126414587490968,0.1679356174295138,2.244061446902887,0.9675,0.3210258221207637,1.4685293143061002,0.053353658536585365
reserve,hardlabel,0.39999999999999997,1200,1.4459139996707546,0.21131966767433988,2.698852879589999,0.9566666666666667,0.3111188871253379,1.4241482460144168,0.07317073170731707
reserve,hardlabel,0.44999999999999996,1200,1.4931215394428643,0.2589810965876362,2.746278900599051,0.9366666666666666,0.2978844178484065,1.382627445100249,0.10975609756097561
reserve,hardlabel,0.5,1200,1.6374215253396085,0.29314583993419463,3.1272599084832633,0.9241666666666667,0.2831324660301926,1.3545112859877555,0.1326219512195122
reserve,hardlabel,0.5499999999999999,1200,1.6823803538285855,0.33557445597803537,3.174396707906772,0.9066666666666666,0.27145560014398434,1.3185974628685653,0.16463414634146342
reserve,hardlabel,0.6,1200,1.7591368260665055,0.4156269384501948,3.2418480094415907,0.8858333333333334,0.25538749009861494,1.2668445839385518,0.19969512195121952
reserve,hardlabel,0.6499999999999999,1200,1.8815991786080015,0.5782094987963577,3.3355961916505654,0.8691666666666666,0.2442030195953371,1.2382594390643862,0.2301829268292683
reserve,hardlabel,0.7,1200,1.9688155768004798,0.650143933292909,3.414137561554432,0.845,0.2271261940937779,1.181650574737705,0.2728658536585366
reserve,hardlabel,0.75,1200,3.32318567591367,1.2138575619192946,5.516447874990046,0.8075,0.1980164664578237,1.0971861366326934,0.3384146341463415
reserve,hardlabel,0.7999999999999999,1200,4.338223339782297,1.9969096984203403,6.68748734608579,0.76,0.16786218902963654,0.9968546974618463,0.4222560975609756
reserve,hardlabel,0.85,1200,6.196853914560773,3.1772544876789883,9.345224673886305,0.6691666666666667,0.1299982742957992,0.7896219387376975,0.5792682926829268
reserve,hardlabel,0.8999999999999999,1200,7.465167490987475,4.0236857829106905,10.800240030856473,0.5708333333333333,0.09826192443157224,0.6280477486235031,0.7545731707317073
reserve,hardlabel,0.95,1200,7.746698310999733,4.300926083779386,11.11309501313841,0.4891666666666667,0.07860764987980179,0.5117502266784565,0.9024390243902439
reserve,voc_seq,0.0,1200,0.0011380446852772646,0.0002607180518345745,0.0031213793991620815,1.0,1.4386546011052925,8.081625879114824,0.0
reserve,voc_seq,1e-08,1200,0.0011581210624316066,0.0002825878583570722,0.003137692708811967,1.0,1.4060563839967752,7.715070557104827,0.0
reserve,voc_seq,1.333521432163324e-08,1200,0.0011584882342100822,0.0002831375989461201,0.003137863618096047,1.0,1.3946881780949658,7.593927968496482,0.0
reserve,voc_seq,1.7782794100389228e-08,1200,0.0012014473484205969,0.00032358958431596025,0.003174377812669612,1.0,1.3621503947129763,7.1085477377631285,0.0
reserve,voc_seq,2.371373705661655e-08,1200,0.0012810596072270666,0.0003809869110547483,0.003261644930109331,1.0,1.3435492286940538,6.855203931136475,0.0
reserve,voc_seq,3.162277660168379e-08,1200,0.001768848846198482,0.0005011240705696802,0.003691193067380631,1.0,1.3136567018070602,6.413635702542288,0.0
reserve,voc_seq,4.2169650342858225e-08,1200,0.00211758969222926,0.0006640621223559952,0.003910926376613942,1.0,1.2735793952957193,5.829771270920579,0.0
reserve,voc_seq,5.6234132519034905e-08,1200,0.0023596824490303794,0.0008891601778012583,0.004148705059370687,1.0,1.2382869028466783,5.374200178084769,0.0
reserve,voc_seq,7.498942093324559e-08,1200,0.0032582014541394184,0.0015021521715456062,0.00550711667080117,1.0,1.2030417306649004,4.986724466475577,0.0
reserve,voc_seq,1e-07,1200,0.003387336951181211,0.0016353387982834713,0.005644182388466419,1.0,1.1464037571962349,4.7412835145772805,0.0
reserve,voc_seq,1.333521432163324e-07,1200,0.003529174943146954,0.0017512706711823216,0.005845472393846197,1.0,1.102307463626756,4.435043402877291,0.0
reserve,voc_seq,1.7782794100389227e-07,1200,0.0035721629357310268,0.0018170170334131939,0.00588199834264586,1.0,1.0582065402277392,4.2251904882455955,0.0
reserve,voc_seq,2.3713737056616554e-07,1200,0.0037405085180746995,0.0019940215174068412,0.0059965404467709794,1.0,0.9926346741512263,3.8392492206865123,0.0
reserve,voc_seq,3.162277660168379e-07,1200,0.004174111375169389,0.0023000322647483765,0.00650444179479543,1.0,0.9092358123573141,3.4326409160898645,0.0
reserve,voc_seq,4.2169650342858225e-07,1200,0.004360650362107356,0.0024380407493002553,0.00664158934851626,1.0,0.825767296642264,3.0976360789107336,0.0
reserve,voc_seq,5.62341325190349e-07,1200,0.00768624620752066,0.00419145326130181,0.01279409757154657,0.9991666666666666,0.7639849029329375,2.8046672933366485,0.0
reserve,voc_seq,7.498942093324558e-07,1200,0.010421977949146235,0.005390912148657976,0.015492646988476091,0.9983333333333333,0.7131373597518939,2.610304586560875,0.0
reserve,voc_seq,1e-06,1200,0.02619726868089431,0.014703054455122079,0.039852781488089635,0.9908333333333333,0.6459921013442461,2.343278139723376,0.0
reserve,voc_seq,1.333521432163324e-06,1200,0.03851671702531208,0.02515300305786037,0.0540812405815614,0.9841666666666666,0.6011892446206194,2.137466773988496,0.0
reserve,voc_seq,1.7782794100389227e-06,1200,0.05475773986503498,0.03705302947588724,0.07470499813520103,0.9791666666666666,0.5411595615142903,1.8890826056760246,0.0
reserve,voc_seq,2.3713737056616552e-06,1200,0.06319475074646405,0.041470400818469345,0.08715412674839111,0.9766666666666667,0.49516055405536774,1.7555326660559876,0.0
reserve,voc_seq,3.162277660168379e-06,1200,0.08332984680722234,0.05503091137585493,0.12081568357649793,0.975,0.4599395808590494,1.607284855386012,0.0
reserve,voc_seq,4.216965034285822e-06,1200,0.09496762315873072,0.06748615007823498,0.13363403530868206,0.9716666666666667,0.4278270081279377,1.4770373729651813,0.001524390243902439
reserve,voc_seq,5.623413251903491e-06,1200,0.12495963613611182,0.09137257065031988,0.16848287937477138,0.965,0.3936471163655504,1.3097386662560468,0.012195121951219513
reserve,voc_seq,7.498942093324558e-06,1200,0.15922045067931367,0.12231750125251392,0.2072244087699926,0.9508333333333333,0.3615473648580371,1.1664475703360404,0.038109756097560975
reserve,voc_seq,9.999999999999999e-06,1200,0.17746526524385212,0.140167255605991,0.2287007484675494,0.9416666666666667,0.3456913346078977,1.0964591915618196,0.054878048780487805
reserve,voc_seq,1.333521432163324e-05,1200,0.2524626527041336,0.19755081702970398,0.32947745167945414,0.9191666666666667,0.32655437673762927,0.9857709834526274,0.09451219512195122
reserve,voc_seq,1.778279410038923e-05,1200,0.3652914058099222,0.30634140241525704,0.44212846757694546,0.87,0.28104125367494426,0.8244316207492617,0.18597560975609756
reserve,voc_seq,2.3713737056616554e-05,1200,0.9333598540155393,0.4684195778537956,1.825398875746507,0.8208333333333333,0.24249514044686568,0.6928557010642726,0.27896341463414637
reserve,voc_seq,3.1622776601683795e-05,1200,1.0532377898386374,0.5895957369592716,1.94397023144917,0.7775,0.20440090413604267,0.6107615876875995,0.3597560975609756
reserve,voc_seq,4.216965034285822e-05,1200,1.1783559756210238,0.6970333677088734,2.070696783639308,0.735,0.17125464359243203,0.5452836977917711,0.4405487804878049
reserve,voc_seq,5.623413251903491e-05,1200,2.2203427799791617,0.9315947764812171,3.5360484425597707,0.6908333333333333,0.14463975356343192,0.46538632639341204,0.5289634146341463
reserve,voc_seq,7.498942093324559e-05,1200,2.458850484989339,1.1916487469500217,3.8181419422423577,0.6566666666666666,0.12489030380303855,0.4016930200042346,0.6036585365853658
reserve,voc_seq,0.0001,1200,2.78015915138935,1.4767994628092604,4.169799164449353,0.625,0.10622026783841751,0.324073893235042,0.6783536585365854
reserve,voc_seq,0.0001333521432163324,1200,2.876100004064623,1.5938087537804213,4.263898828970863,0.6158333333333333,0.09469124466488237,0.3061404662533702,0.6996951219512195
reserve,voc_seq,0.00017782794100389227,1200,3.0086436698774266,1.7324818555614312,4.4085849699592545,0.59,0.08574948413927601,0.2866308906325624,0.75
reserve,voc_seq,0.0002371373705661655,1200,3.053300593479483,1.7788771398034124,4.4606365703490605,0.565,0.08009736822705901,0.28022335284756994,0.7957317073170732
reserve,voc_seq,0.00031622776601683794,1200,3.1444196291194224,1.8719605746774535,4.56181023819215,0.525,0.07348904136808392,0.2723038782017526,0.8689024390243902
reserve,voc_seq,0.00042169650342858224,1200,3.250515813154051,1.979688065015377,4.677896374542347,0.4841666666666667,0.06757218714697387,0.26566108024176477,0.9435975609756098
reserve,voc_seq,0.0005623413251903491,1200,3.3206838134122223,2.0418640165785313,4.752650846891793,0.4675,0.06518535541249515,0.26139852100510325,0.9740853658536586
reserve,voc_seq,0.0007498942093324559,1200,3.446805854087038,2.1788652780954023,4.896890315092933,0.4633333333333333,0.06413538190997525,0.25788663299677256,0.9817073170731707
reserve,voc_seq,0.001,1200,4.244258978955484,2.4417498867567446,6.519616137179798,0.46166666666666667,0.06375764342179849,0.25333250809760405,0.9847560975609756
reserve,voc_seq,0.001333521432163324,1200,4.244258978955484,2.4417498867567446,6.519616137179798,0.46166666666666667,0.06375764342179849,0.25333250809760405,0.9847560975609756
reserve,voc_seq,0.0017782794100389228,1200,6.897096403343366,4.01469582563389,9.666393367535743,0.4558333333333333,0.06251795563146066,0.23914007191842152,0.9954268292682927
reserve,voc_seq,0.0023713737056616554,1200,8.102120511396373,4.675783481514401,11.467955280084675,0.4533333333333333,0.062003056147039395,0.23515008348258562,1.0
reserve,voc_seq,0.0031622776601683794,1200,8.102120511396373,4.675783481514401,11.467955280084675,0.4533333333333333,0.062003056147039395,0.23515008348258562,1.0
reserve,voc_seq,0.004216965034285822,1200,8.102120511396373,4.675783481514401,11.467955280084675,0.4533333333333333,0.062003056147039395,0.23515008348258562,1.0
reserve,voc_seq,0.005623413251903491,1200,8.102120511396373,4.675783481514401,11.467955280084675,0.4533333333333333,0.062003056147039395,0.23515008348258562,1.0
reserve,voc_seq,0.007498942093324558,1200,8.102120511396373,4.675783481514401,11.467955280084675,0.4533333333333333,0.062003056147039395,0.23515008348258562,1.0
reserve,voc_seq,0.01,1200,8.102120511396373,4.675783481514401,11.467955280084675,0.4533333333333333,0.062003056147039395,0.23515008348258562,1.0
reserve,hybrid_seq,0.0,1200,0.45785880290088576,0.3748013690250382,0.5638967748863757,0.8458333333333333,0.5955024102114571,2.6080195526557692,0.0350609756097561
reserve,hybrid_seq,1e-08,1200,0.45785876963052763,0.37480135570379847,0.5638967520193949,0.8458333333333333,0.5896140792112016,2.5615510154140977,0.0350609756097561
reserve,hybrid_seq,1.333521432163324e-08,1200,0.45785876963052763,0.37480135570379847,0.5638967520193949,0.8458333333333333,0.5874719862311166,2.5450305593107623,0.0350609756097561
reserve,hybrid_seq,1.7782794100389228e-08,1200,0.45785876960908906,0.37480135487057215,0.5638967519775897,0.8458333333333333,0.5829505903673187,2.5140384087257552,0.0350609756097561
reserve,hybrid_seq,2.371373705661655e-08,1200,0.4578587717932654,0.3748013571639573,0.5638967530150734,0.8458333333333333,0.5790352215056987,2.4757922352515864,0.0350609756097561
reserve,hybrid_seq,3.162277660168379e-08,1200,0.45785875263196574,0.37480134765840645,0.5638967503598823,0.8458333333333333,0.5700959351552448,2.386547685663245,0.038109756097560975
reserve,hybrid_seq,4.2169650342858225e-08,1200,0.4578587575959429,0.3748013517089077,0.563896757830163,0.8458333333333333,0.560159567328226,2.2757441460657115,0.038109756097560975
reserve,hybrid_seq,5.6234132519034905e-08,1200,0.4578587257977894,0.3748013296658781,0.5638967299906394,0.8458333333333333,0.550707905053312,2.1837081857032232,0.041158536585365856
reserve,hybrid_seq,7.498942093324559e-08,1200,0.4578587421982499,0.37480134753544303,0.56389674905458,0.8458333333333333,0.5433746786223469,2.131546921435723,0.042682926829268296
reserve,hybrid_seq,1e-07,1200,0.4578587456217097,0.3748013523117536,0.5638967529163681,0.8458333333333333,0.5298562568084234,2.0601280716132107,0.042682926829268296
reserve,hybrid_seq,1.333521432163324e-07,1200,0.45852542061551343,0.37546801859952356,0.5652300980028989,0.8458333333333333,0.5166511159059356,1.961873523221578,0.04420731707317073
reserve,hybrid_seq,1.7782794100389227e-07,1200,0.4585254353722606,0.37546802857142136,0.5652300965323972,0.8458333333333333,0.5006564608155372,1.8879567564524344,0.04878048780487805
reserve,hybrid_seq,2.3713737056616554e-07,1200,0.45852546876505773,0.3754680606336901,0.5652301462368092,0.8458333333333333,0.4780794465216165,1.7955321794524934,0.06859756097560976
reserve,hybrid_seq,3.162277660168379e-07,1200,0.45955487116723676,0.37649746493966135,0.5663110252513113,0.845,0.4516997095607394,1.6799161837108902,0.10213414634146341
reserve,hybrid_seq,4.2169650342858225e-07,1200,0.4595548991275621,0.3764974931188307,0.5663110567629435,0.845,0.43069401102092103,1.613745345865027,0.10670731707317073
reserve,hybrid_seq,5.62341325190349e-07,1200,0.4595548973768143,0.3764974933510261,0.5663110545214087,0.845,0.41807211260808647,1.5731972006750463,0.11128048780487805
reserve,hybrid_seq,7.498942093324558e-07,1200,0.45955487855456,0.37649748650314663,0.5663110306704378,0.845,0.40360344040091684,1.530716913714265,0.11890243902439024
reserve,hybrid_seq,1e-06,1200,0.4596381561256296,0.37658079481650647,0.5663546918485135,0.845,0.3721449050596787,1.4678582635175856,0.13871951219512196
reserve,hybrid_seq,1.333521432163324e-06,1200,0.45976668267563026,0.3767028957890624,0.56654426325693,0.845,0.34938407829865514,1.419031376746819,0.15091463414634146
reserve,hybrid_seq,1.7782794100389227e-06,1200,0.46021411147338637,0.3770697809235029,0.5669944491960386,0.845,0.3267704801878892,1.3640071870068642,0.16310975609756098
reserve,hybrid_seq,2.3713737056616552e-06,1200,0.4604531439499387,0.37733610899872944,0.56732030340116,0.845,0.30964961082312203,1.3268224875151706,0.18292682926829268
reserve,hybrid_seq,3.162277660168379e-06,1200,0.4625735306652759,0.3796797326075227,0.5693935206582084,0.845,0.29681563475174416,1.28635875988018,0.19969512195121952
reserve,hybrid_seq,4.216965034285822e-06,1200,0.47026461545167525,0.3859136093128944,0.5776782191683602,0.8433333333333334,0.28242883124475565,1.208518044807691,0.21341463414634146
reserve,hybrid_seq,5.623413251903491e-06,1200,0.49095884618643293,0.4094732659272701,0.6006821951950141,0.8375,0.26586081924487676,1.0930025029835695,0.23323170731707318
reserve,hybrid_seq,7.498942093324558e-06,1200,0.5177157242551343,0.4313792306365802,0.6289034549718828,0.825,0.2519643825922144,0.9921918958210396,0.2621951219512195
reserve,hybrid_seq,9.999999999999999e-06,1200,0.5359605393921179,0.44894469939766435,0.6456298987137744,0.8158333333333333,0.2459005103178489,0.9361763319918281,0.28353658536585363
reserve,hybrid_seq,1.333521432163324e-05,1200,0.6013763968314034,0.5160807516712667,0.7295295170136329,0.7966666666666666,0.23456736950491253,0.8484912019276453,0.31859756097560976
reserve,hybrid_seq,1.778279410038923e-05,1200,0.6827138494048777,0.5907328350223339,0.8027903515740958,0.7616666666666667,0.2118401250861743,0.7259855570484555,0.38414634146341464
reserve,hybrid_seq,2.3713737056616554e-05,1200,1.225211927491419,0.7370147095608433,2.1351685430729543,0.7233333333333334,0.18824663162067343,0.6160352543842904,0.4573170731707317
reserve,hybrid_seq,3.1622776601683795e-05,1200,1.3030493554007903,0.8214434492395315,2.22163961763539,0.6991666666666667,0.1646704064919823,0.5573080628992769,0.5030487804878049
reserve,hybrid_seq,4.216965034285822e-05,1200,1.3951001537397563,0.907188141245444,2.317221783462041,0.6708333333333333,0.14282503588549222,0.507094429776771,0.5579268292682927
reserve,hybrid_seq,5.623413251903491e-05,1200,2.39731402385491,1.1269842299718869,3.728361279778871,0.64,0.12561710047836483,0.4409951527950761,0.6219512195121951
reserve,hybrid_seq,7.498942093324559e-05,1200,2.6145988257568122,1.3520857461902833,3.971521088881274,0.6116666666666667,0.10916565135734992,0.3820340452292294,0.6859756097560976
reserve,hybrid_seq,0.0001,1200,2.894206084015364,1.6167808992683335,4.2981795319832266,0.59,0.09577137830948626,0.31127915563087905,0.7423780487804879
reserve,hybrid_seq,0.0001333521432163324,1200,2.9720397741526745,1.6941828593533494,4.379679260519209,0.5841666666666666,0.08700067638371649,0.29633610734588123,0.7576219512195121
reserve,hybrid_seq,0.00017782794100389227,1200,3.0711159718960768,1.8015795155021466,4.471025719587314,0.5708333333333333,0.08141531400824305,0.2814682486892343,0.7850609756097561
reserve,hybrid_seq,0.0002371373705661655,1200,3.097048127175357,1.8302765729109503,4.5001785828261776,0.5575,0.07860354803336086,0.27845014448590516,0.8094512195121951
reserve,hybrid_seq,0.00031622776601683794,1200,3.1791485518685247,1.9101019506459456,4.595321759279188,0.5233333333333333,0.0728428421840194,0.2714300624825834,0.8719512195121951
reserve,hybrid_seq,0.00042169650342858224,1200,3.284027334241089,2.0152919915434624,4.711407895629385,0.48333333333333334,0.06703113719963755,0.2648826393534303,0.9451219512195121
reserve,hybrid_seq,0.0005623413251903491,1200,3.3541953344992606,2.080775613063309,4.786162367978831,0.4666666666666667,0.06464430546515883,0.2606200801167688,0.975609756097561
reserve,hybrid_seq,0.0007498942093324559,1200,3.446805854087038,2.1788652780954023,4.896890315092933,0.4633333333333333,0.06413538190997525,0.25788663299677256,0.9817073170731707
reserve,hybrid_seq,0.001,1200,4.244258978955484,2.4417498867567446,6.519616137179798,0.46166666666666667,0.06375764342179849,0.25333250809760405,0.9847560975609756
reserve,hybrid_seq,0.001333521432163324,1200,4.244258978955484,2.4417498867567446,6.519616137179798,0.46166666666666667,0.06375764342179849,0.25333250809760405,0.9847560975609756
reserve,hybrid_seq,0.0017782794100389228,1200,6.897096403343366,4.01469582563389,9.666393367535743,0.4558333333333333,0.06251795563146066,0.23914007191842152,0.9954268292682927
reserve,hybrid_seq,0.0023713737056616554,1200,8.102120511396373,4.675783481514401,11.467955280084675,0.4533333333333333,0.062003056147039395,0.23515008348258562,1.0
reserve,hybrid_seq,0.0031622776601683794,1200,8.102120511396373,4.675783481514401,11.467955280084675,0.4533333333333333,0.062003056147039395,0.23515008348258562,1.0
reserve,hybrid_seq,0.004216965034285822,1200,8.102120511396373,4.675783481514401,11.467955280084675,0.4533333333333333,0.062003056147039395,0.23515008348258562,1.0
reserve,hybrid_seq,0.005623413251903491,1200,8.102120511396373,4.675783481514401,11.467955280084675,0.4533333333333333,0.062003056147039395,0.23515008348258562,1.0
reserve,hybrid_seq,0.007498942093324558,1200,8.102120511396373,4.675783481514401,11.467955280084675,0.4533333333333333,0.062003056147039395,0.23515008348258562,1.0
reserve,hybrid_seq,0.01,1200,8.102120511396373,4.675783481514401,11.467955280084675,0.4533333333333333,0.062003056147039395,0.23515008348258562,1.0
reserve,oracle,0.0,1200,0.18766791491796112,0.17069865549559735,0.2055196940357297,1.0,0.23831780749141737,1.2330787287884595,0.0
reserve,oracle_voc,0.0,1200,0.0500179642461122,0.02528347279332493,0.08595342532305798,0.9866666666666667,0.49399996548385633,2.320489790065191,0.0
reserve,oracle_voc,1e-08,1200,0.05703784204852527,0.032609152503809746,0.09575284890273404,0.9841666666666666,0.3395686629002634,1.7959448721401652,0.0
reserve,oracle_voc,1.333521432163324e-08,1200,0.05800093748238427,0.0340861226919945,0.09609392559579061,0.9841666666666666,0.33689936656916974,1.74828719730435,0.0
reserve,oracle_voc,1.7782794100389228e-08,1200,0.06150929364584633,0.03627246714383404,0.10183125265341743,0.9833333333333333,0.33334000919886647,1.695494827843504,0.0
reserve,oracle_voc,2.371373705661655e-08,1200,0.062483179161451435,0.03793644189071046,0.10275051382411703,0.9825,0.3304862635970496,1.6402802184518381,0.0
reserve,oracle_voc,3.162277660168379e-08,1200,0.0713923846980775,0.044241817672903846,0.1108287123404639,0.9791666666666666,0.3268378851515118,1.5745850293776615,0.0
reserve,oracle_voc,4.2169650342858225e-08,1200,0.07140435571465976,0.04424989505875824,0.1108374033415346,0.9791666666666666,0.32493081549989017,1.541000939254318,0.0
reserve,oracle_voc,5.6234132519034905e-08,1200,0.08048221892216692,0.052535624380325725,0.11902827083649223,0.9766666666666667,0.32096383710874726,1.4772555713051527,0.0
reserve,oracle_voc,7.498942093324559e-08,1200,0.08394402433703921,0.05514857023532988,0.12246804105106446,0.975,0.3181392273774038,1.435299939803499,0.0
reserve,oracle_voc,1e-07,1200,0.09394349454748714,0.06031742964285876,0.13494224707947772,0.9725,0.3129674796883888,1.3419310553984967,0.0
reserve,oracle_voc,1.333521432163324e-07,1200,0.09593420948421583,0.06275534692699296,0.13569221144659382,0.9716666666666667,0.3109437129579642,1.308440389968485,0.0
reserve,oracle_voc,1.7782794100389227e-07,1200,0.09889212273641303,0.06566129957363885,0.13823221004629427,0.9708333333333333,0.3080035676388983,1.2502739427301397,0.0
reserve,oracle_voc,2.3713737056616554e-07,1200,0.09900643787434131,0.06574870203678428,0.1383518307940228,0.9708333333333333,0.30694206190286144,1.2358440369109789,0.0
reserve,oracle_voc,3.162277660168379e-07,1200,0.09904810454100797,0.06577057703678428,0.138455262220331,0.9708333333333333,0.3064698957690345,1.2282658425909783,0.0
reserve,oracle_voc,4.2169650342858225e-07,1200,0.09919064737602785,0.06582804825525702,0.1386414064243941,0.9708333333333333,0.3057535259411629,1.214924874225144,0.0
reserve,oracle_voc,5.62341325190349e-07,1200,0.0992739807093612,0.06595517163201794,0.13868098975772744,0.9708333333333333,0.30486456496166425,1.2075709068684835,0.0
reserve,oracle_voc,7.498942093324558e-07,1200,0.09955117660325828,0.06623009126410809,0.13888913016258714,0.9708333333333333,0.30348328089306426,1.1886917209159826,0.0
reserve,oracle_voc,1e-06,1200,0.10018231141618746,0.06685374774137816,0.1397107027950245,0.9708333333333333,0.3019152779651125,1.173839756385975,0.0
reserve,oracle_voc,1.333521432163324e-06,1200,0.10068820822507485,0.06717955447946924,0.1403196103743961,0.9708333333333333,0.301075416883745,1.1647166454776379,0.0
reserve,oracle_voc,1.7782794100389227e-06,1200,0.1015295679339001,0.0677901040876006,0.14087067259224537,0.9708333333333333,0.2998991300130161,1.1546196440201493,0.0
reserve,oracle_voc,2.3713737056616552e-06,1200,0.10774837203969777,0.07381623997827923,0.1514429683878231,0.97,0.29671064034913686,1.1355132028151518,0.0
reserve,oracle_voc,3.162277660168379e-06,1200,0.11015431279340726,0.07553461941937188,0.15338479774032418,0.97,0.29210081628674783,1.119519347977645,0.0
reserve,oracle_voc,4.216965034285822e-06,1200,0.11724747374052437,0.08233357687396782,0.16007843093624105,0.97,0.28630470624686827,1.0738631297793169,0.0
reserve,oracle_voc,5.623413251903491e-06,1200,0.13336761639438402,0.09761300514531374,0.17665108300649174,0.9683333333333334,0.28010859596029986,1.0126271741468251,0.003048780487804878
reserve,oracle_voc,7.498942093324558e-06,1200,0.16168140312116905,0.12561230362098644,0.2053322170704137,0.96,0.26975857328006325,0.932990384925979,0.018292682926829267
reserve,oracle_voc,9.999999999999999e-06,1200,0.19635471341718494,0.1579747874809932,0.24493484306285093,0.9433333333333334,0.25755886683883233,0.8603137593434803,0.051829268292682924
reserve,oracle_voc,1.333521432163324e-05,1200,0.233971199803073,0.19353167024904105,0.28529702770222065,0.9258333333333333,0.2453858620495165,0.8024122818526241,0.08384146341463415
reserve,oracle_voc,1.778279410038923e-05,1200,0.3144052415722148,0.26268007940111093,0.37164074337880976,0.89,0.2255042850248893,0.7091044795626354,0.15091463414634146
reserve,oracle_voc,2.3713737056616554e-05,1200,0.40355541053857946,0.34763623447984393,0.4625322098304717,0.8575,0.20237983635288131,0.6317762340692752,0.2149390243902439
reserve,oracle_voc,3.1622776601683795e-05,1200,0.5057753481886742,0.4456060503634331,0.5710688917698237,0.8133333333333334,0.17887953039039875,0.5638401324301231,0.29878048780487804
reserve,oracle_voc,4.216965034285822e-05,1200,0.6030679079826958,0.544164398835328,0.6846614834064643,0.7775,0.1618540403179804,0.5175821955659194,0.3704268292682927
reserve,oracle_voc,5.623413251903491e-05,1200,0.7443540462650887,0.6726653409543486,0.8360879061195181,0.7441666666666666,0.14470564350861329,0.46646870114842387,0.4405487804878049
reserve,oracle_voc,7.498942093324559e-05,1200,0.9598853840011503,0.8659267347551006,1.0775472034282287,0.6991666666666667,0.12345975584643422,0.40695598733424654,0.5289634146341463
reserve,oracle_voc,0.0001,1200,1.3002082411914906,1.1947483661604474,1.4466918486149012,0.6583333333333333,0.10268727889950056,0.3355478406359483,0.6219512195121951
reserve,oracle_voc,0.0001333521432163324,1200,1.5229663160812346,1.3782124783778817,1.6795254887264393,0.6358333333333334,0.08971098743816586,0.30427014729171786,0.663109756097561
reserve,oracle_voc,0.00017782794100389227,1200,1.700124065745227,1.5638776705325286,1.863858964109905,0.605,0.08008431141121314,0.2842528962008752,0.7195121951219512
reserve,oracle_voc,0.0002371373705661655,1200,1.7950430420145722,1.65567258788805,1.9732989772664071,0.5708333333333333,0.07467527538678126,0.27573391892508275,0.7835365853658537
reserve,oracle_voc,0.00031622776601683794,1200,1.8683078291876412,1.7149808156179172,2.0481920490233376,0.5433333333333333,0.07188269879572022,0.27135440691091084,0.8338414634146342
reserve,oracle_voc,0.00042169650342858224,1200,1.9681426703692686,1.809377916391965,2.145413347945327,0.49833333333333335,0.06726994064199703,0.26638363728009307,0.9161585365853658
reserve,oracle_voc,0.0005623413251903491,1200,2.0404701128021854,1.8835663337838053,2.2174309415713376,0.4766666666666667,0.06538350500059421,0.2629221187992698,0.9557926829268293
reserve,oracle_voc,0.0007498942093324559,1200,2.2012491700277548,1.9881898432095606,2.4500907128169023,0.4691666666666667,0.06423389185118158,0.25837722234009564,0.9710365853658537
reserve,oracle_voc,0.001,1200,2.204086301689504,1.9931472467772333,2.453549321453112,0.4683333333333333,0.06418096290175286,0.2581381466284377,0.9725609756097561
reserve,oracle_voc,0.001333521432163324,1200,2.2766326971213378,2.015011152618568,2.577823301302895,0.4675,0.06403763333930239,0.2572311301509338,0.9740853658536586
reserve,oracle_voc,0.0017782794100389228,1200,2.2766326971213378,2.015011152618568,2.577823301302895,0.4675,0.06403763333930239,0.2572311301509338,0.9740853658536586
reserve,oracle_voc,0.0023713737056616554,1200,2.394442758999197,2.0934790526349785,2.755765649448856,0.4666666666666667,0.06389430377685189,0.2563241136734299,0.975609756097561
reserve,oracle_voc,0.0031622776601683794,1200,3.62789317052183,2.557108674610515,5.0444436332655105,0.4633333333333333,0.06335072736396169,0.24943946288008495,0.9817073170731707
reserve,oracle_voc,0.004216965034285822,1200,4.811114500797061,3.079192135896309,6.840509428263392,0.4608333333333333,0.06286136567928689,0.24399616043591474,0.9862804878048781
reserve,oracle_voc,0.005623413251903491,1200,5.580611356142973,3.2997054469101745,8.205977127042354,0.46,0.06265240233284544,0.24132027719757995,0.9878048780487805
reserve,oracle_voc,0.007498942093324558,1200,7.242077178063041,4.084455501319383,10.463342033366224,0.4575,0.0622952926757997,0.23688037042090704,0.9923780487804879
reserve,oracle_voc,0.01,1200,7.242077178063041,4.084455501319383,10.463342033366224,0.4575,0.0622952926757997,0.23688037042090704,0.9923780487804879
id,abl_baseonly_voc,0.0,2400,0.03232594402385134,0.01072597015150419,0.06195399872828845,0.9970833333333333,0.7683579990760584,4.546396976088454,0.0
id,abl_baseonly_hybrid,0.0,2400,0.5894669210394148,0.49162163233318557,0.6932770444916729,0.8341666666666666,0.3679833568522359,1.5639210448706762,0.06885998469778118
id,abl_baseonly_voc,1e-08,2400,0.03506511863132493,0.01296692459374317,0.06428986426979273,0.9954166666666666,0.7349681633008119,4.10038270109847,0.0
id,abl_baseonly_hybrid,1e-08,2400,0.5894669241499353,0.49162163380015006,0.6932770461786095,0.8341666666666666,0.36601865574674347,1.5540004260061142,0.0703902065799541
id,abl_baseonly_voc,1.333521432163324e-08,2400,0.035660567870439724,0.01352965178647339,0.06535279072685156,0.9954166666666666,0.723393175859338,3.953620257676372,0.0
id,abl_baseonly_hybrid,1.333521432163324e-08,2400,0.5894669241495336,0.4916216337997484,0.6932770461784188,0.8341666666666666,0.3656591726233706,1.5519554163973528,0.07345065034429993
id,abl_baseonly_voc,1.7782794100389228e-08,2400,0.03618098052041969,0.013998606806603161,0.06587110133887325,0.9954166666666666,0.7125694296140079,3.786038206117631,0.0
id,abl_baseonly_hybrid,1.7782794100389228e-08,2400,0.5894669235896312,0.49162163353496835,0.6932770456402072,0.8341666666666666,0.36477625300271027,1.5492464681281883,0.07345065034429993
id,abl_baseonly_voc,2.371373705661655e-08,2400,0.041294247578208605,0.018913967388247625,0.07265924290446571,0.9933333333333333,0.6950078938508568,3.5086533894005667,0.0
id,abl_baseonly_hybrid,2.371373705661655e-08,2400,0.5894669226707125,0.49162163197230174,0.6932770446808693,0.8341666666666666,0.3639862203094409,1.545110191188193,0.0772762050497322
id,abl_baseonly_voc,3.162277660168379e-08,2400,0.04641944330416587,0.0246000540198824,0.07921922587189086,0.9920833333333333,0.681030158496866,3.3086607351260136,0.0
id,abl_baseonly_hybrid,3.162277660168379e-08,2400,0.5894669273189757,0.4916216382808404,0.6932770492127263,0.8341666666666666,0.3626792642719598,1.5406589804144368,0.07804131599081866
id,abl_baseonly_voc,4.2169650342858225e-08,2400,0.054873169111183756,0.02965244812943458,0.08719991499600382,0.9879166666666667,0.6645790823852328,3.0903685936118714,0.0
id,abl_baseonly_hybrid,4.2169650342858225e-08,2400,0.589466921016837,0.4916216307231543,0.6932770413838809,0.8341666666666666,0.3613191269857909,1.5347384968727813,0.08033664881407804
id,abl_baseonly_voc,5.6234132519034905e-08,2400,0.07672466661621424,0.052659814846712914,0.10901172642112801,0.9791666666666666,0.64124376827887,2.7734684216652052,0.0
id,abl_baseonly_hybrid,5.6234132519034905e-08,2400,0.5894669196041158,0.4916216292794796,0.6932770406722971,0.8341666666666666,0.3602538545775393,1.528930211003617,0.08339709257842387
id,abl_baseonly_voc,7.498942093324559e-08,2400,0.1059665102177454,0.07566519276868133,0.14021956381411976,0.9716666666666667,0.6202322058007554,2.512272087753569,0.0
id,abl_baseonly_hybrid,7.498942093324559e-08,2400,0.589466907877691,0.4916216207204792,0.6932770363575284,0.8341666666666666,0.3579594217652728,1.521848993662364,0.08798775822494262
id,abl_baseonly_voc,1e-07,2400,0.11378926657739984,0.08384936043905214,0.14809767410312358,0.9683333333333334,0.6027370409057513,2.3774952514906755,0.0007651109410864575
id,abl_baseonly_hybrid,1e-07,2400,0.589466897985305,0.49162161222465073,0.6932770021559519,0.8341666666666666,0.3551876757939402,1.5138437599006982,0.0971690895179801
id,abl_baseonly_voc,1.333521432163324e-07,2400,0.12442285411279255,0.09183790962633871,0.15796662610542178,0.96625,0.5809780650109213,2.2358468881985756,0.0007651109410864575
id,abl_baseonly_hybrid,1.333521432163324e-07,2400,0.5894668725600394,0.49162158720206345,0.6932769894854979,0.8341666666666666,0.3519010916962502,1.5056771419161152,0.10558530986993114
id,abl_baseonly_voc,1.7782794100389227e-07,2400,0.1296749594781384,0.09700879323719871,0.16397444353100907,0.9645833333333333,0.553106807740435,2.106663956896091,0.0007651109410864575
id,abl_baseonly_hybrid,1.7782794100389227e-07,2400,0.5894668480445295,0.49162156896512016,0.6932769671148236,0.8341666666666666,0.34678448643216636,1.49481349214655,0.12471308339709258
id,abl_baseonly_voc,2.3713737056616554e-07,2400,0.14521248887927815,0.10775465241853217,0.1845012328191972,0.96125,0.5213315620982611,1.9686781775385802,0.001530221882172915
id,abl_baseonly_hybrid,2.3713737056616554e-07,2400,0.5894668491751928,0.4916215693453132,0.6932769772653388,0.8341666666666666,0.3382798785860775,1.479942037946997,0.1384850803366488
id,abl_baseonly_voc,3.162277660168379e-07,2400,0.14701780767004502,0.11052711754870403,0.1861589452137914,0.9608333333333333,0.4959946176113287,1.8627551543436038,0.001530221882172915
id,abl_baseonly_hybrid,3.162277660168379e-07,2400,0.5894668422224426,0.49162157695902176,0.69327696858451,0.8341666666666666,0.332146666237669,1.466854139158677,0.14384085692425402
id,abl_baseonly_voc,4.2169650342858225e-07,2400,0.14746674624442904,0.11108965391232109,0.18633748614204124,0.9608333333333333,0.46892927695591663,1.7950785833489953,0.001530221882172915
id,abl_baseonly_hybrid,4.2169650342858225e-07,2400,0.5894668435920867,0.4916215948131552,0.6932769559000291,0.8341666666666666,0.3228483785108197,1.4513881703703282,0.1514919663351186
id,abl_baseonly_voc,5.62341325190349e-07,2400,0.14763483773277392,0.11115063239661221,0.18642595738330073,0.9608333333333333,0.4476260733530004,1.7351244889706685,0.001530221882172915
id,abl_baseonly_hybrid,5.62341325190349e-07,2400,0.5894668115074886,0.4916215668863283,0.6932769162482201,0.8341666666666666,0.31326601973168294,1.4372028763440692,0.15608263198163733
id,abl_baseonly_voc,7.498942093324558e-07,2400,0.1476976729471578,0.11121314314973807,0.18658739933202512,0.9608333333333333,0.42859639171134206,1.676687147360702,0.001530221882172915
id,abl_baseonly_hybrid,7.498942093324558e-07,2400,0.5894668040242154,0.49162156265244117,0.6932769101592056,0.8341666666666666,0.3043332138616016,1.4217529794265586,0.16526396327467482
id,abl_baseonly_voc,1e-06,2400,0.1479859485644781,0.11151661126931212,0.1868521848949774,0.9608333333333333,0.41152615718340796,1.6288982453269334,0.0022953328232593728
id,abl_baseonly_hybrid,1e-06,2400,0.5895336904634958,0.49171689644448435,0.6932768977793698,0.8341666666666666,0.29792312198500537,1.4095775122707013,0.17368018362662585
id,abl_baseonly_voc,1.333521432163324e-06,2400,0.1481741132514541,0.11170444480558783,0.1871060935104262,0.9608333333333333,0.3974099699053838,1.572491821598181,0.00306044376434583
id,abl_baseonly_hybrid,1.333521432163324e-06,2400,0.5895759896514425,0.4917369996666928,0.693340754506958,0.8341666666666666,0.2916299341533983,1.3955262746365316,0.18133129303749043
id,abl_baseonly_voc,1.7782794100389227e-06,2400,0.14954552986623965,0.113346941732816,0.18876845466743142,0.9608333333333333,0.3853037857773187,1.5313268744044337,0.0038255547054322878
id,abl_baseonly_hybrid,1.7782794100389227e-06,2400,0.5908640339483255,0.4928815319448959,0.6939864207145751,0.8341666666666666,0.2834705765852873,1.368242054851092,0.19204284621270085
id,abl_baseonly_voc,2.3713737056616552e-06,2400,0.15157126129507767,0.115719919209543,0.19081539341108958,0.9608333333333333,0.37367457266979104,1.4707372971802821,0.0038255547054322878
id,abl_baseonly_hybrid,2.3713737056616552e-06,2400,0.5928896926266433,0.4943920791530665,0.6958373588221864,0.8341666666666666,0.2742954249865546,1.322935689478157,0.20581484315225707
id,abl_baseonly_voc,3.162277660168379e-06,2400,0.15475393351123404,0.11865602314056377,0.1940584301004217,0.9608333333333333,0.36363475101967074,1.426511595731954,0.0038255547054322878
id,abl_baseonly_hybrid,3.162277660168379e-06,2400,0.5960717670006023,0.49763525261477337,0.6991090067773815,0.8341666666666666,0.26545614407539536,1.2817200950352434,0.21499617444529456
id,abl_baseonly_voc,4.216965034285822e-06,2400,0.16274945235612073,0.126303565142923,0.20054851212386438,0.9604166666666667,0.35636006839302015,1.3601847210940194,0.0045906656465187455
id,abl_baseonly_hybrid,4.216965034285822e-06,2400,0.6040672789648635,0.5071507286509045,0.7063306356155487,0.83375,0.25924540268141866,1.2173294743818708,0.21882172915072687
id,abl_baseonly_voc,5.623413251903491e-06,2400,0.1793293881265638,0.14246316552978905,0.21843483759358348,0.9558333333333333,0.3479633761885593,1.2732306186890279,0.013006885998469778
id,abl_baseonly_hybrid,5.623413251903491e-06,2400,0.6206472185785286,0.5230558879463096,0.724028984235909,0.8291666666666667,0.2518983041551462,1.1328830222072914,0.23106350420811017
id,abl_baseonly_voc,7.498942093324558e-06,2400,0.21550716305032144,0.17821736536323812,0.25225617796122496,0.9441666666666667,0.3376386452394683,1.14646995108859,0.035960214231063506
id,abl_baseonly_hybrid,7.498942093324558e-06,2400,0.6568249935810937,0.5624980832755513,0.7578038829463762,0.8175,0.24182222842973858,1.006894650338533,0.2570772762050497
id,abl_baseonly_voc,9.999999999999999e-06,2400,0.24272991605041516,0.20551641431287443,0.28195187772943153,0.93125,0.33138789649057343,1.0762116826081365,0.05967865340474369
id,abl_baseonly_hybrid,9.999999999999999e-06,2400,0.6828934433003314,0.5866822731521494,0.7827970545381063,0.805,0.2360776588826723,0.9376971658643348,0.2884468247895945
id,abl_baseonly_voc,1.333521432163324e-05,2400,0.32370500866038904,0.279474020897461,0.3662872447996105,0.9004166666666666,0.3114718802731217,0.9658587020177068,0.117061973986228
id,abl_baseonly_hybrid,1.333521432163324e-05,2400,0.7538465129059955,0.658567640771398,0.8641575173351117,0.77875,0.2237698547847982,0.8404962852180718,0.3389441469013007
id,abl_baseonly_voc,1.778279410038923e-05,2400,0.427083669274492,0.37739305976368037,0.47473452871386357,0.8641666666666666,0.27916445329658407,0.8517511337514527,0.18592195868400918
id,abl_baseonly_hybrid,1.778279410038923e-05,2400,0.8319895204348887,0.7341056159434154,0.941398531565864,0.7508333333333334,0.20585933678366528,0.750530234672251,0.39173680183626625
id,abl_baseonly_voc,2.3713737056616554e-05,2400,0.5270862835064671,0.474459808749377,0.5787307549786512,0.8283333333333334,0.24853964374173784,0.7569151880489153,0.25325172149961744
id,abl_baseonly_hybrid,2.3713737056616554e-05,2400,0.9040549190288277,0.8022453974480878,1.0153292672008976,0.7266666666666667,0.190376185805311,0.6781813412043236,0.4391736801836266
id,abl_baseonly_voc,3.1622776601683795e-05,2400,0.7133439092544481,0.6393199149363429,0.7843181349078067,0.7804166666666666,0.2064685985771222,0.6488180171218331,0.34429992348890587
id,abl_baseonly_hybrid,3.1622776601683795e-05,2400,1.0569196361534103,0.9535340117819215,1.1724500477608637,0.69125,0.16166539175244557,0.5875334259243209,0.5072685539403213
id,abl_baseonly_voc,4.216965034285822e-05,2400,0.8635730974910263,0.7908234361870523,0.9425754800104142,0.7366666666666667,0.17263493753361062,0.5744064944480791,0.43152257077276207
id,abl_baseonly_hybrid,4.216965034285822e-05,2400,1.1795777655065027,1.0741486879881872,1.301276749149103,0.6579166666666667,0.13725185319589006,0.526243993712651,0.5753634276970161
id,abl_baseonly_voc,5.623413251903491e-05,2400,1.4915927900918802,1.0304218778928163,2.3197327820272298,0.6916666666666667,0.14470234145937746,0.4933224224510044,0.523335883703137
id,abl_baseonly_hybrid,5.623413251903491e-05,2400,1.7584103080890903,1.2709784858733781,2.5724078156511667,0.6258333333333334,0.11845414033002712,0.45878980183973606,0.6442234123947972
id,abl_baseonly_voc,7.498942093324559e-05,2400,1.8288758597475647,1.3712009311646642,2.6598767198044864,0.65125,0.11969942687978313,0.3938404221535196,0.6197398622800306
id,abl_baseonly_hybrid,7.498942093324559e-05,2400,2.0283102913556545,1.5382349610779724,2.859560301362191,0.59875,0.1013894017967151,0.37277270237017246,0.7161438408569243
id,abl_baseonly_voc,0.0001,2400,2.484892850267194,1.6580638837419008,3.756699796567525,0.62375,0.10244801728183951,0.33849359010560875,0.6832440703902066
id,abl_baseonly_hybrid,0.0001,2400,2.628998956601139,1.7795597276962236,3.887410259747738,0.58375,0.09087867753206585,0.32578630700350913,0.7566947207345065
id,abl_baseonly_voc,0.0001333521432163324,2400,2.5677495620788524,1.7296071188047286,3.8431402110316424,0.6125,0.09358041333491146,0.3226198800493542,0.7061973986228003
id,abl_baseonly_hybrid,0.0001333521432163324,2400,2.679601584366528,1.82430449818821,3.948543459188921,0.5795833333333333,0.08657600258338256,0.3149261359676772,0.7666411629686305
id,abl_baseonly_voc,0.00017782794100389227,2400,2.67409709636416,1.838066642583259,3.9476408292650946,0.5833333333333334,0.08437190988574299,0.3052691523980987,0.7635807192042846
id,abl_baseonly_hybrid,0.00017782794100389227,2400,2.761555595198851,1.903889778995306,4.033255574942038,0.5645833333333333,0.08053408411347705,0.30100137863768395,0.7980107115531752
id,abl_baseonly_voc,0.0002371373705661655,2400,3.1983910465165817,2.1144973301188843,4.746257858300421,0.5554166666666667,0.07814544488948286,0.29604017586394243,0.8163733741392502
id,abl_baseonly_hybrid,0.0002371373705661655,2400,3.266320631015571,2.1572472088821,4.806674175774532,0.54875,0.07654997755516817,0.29422947232309826,0.8286151491966335
id,abl_baseonly_voc,0.00031622776601683794,2400,3.789320144820506,2.4049100827035406,5.553021284583088,0.52,0.07151383722607714,0.28742736311351413,0.881407804131599
id,abl_baseonly_hybrid,0.00031622776601683794,2400,3.7901490568323015,2.4049100827035406,5.5534564633892805,0.5195833333333333,0.07146296336589476,0.2873669018122655,0.8821729150726856
id,abl_baseonly_voc,0.00042169650342858224,2400,4.295897814189755,2.6784173754766645,6.398936768087105,0.48083333333333333,0.06563672253341761,0.2786334770943601,0.9533282325937261
id,abl_baseonly_hybrid,0.00042169650342858224,2400,4.295897814189755,2.6784173754766645,6.398936768087105,0.48083333333333333,0.06563672253341761,0.2786334770943601,0.9533282325937261
id,abl_baseonly_voc,0.0005623413251903491,2400,5.172411974268413,3.227961720325839,7.073297985945832,0.4633333333333333,0.06326847731294816,0.27205977137684084,0.9854628921193573
id,abl_baseonly_hybrid,0.0005623413251903491,2400,5.172411974268413,3.227961720325839,7.073297985945832,0.4633333333333333,0.06326847731294816,0.27205977137684084,0.9854628921193573
id,abl_baseonly_voc,0.0007498942093324559,2400,6.80311926376238,4.49794117568695,9.47363565463967,0.45916666666666667,0.06259530062942102,0.2638479182464168,0.9931140015302219
id,abl_baseonly_hybrid,0.0007498942093324559,2400,6.80311926376238,4.49794117568695,9.47363565463967,0.45916666666666667,0.06259530062942102,0.2638479182464168,0.9931140015302219
id,abl_baseonly_voc,0.001,2400,7.192982494442909,4.891869115928166,9.918655709051855,0.45708333333333334,0.06226396330646085,0.2610487753068325,0.9969395562356542
id,abl_baseonly_hybrid,0.001,2400,7.192982494442909,4.891869115928166,9.918655709051855,0.45708333333333334,0.06226396330646085,0.2610487753068325,0.9969395562356542
id,abl_baseonly_voc,0.001333521432163324,2400,8.030663642151834,5.482513080927351,11.074338516654297,0.4554166666666667,0.0619444732594499,0.26008640629974555,1.0
id,abl_baseonly_hybrid,0.001333521432163324,2400,8.030663642151834,5.482513080927351,11.074338516654297,0.4554166666666667,0.0619444732594499,0.26008640629974555,1.0
id,abl_baseonly_voc,0.0017782794100389228,2400,8.030663642151834,5.482513080927351,11.074338516654297,0.4554166666666667,0.0619444732594499,0.26008640629974555,1.0
id,abl_baseonly_hybrid,0.0017782794100389228,2400,8.030663642151834,5.482513080927351,11.074338516654297,0.4554166666666667,0.0619444732594499,0.26008640629974555,1.0
id,abl_baseonly_voc,0.0023713737056616554,2400,8.030663642151834,5.482513080927351,11.074338516654297,0.4554166666666667,0.0619444732594499,0.26008640629974555,1.0
id,abl_baseonly_hybrid,0.0023713737056616554,2400,8.030663642151834,5.482513080927351,11.074338516654297,0.4554166666666667,0.0619444732594499,0.26008640629974555,1.0
id,abl_baseonly_voc,0.0031622776601683794,2400,8.030663642151834,5.482513080927351,11.074338516654297,0.4554166666666667,0.0619444732594499,0.26008640629974555,1.0
id,abl_baseonly_hybrid,0.0031622776601683794,2400,8.030663642151834,5.482513080927351,11.074338516654297,0.4554166666666667,0.0619444732594499,0.26008640629974555,1.0
id,abl_baseonly_voc,0.004216965034285822,2400,8.030663642151834,5.482513080927351,11.074338516654297,0.4554166666666667,0.0619444732594499,0.26008640629974555,1.0
id,abl_baseonly_hybrid,0.004216965034285822,2400,8.030663642151834,5.482513080927351,11.074338516654297,0.4554166666666667,0.0619444732594499,0.26008640629974555,1.0
id,abl_baseonly_voc,0.005623413251903491,2400,8.030663642151834,5.482513080927351,11.074338516654297,0.4554166666666667,0.0619444732594499,0.26008640629974555,1.0
id,abl_baseonly_hybrid,0.005623413251903491,2400,8.030663642151834,5.482513080927351,11.074338516654297,0.4554166666666667,0.0619444732594499,0.26008640629974555,1.0
id,abl_baseonly_voc,0.007498942093324558,2400,8.030663642151834,5.482513080927351,11.074338516654297,0.4554166666666667,0.0619444732594499,0.26008640629974555,1.0
id,abl_baseonly_hybrid,0.007498942093324558,2400,8.030663642151834,5.482513080927351,11.074338516654297,0.4554166666666667,0.0619444732594499,0.26008640629974555,1.0
id,abl_baseonly_voc,0.01,2400,8.030663642151834,5.482513080927351,11.074338516654297,0.4554166666666667,0.0619444732594499,0.26008640629974555,1.0
id,abl_baseonly_hybrid,0.01,2400,8.030663642151834,5.482513080927351,11.074338516654297,0.4554166666666667,0.0619444732594499,0.26008640629974555,1.0
id,abl_baseonly_voc_seq,0.0,2400,0.03236978476214754,0.01037848424145229,0.06235987775714903,0.9970833333333333,1.3800502745515109,7.07116576801234,0.0
id,abl_baseonly_voc_seq,1e-08,2400,0.03354815885511246,0.01202446306150166,0.06364603275343479,0.9966666666666667,1.3112272948766686,6.302411613131947,0.0
id,abl_baseonly_voc_seq,1.333521432163324e-08,2400,0.03506636674142162,0.013466052773156528,0.06575664201507753,0.99625,1.2889223170799111,6.023369173242363,0.0
id,abl_baseonly_voc_seq,1.7782794100389228e-08,2400,0.036576289621448786,0.01481454899286658,0.06727151406633901,0.9954166666666666,1.2686327406964863,5.732779953747337,0.0
id,abl_baseonly_voc_seq,2.371373705661655e-08,2400,0.04120819467179325,0.019964423212124324,0.07262596700195204,0.99375,1.2434242774077013,5.4435688363260795,0.0
id,abl_baseonly_voc_seq,3.162277660168379e-08,2400,0.046921348626452815,0.024877252544677885,0.07679309900494555,0.9908333333333333,1.2114434134133873,5.096947832449005,0.0
id,abl_baseonly_voc_seq,4.2169650342858225e-08,2400,0.05616112946038453,0.033001511726251063,0.08454802978595535,0.9866666666666667,1.1775567432122223,4.665271781350242,0.0
id,abl_baseonly_voc_seq,5.6234132519034905e-08,2400,0.08303168164857218,0.05651337765888357,0.11780754328672391,0.97625,1.132597295379879,4.14636896595193,0.0
id,abl_baseonly_voc_seq,7.498942093324559e-08,2400,0.11031363106260429,0.07882058873380364,0.14447956658599753,0.9691666666666666,1.0939317191751445,3.7858814431781926,0.0
id,abl_baseonly_voc_seq,1e-07,2400,0.12337678237066775,0.09062048286292286,0.1575000605036784,0.9670833333333333,1.0557791343839764,3.4987492804398577,0.0007651109410864575
id,abl_baseonly_voc_seq,1.333521432163324e-07,2400,0.12963832358157304,0.09302415750933181,0.16485464935715718,0.9658333333333333,1.0077694169852336,3.247452633129072,0.0007651109410864575
id,abl_baseonly_voc_seq,1.7782794100389227e-07,2400,0.14055519162806704,0.10521427929232527,0.17916902651700659,0.9633333333333334,0.9509992605387557,2.9719430731570324,0.0007651109410864575
id,abl_baseonly_voc_seq,2.3713737056616554e-07,2400,0.14674316512362173,0.11040462845189306,0.185358738529201,0.9608333333333333,0.8862107303573956,2.677506962782042,0.001530221882172915
id,abl_baseonly_voc_seq,3.162277660168379e-07,2400,0.14763526538941546,0.11121632691160324,0.18651833791397812,0.9608333333333333,0.8275363134119192,2.496184970307874,0.001530221882172915
id,abl_baseonly_voc_seq,4.2169650342858225e-07,2400,0.14767697629366153,0.1112382670090299,0.18651835502752367,0.9608333333333333,0.7654901845324378,2.3297627738336786,0.001530221882172915
id,abl_baseonly_voc_seq,5.62341325190349e-07,2400,0.1477811937465515,0.11130078979124118,0.18676261244779652,0.9608333333333333,0.7175412619032956,2.1992303728549176,0.001530221882172915
id,abl_baseonly_voc_seq,7.498942093324558e-07,2400,0.147898232897968,0.11141017771043628,0.18692822669724,0.9608333333333333,0.6589384821143066,2.059506650696606,0.001530221882172915
id,abl_baseonly_voc_seq,1e-06,2400,0.1480693041093797,0.11160113844411595,0.18702718772424795,0.9608333333333333,0.6080970782551005,1.9443518855774529,0.0022953328232593728
id,abl_baseonly_voc_seq,1.333521432163324e-06,2400,0.14825745011334338,0.11179103583905718,0.18728109662889436,0.9608333333333333,0.5584778388500286,1.8428911328415962,0.00306044376434583
id,abl_baseonly_voc_seq,1.7782794100389227e-06,2400,0.14954553013646069,0.11334694204864376,0.1887684548036463,0.9608333333333333,0.5163449820686253,1.747922290612396,0.0038255547054322878
id,abl_baseonly_voc_seq,2.3713737056616552e-06,2400,0.15157180564797412,0.11572046350665319,0.19081591036518536,0.9608333333333333,0.4727182417714986,1.634247517493665,0.0038255547054322878
id,abl_baseonly_voc_seq,3.162277660168379e-06,2400,0.1547539340415895,0.11865602328643836,0.19405843012786345,0.9608333333333333,0.4414266914771656,1.5573920504124028,0.0038255547054322878
id,abl_baseonly_voc_seq,4.216965034285822e-06,2400,0.16274945235612073,0.126303565142923,0.20054851212386438,0.9604166666666667,0.41477384508962983,1.4569566393765307,0.0045906656465187455
id,abl_baseonly_voc_seq,5.623413251903491e-06,2400,0.1793293881265638,0.14246316552978905,0.21843483759358348,0.9558333333333333,0.3898733301948322,1.3393631680594658,0.013006885998469778
id,abl_baseonly_voc_seq,7.498942093324558e-06,2400,0.21550716305032144,0.17821736536323812,0.25225617796122496,0.9441666666666667,0.36570562631850667,1.1903102540756603,0.035960214231063506
id,abl_baseonly_voc_seq,9.999999999999999e-06,2400,0.24272991605041516,0.20551641431287443,0.28195187772943153,0.93125,0.3499691224786403,1.1057343093302068,0.05967865340474369
id,abl_baseonly_voc_seq,1.333521432163324e-05,2400,0.32370500866038904,0.279474020897461,0.3662872447996105,0.9004166666666666,0.3246876511237882,0.9869005618956119,0.117061973986228
id,abl_baseonly_voc_seq,1.778279410038923e-05,2400,0.427083669274492,0.37739305976368037,0.47473452871386357,0.8641666666666666,0.2889815116700181,0.8662522685751962,0.18592195868400918
id,abl_baseonly_voc_seq,2.3713737056616554e-05,2400,0.5270862835064671,0.474459808749377,0.5787307549786512,0.8283333333333334,0.2528078924418383,0.7625613669114197,0.25325172149961744
id,abl_baseonly_voc_seq,3.1622776601683795e-05,2400,0.7133439092544481,0.6393199149363429,0.7843181349078067,0.7804166666666666,0.20986045200338777,0.6534134461176685,0.34429992348890587
id,abl_baseonly_voc_seq,4.216965034285822e-05,2400,0.8635730974910263,0.7908234361870523,0.9425754800104142,0.7366666666666667,0.17448397810729002,0.5767951780843305,0.43152257077276207
id,abl_baseonly_voc_seq,5.623413251903491e-05,2400,1.4915927900918802,1.0304218778928163,2.3197327820272298,0.6916666666666667,0.14611485375225972,0.4953018961964244,0.523335883703137
id,abl_baseonly_voc_seq,7.498942093324559e-05,2400,1.8288758597475647,1.3712009311646642,2.6598767198044864,0.65125,0.12071746023142813,0.39539662100185524,0.6197398622800306
id,abl_baseonly_voc_seq,0.0001,2400,2.484892850267194,1.6580638837419008,3.756699796567525,0.62375,0.10305870433411501,0.3392829608160264,0.6832440703902066
id,abl_baseonly_voc_seq,0.0001333521432163324,2400,2.5677495620788524,1.7296071188047286,3.8431402110316424,0.6125,0.09395280120959436,0.32310032447268894,0.7061973986228003
id,abl_baseonly_voc_seq,0.00017782794100389227,2400,2.67409709636416,1.838066642583259,3.9476408292650946,0.5833333333333334,0.08437190988574299,0.3052691523980987,0.7635807192042846
id,abl_baseonly_voc_seq,0.0002371373705661655,2400,3.1983910465165817,2.1144973301188843,4.746257858300421,0.5554166666666667,0.07814544488948286,0.29604017586394243,0.8163733741392502
id,abl_baseonly_voc_seq,0.00031622776601683794,2400,3.789320144820506,2.4049100827035406,5.553021284583088,0.52,0.07151383722607714,0.28742736311351413,0.881407804131599
id,abl_baseonly_voc_seq,0.00042169650342858224,2400,4.295897814189755,2.6784173754766645,6.398936768087105,0.48083333333333333,0.06563672253341761,0.2786334770943601,0.9533282325937261
id,abl_baseonly_voc_seq,0.0005623413251903491,2400,5.172411974268413,3.227961720325839,7.073297985945832,0.4633333333333333,0.06326847731294816,0.27205977137684084,0.9854628921193573
id,abl_baseonly_voc_seq,0.0007498942093324559,2400,6.80311926376238,4.49794117568695,9.47363565463967,0.45916666666666667,0.06259530062942102,0.2638479182464168,0.9931140015302219
id,abl_baseonly_voc_seq,0.001,2400,7.192982494442909,4.891869115928166,9.918655709051855,0.45708333333333334,0.06226396330646085,0.2610487753068325,0.9969395562356542
id,abl_baseonly_voc_seq,0.001333521432163324,2400,8.030663642151834,5.482513080927351,11.074338516654297,0.4554166666666667,0.0619444732594499,0.26008640629974555,1.0
id,abl_baseonly_voc_seq,0.0017782794100389228,2400,8.030663642151834,5.482513080927351,11.074338516654297,0.4554166666666667,0.0619444732594499,0.26008640629974555,1.0
id,abl_baseonly_voc_seq,0.0023713737056616554,2400,8.030663642151834,5.482513080927351,11.074338516654297,0.4554166666666667,0.0619444732594499,0.26008640629974555,1.0
id,abl_baseonly_voc_seq,0.0031622776601683794,2400,8.030663642151834,5.482513080927351,11.074338516654297,0.4554166666666667,0.0619444732594499,0.26008640629974555,1.0
id,abl_baseonly_voc_seq,0.004216965034285822,2400,8.030663642151834,5.482513080927351,11.074338516654297,0.4554166666666667,0.0619444732594499,0.26008640629974555,1.0
id,abl_baseonly_voc_seq,0.005623413251903491,2400,8.030663642151834,5.482513080927351,11.074338516654297,0.4554166666666667,0.0619444732594499,0.26008640629974555,1.0
id,abl_baseonly_voc_seq,0.007498942093324558,2400,8.030663642151834,5.482513080927351,11.074338516654297,0.4554166666666667,0.0619444732594499,0.26008640629974555,1.0
id,abl_baseonly_voc_seq,0.01,2400,8.030663642151834,5.482513080927351,11.074338516654297,0.4554166666666667,0.0619444732594499,0.26008640629974555,1.0
id,abl_baseonly_hybrid_seq,0.0,2400,0.584535418013769,0.4879569729731712,0.6887614770965614,0.8366666666666667,0.579471930083265,2.3802572312066603,0.06885998469778118
id,abl_baseonly_hybrid_seq,1e-08,2400,0.5845354177870005,0.48795697285492334,0.6887614768697929,0.8366666666666667,0.567107449190882,2.309716699998735,0.0703902065799541
id,abl_baseonly_hybrid_seq,1.333521432163324e-08,2400,0.5845354177865988,0.4879569728545217,0.6887614768696022,0.8366666666666667,0.5631130016057021,2.2856828724183136,0.07345065034429993
id,abl_baseonly_hybrid_seq,1.7782794100389228e-08,2400,0.5845354178012995,0.4879569728626782,0.6887614768842949,0.8366666666666667,0.5605852527980609,2.267981148369954,0.07345065034429993
id,abl_baseonly_hybrid_seq,2.371373705661655e-08,2400,0.5845354166837121,0.48795697168272806,0.6887614750715304,0.8366666666666667,0.55611886608892,2.246276777791633,0.0772762050497322
id,abl_baseonly_hybrid_seq,3.162277660168379e-08,2400,0.5845354213319751,0.4879569779912667,0.6887614756686703,0.8366666666666667,0.5494522078323746,2.217243365734524,0.07804131599081866
id,abl_baseonly_hybrid_seq,4.2169650342858225e-08,2400,0.584535414193893,0.4879569695976371,0.6887614674009547,0.8366666666666667,0.5461448800564652,2.189305591422032,0.08033664881407804
id,abl_baseonly_hybrid_seq,5.6234132519034905e-08,2400,0.5845354146350263,0.4879569702687017,0.6887614680062034,0.8366666666666667,0.5405183030163253,2.145117748424121,0.08339709257842387
id,abl_baseonly_hybrid_seq,7.498942093324559e-08,2400,0.5845354029086015,0.48795696170970126,0.6887614597062724,0.8366666666666667,0.5337857286378486,2.1065688946991274,0.08798775822494262
id,abl_baseonly_hybrid_seq,1e-07,2400,0.5845353941505201,0.48795695538557177,0.6887614529825389,0.8366666666666667,0.5257805200427431,2.0591925740145327,0.0971690895179801
id,abl_baseonly_hybrid_seq,1.333521432163324e-07,2400,0.5845353671921868,0.4879569298358089,0.6887614206384518,0.8366666666666667,0.5146668957473629,2.007798279004113,0.10558530986993114
id,abl_baseonly_hybrid_seq,1.7782794100389227e-07,2400,0.5856160276960674,0.4890159361970365,0.6895087570081722,0.83625,0.500429839719903,1.9509657796045607,0.12471308339709258
id,abl_baseonly_hybrid_seq,2.3713737056616554e-07,2400,0.585616027695345,0.4890159329539609,0.6895087739478049,0.83625,0.4812728935371826,1.876043325574983,0.1384850803366488
id,abl_baseonly_hybrid_seq,3.162277660168379e-07,2400,0.5861204560793798,0.4897852104585777,0.6897483681654439,0.8358333333333333,0.46106706978517686,1.817652270482055,0.14384085692425402
id,abl_baseonly_hybrid_seq,4.2169650342858225e-07,2400,0.5861204641849095,0.4897852336537515,0.6897483875998073,0.8358333333333333,0.4376254418986317,1.7434179993145305,0.1514919663351186
id,abl_baseonly_hybrid_seq,5.62341325190349e-07,2400,0.5861204313567397,0.4897852042270205,0.6897483557055812,0.8358333333333333,0.41492545248964074,1.6842377387082434,0.15608263198163733
id,abl_baseonly_hybrid_seq,7.498942093324558e-07,2400,0.5861204278632764,0.4897852082514627,0.6897483529759298,0.8358333333333333,0.3905455616449482,1.6189839986507437,0.16526396327467482
id,abl_baseonly_hybrid_seq,1e-06,2400,0.5865206486598317,0.49035553341346466,0.6902388286557013,0.8358333333333333,0.3687193448313172,1.571131190321991,0.17368018362662585
id,abl_baseonly_hybrid_seq,1.333521432163324e-06,2400,0.5870560855715856,0.49060988100461633,0.6907875213848975,0.8354166666666667,0.3463529346316038,1.5214720603653191,0.18133129303749043
id,abl_baseonly_hybrid_seq,1.7782794100389227e-06,2400,0.5891730439819309,0.49175441234848305,0.6923939123488,0.835,0.324497930811046,1.4600718338477812,0.19204284621270085
id,abl_baseonly_hybrid_seq,2.3713737056616552e-06,2400,0.5915320359935822,0.49326495955665356,0.6941932318814291,0.835,0.3016653706930875,1.3822870674877716,0.20581484315225707
id,abl_baseonly_hybrid_seq,3.162277660168379e-06,2400,0.5955864268486437,0.4973804492594723,0.6988784707553731,0.8345833333333333,0.28582503718720315,1.32840854874652,0.21499617444529456
id,abl_baseonly_hybrid_seq,4.216965034285822e-06,2400,0.6035819382825494,0.5068978248805,0.7061000987914495,0.8341666666666666,0.2725352059130858,1.2476957989827164,0.21882172915072687
id,abl_baseonly_hybrid_seq,5.623413251903491e-06,2400,0.6206472185785286,0.5230558879463096,0.724028984235909,0.8291666666666667,0.2598209362059954,1.1483576718210466,0.23106350420811017
id,abl_baseonly_hybrid_seq,7.498942093324558e-06,2400,0.6568249935810937,0.5624980832755513,0.7578038829463762,0.8175,0.2466383539979033,1.0158017635580958,0.2570772762050497
id,abl_baseonly_hybrid_seq,9.999999999999999e-06,2400,0.6828934433003314,0.5866822731521494,0.7827970545381063,0.805,0.2390723912192657,0.943459913695151,0.2884468247895945
id,abl_baseonly_hybrid_seq,1.333521432163324e-05,2400,0.7538465129059955,0.658567640771398,0.8641575173351117,0.77875,0.22635882785262376,0.8456251304651505,0.3389441469013007
id,abl_baseonly_hybrid_seq,1.778279410038923e-05,2400,0.8319895204348887,0.7341056159434154,0.941398531565864,0.7508333333333334,0.2075725239774643,0.753122702776415,0.39173680183626625
id,abl_baseonly_hybrid_seq,2.3713737056616554e-05,2400,0.9040549190288277,0.8022453974480878,1.0153292672008976,0.7266666666666667,0.19107863290898439,0.6788696637209887,0.4391736801836266
id,abl_baseonly_hybrid_seq,3.1622776601683795e-05,2400,1.0569196361534103,0.9535340117819215,1.1724500477608637,0.69125,0.16230973708239194,0.588321639505569,0.5072685539403213
id,abl_baseonly_hybrid_seq,4.216965034285822e-05,2400,1.1795777655065027,1.0741486879881872,1.301276749149103,0.6579166666666667,0.13766298718090467,0.5268448863472349,0.5753634276970161
id,abl_baseonly_hybrid_seq,5.623413251903491e-05,2400,1.7584103080890903,1.2709784858733781,2.5724078156511667,0.6258333333333334,0.11872592402366891,0.45931275385432246,0.6442234123947972
id,abl_baseonly_hybrid_seq,7.498942093324559e-05,2400,2.0283102913556545,1.5382349610779724,2.859560301362191,0.59875,0.10156821275308751,0.37323992053767446,0.7161438408569243
id,abl_baseonly_hybrid_seq,0.0001,2400,2.628998956601139,1.7795597276962236,3.887410259747738,0.58375,0.09094863776729877,0.325850195054342,0.7566947207345065
id,abl_baseonly_hybrid_seq,0.0001333521432163324,2400,2.679601584366528,1.82430449818821,3.948543459188921,0.5795833333333333,0.08665193754893312,0.31501071824851046,0.7666411629686305
id,abl_baseonly_hybrid_seq,0.00017782794100389227,2400,2.761555595198851,1.903889778995306,4.033255574942038,0.5645833333333333,0.08053408411347705,0.30100137863768395,0.7980107115531752
id,abl_baseonly_hybrid_seq,0.0002371373705661655,2400,3.266320631015571,2.1572472088821,4.806674175774532,0.54875,0.07654997755516817,0.29422947232309826,0.8286151491966335
id,abl_baseonly_hybrid_seq,0.00031622776601683794,2400,3.7901490568323015,2.4049100827035406,5.5534564633892805,0.5195833333333333,0.07146296336589476,0.2873669018122655,0.8821729150726856
id,abl_baseonly_hybrid_seq,0.00042169650342858224,2400,4.295897814189755,2.6784173754766645,6.398936768087105,0.48083333333333333,0.06563672253341761,0.2786334770943601,0.9533282325937261
id,abl_baseonly_hybrid_seq,0.0005623413251903491,2400,5.172411974268413,3.227961720325839,7.073297985945832,0.4633333333333333,0.06326847731294816,0.27205977137684084,0.9854628921193573
id,abl_baseonly_hybrid_seq,0.0007498942093324559,2400,6.80311926376238,4.49794117568695,9.47363565463967,0.45916666666666667,0.06259530062942102,0.2638479182464168,0.9931140015302219
id,abl_baseonly_hybrid_seq,0.001,2400,7.192982494442909,4.891869115928166,9.918655709051855,0.45708333333333334,0.06226396330646085,0.2610487753068325,0.9969395562356542
id,abl_baseonly_hybrid_seq,0.001333521432163324,2400,8.030663642151834,5.482513080927351,11.074338516654297,0.4554166666666667,0.0619444732594499,0.26008640629974555,1.0
id,abl_baseonly_hybrid_seq,0.0017782794100389228,2400,8.030663642151834,5.482513080927351,11.074338516654297,0.4554166666666667,0.0619444732594499,0.26008640629974555,1.0
id,abl_baseonly_hybrid_seq,0.0023713737056616554,2400,8.030663642151834,5.482513080927351,11.074338516654297,0.4554166666666667,0.0619444732594499,0.26008640629974555,1.0
id,abl_baseonly_hybrid_seq,0.0031622776601683794,2400,8.030663642151834,5.482513080927351,11.074338516654297,0.4554166666666667,0.0619444732594499,0.26008640629974555,1.0
id,abl_baseonly_hybrid_seq,0.004216965034285822,2400,8.030663642151834,5.482513080927351,11.074338516654297,0.4554166666666667,0.0619444732594499,0.26008640629974555,1.0
id,abl_baseonly_hybrid_seq,0.005623413251903491,2400,8.030663642151834,5.482513080927351,11.074338516654297,0.4554166666666667,0.0619444732594499,0.26008640629974555,1.0
id,abl_baseonly_hybrid_seq,0.007498942093324558,2400,8.030663642151834,5.482513080927351,11.074338516654297,0.4554166666666667,0.0619444732594499,0.26008640629974555,1.0
id,abl_baseonly_hybrid_seq,0.01,2400,8.030663642151834,5.482513080927351,11.074338516654297,0.4554166666666667,0.0619444732594499,0.26008640629974555,1.0
